#timestep time dt l2_scalar linf_scalar cons_scalar dsdu_ut 
0 0.0 1.0 5.880312568471977e-19 6.5052130349130266e-18 0.0 -3.2788478545884414e-16
10 0.007711735014060919 0.0007320516873537675 0.00258182109643282 0.01357828350940482 2.7755575615628914e-16 -0.00011225412166277993
20 0.015608836799518832 0.0008596711643509163 0.004809210822812236 0.021365476798663185 9.43689570931383e-16 -0.0002772662463584402
30 0.025373390103793927 0.0010668338956690345 0.007275081171021188 0.031242624359448135 1.4432899320127035e-15 -0.00045941129650959965
40 0.03681896620615971 0.0012007491183439528 0.009972615585963227 0.044987975591183504 1.887379141862766e-15 -0.0008798438345521767
50 0.04954094112094215 0.0013403222255604628 0.012514749297959295 0.05732557096692259 2.3869795029440866e-15 -0.0016528914318013617
60 0.06410285830582087 0.0015462368057693947 0.014794344429230596 0.07045422460197792 2.9976021664879227e-15 -0.002410272617815679
70 0.07997996834666565 0.001618337665706279 0.016750334310371023 0.0834183027049944 3.3861802251067274e-15 -0.0030771585365722263
80 0.09711720360397667 0.0017926502900107474 0.018315420186796456 0.09049537282609754 3.941291737419306e-15 -0.003845967455881396
90 0.11509052988612667 0.0017992942046191668 0.019346053007296273 0.09335949848825142 4.551914400963142e-15 -0.0044994146716497985
100 0.13359629173826945 0.0018895086659741832 0.019949361418303384 0.09672865880955694 5.051514762044462e-15 -0.004811347973448036
110 0.15257554500553214 0.0019087974366133178 0.02035444992969163 0.09231987179719647 5.551115123125783e-15 -0.0048433169619897225
120 0.17192775299992122 0.0019487836488229044 0.020737546873871207 0.08100109636945241 5.995204332975845e-15 -0.004738421701708229
130 0.1914546958501838 0.0019574621390349035 0.021161208770996594 0.08895214587953859 6.439293542825908e-15 -0.004683720148320306
140 0.2110738890660227 0.001965016528027207 0.02155935327487787 0.09935109263541908 6.8833827526759706e-15 -0.004747245390185151
150 0.23082384055255195 0.0019851633927971987 0.02184444980756215 0.10058673761253278 7.382983113757291e-15 -0.0048367431120005825
160 0.250816833175054 0.002011956471798942 0.02200489712316759 0.09291517752368239 8.1601392309949e-15 -0.004845118818600384
170 0.27108757453066384 0.00203801172373506 0.022116724472993902 0.09087503042576395 8.326672684688674e-15 -0.004742149413982951
180 0.291584724270695 0.0020582563333938096 0.02228692421009847 0.08076306497430663 8.992806499463768e-15 -0.00460517568322257
190 0.3122085987445981 0.0020639146743964723 0.02255522563974036 0.08261270628467798 9.603429163007604e-15 -0.0045442809160675685
200 0.332887803850937 0.0020731040793381256 0.022862426159021097 0.09355428517701259 1.0047518372857667e-14 -0.0045855542148819815
210 0.3537229905222617 0.002093950885249498 0.023118067631123642 0.09795555491172336 1.0436096431476471e-14 -0.004656111975406179
220 0.37481079489771807 0.002119691454369273 0.023288490093420173 0.09606705059351084 1.0880185641326534e-14 -0.004663071347483545
230 0.39610448271881515 0.002137103832509472 0.023431124483560887 0.09505910741108015 1.1379786002407855e-14 -0.004580456109139043
240 0.4175656732097682 0.002152247846486683 0.023641676320073603 0.08460863060589674 1.1934897514720433e-14 -0.0044747321001796184
250 0.4391370994671338 0.0021610281658316576 0.02395402643593897 0.09253446218019434 1.2490009027033011e-14 -0.0044318954138911765
260 0.4608097503053924 0.0021738785105534755 0.02431104132366067 0.09949896389866031 1.2989609388114332e-14 -0.004458442284829984
270 0.48268334881545094 0.0021992747723386446 0.024634347484137783 0.0983174380826829 1.354472090042691e-14 -0.00448381424108752
280 0.504778528380972 0.0022159098809897033 0.024907914743475267 0.10423673947538314 1.3988810110276972e-14 -0.00444296943271893
290 0.5270243462923289 0.0022330225831010716 0.02519524225803707 0.10089683858827347 1.459943277382081e-14 -0.004344628300028101
300 0.5494527564662369 0.002249315521528379 0.025570473672436606 0.09312279860829809 1.509903313490213e-14 -0.00426211649725626
310 0.5719979975234045 0.002258990317615977 0.02603507655980067 0.10298180735099227 1.554312234475219e-14 -0.004244642680434622
320 0.5946844565380512 0.002278387940546756 0.02652321566173162 0.1039451611388299 1.5931700403370996e-14 -0.004263199930311311
330 0.6175802223748728 0.002297087401955326 0.026978365563732714 0.10728313007482371 1.6486811915683575e-14 -0.004254909238965304
340 0.6406331346958867 0.0023133355424880347 0.027414868683280275 0.11085983246635012 1.6930901125533637e-14 -0.004194390458404562
350 0.6638917924340604 0.0023354010454970037 0.027901023356174785 0.1014125969301608 1.759703494030873e-14 -0.004127250601904717
360 0.6873018856302896 0.0023434636986392502 0.028467917396671538 0.10774030070255058 1.7985612998927536e-14 -0.004114185414602015
370 0.7107868904770167 0.002355388685110548 0.029066629330957695 0.10982314236868573 1.8318679906315083e-14 -0.004151812346042429
380 0.7344516157895775 0.0023745204463220112 0.02962518326303928 0.10570420992882334 1.892930256985892e-14 -0.004184446860268471
390 0.7582837015009875 0.002391678589745419 0.030119857532854368 0.1147756787800579 1.965094753586527e-14 -0.004173812606382689
400 0.7823365281996405 0.002415327873449524 0.030594806520269656 0.1088813905611059 1.9984014443252818e-14 -0.004147321160878632
410 0.8065274178538454 0.0024191735992641775 0.031087257346462078 0.11446719260171445 2.0372592501871623e-14 -0.0041555924929999625
420 0.8307362066576396 0.002425602591145637 0.031572381664667526 0.1165510796387823 2.1038726316646716e-14 -0.004194280717134898
430 0.85510332300946 0.0024456295899143005 0.03199671865715687 0.10592888251332899 2.170486013142181e-14 -0.0042139158400263796
440 0.8796606628260978 0.0024652137349607316 0.032342658723927616 0.11230479795028137 2.1926904736346842e-14 -0.0041847238514062315
450 0.904444921200651 0.0024866819081196256 0.03265986350014728 0.10841022096566433 2.2593038551121936e-14 -0.004131600416981458
460 0.9293037156523485 0.0024828571557942566 0.033008671076396295 0.12034483602675372 2.2870594307278225e-14 -0.004090051383095705
470 0.9541465682814924 0.0024896788237294526 0.03340008882392974 0.12088625948127585 2.353672812205332e-14 -0.004051545676898073
480 0.979162011980016 0.002511089218867103 0.033806606499775946 0.11648187217414274 2.4091839634365897e-14 -0.003988235079550025
490 1.0043912656835465 0.0025335051937822634 0.03421742671442115 0.13075132885406304 2.453592884421596e-14 -0.0038987100995008525
500 1.029821564836373 0.0025461794892593314 0.03467446403950873 0.1268392031242499 2.5091040356528538e-14 -0.0038115664580117437
510 1.0552313514304303 0.002537107407646821 0.03522346562123042 0.1254787370135988 2.5479618415147343e-14 -0.003744997962447897
520 1.0806519660391918 0.0025502820914418216 0.035859801602357765 0.1224900396100822 2.6145752229922437e-14 -0.003689415762379453
530 1.1062842970542481 0.0025733723913708953 0.03653390974744142 0.1364345410077047 2.65898414397725e-14 -0.0036372332669720583
540 1.132143222703548 0.002595518497620174 0.03720723889194416 0.14998069560840432 2.681188604469753e-14 -0.003596507397276084
550 1.1581218264259294 0.002594763410034594 0.03789095277254583 0.14377986433021073 2.758904216193514e-14 -0.0035770113708280572
560 1.1840155384626896 0.0025889549868145373 0.038602227661948575 0.1332684323856701 2.7922109069322687e-14 -0.003571379111474969
570 1.210013822404382 0.0026109187140070426 0.03932280665016909 0.12445119174865737 2.842170943040401e-14 -0.0035683211018273948
580 1.2362533015385595 0.0026343801886801158 0.04000287986477556 0.13378867356521762 2.892130979148533e-14 -0.0035696455528976155
590 1.2627004274071312 0.0026493376096149057 0.04062346181166595 0.14411400063399682 2.936539900133539e-14 -0.0035797950624853114
600 1.2891351527150132 0.0026372031675731353 0.041217276877142425 0.13554273032447084 3.0031532816110484e-14 -0.0035898085488829915
610 1.315524473740168 0.0026460245994676637 0.04181883917767686 0.13859534735831203 3.058664432842306e-14 -0.0035852485301208466
620 1.3421302873893735 0.0026718771893380535 0.042418394181634324 0.12174252268626085 3.108624468950438e-14 -0.003572229686147385
630 1.3689721337203746 0.0026936063695940896 0.04298050670439149 0.14262828883923395 3.164135620181696e-14 -0.003567509864186141
640 1.3959294018952064 0.0026917817316924678 0.04350920384802578 0.14679595272144108 3.2029934260435766e-14 -0.0035665982649343425
650 1.4227771993520335 0.0026839127768549806 0.0440470747686937 0.14536318816487925 3.2585045772748344e-14 -0.003545628018744567
660 1.4497385362235198 0.0027081911039467076 0.04461891746709258 0.1386722416904107 3.314015728506092e-14 -0.0035037566988592233
670 1.4769497677483912 0.002731221978495572 0.045196036597081324 0.13391296431046018 3.3584246494910985e-14 -0.0034707050652084993
680 1.5043543573444917 0.0027435659654693376 0.04574776986747024 0.15349199486129195 3.4139358007223564e-14 -0.0034573680889790227
690 1.53170987300601 0.002728666571823368 0.04629408499612563 0.14825240667437178 3.4583447217073626e-14 -0.003435151826114532
700 1.5590424180510756 0.0027429841209263848 0.046876046533112496 0.1503869391149858 3.5138558729386205e-14 -0.0033862927128026268
710 1.586618580380534 0.0027678513459780205 0.04749232078700304 0.1329309417250597 3.547162563677375e-14 -0.0033407117892680725
720 1.6144080828814957 0.0027868673929252697 0.048099739595944636 0.15095708920996387 3.602673714908633e-14 -0.003328779992220041
730 1.6422538544100123 0.0027776997692826317 0.04868771776988694 0.15952634985758873 3.6692870963861424e-14 -0.003329965892864925
740 1.6699886321468427 0.002777002094191398 0.049290173747864596 0.15726538354737107 3.7192471324942744e-14 -0.00330959445625014
750 1.6979148463731966 0.0028047795486836505 0.049927447707274496 0.14715009037395288 3.774758283725532e-14 -0.0032827830902684967
760 1.72606596307641 0.0028235465488565 0.050560434315888636 0.1395759783349605 3.83026943495679e-14 -0.003290169791798518
770 1.754346761392403 0.0028256824567354628 0.051150725563560935 0.16149668348336832 3.852473895449293e-14 -0.0033243763347116867
780 1.7825123290129892 0.002813543378951153 0.05171096032743728 0.16040011030159218 3.9246383920499284e-14 -0.003336732785011631
790 1.8107757872294776 0.002839560521343709 0.05227442763046217 0.15981121599643722 3.985700658404312e-14 -0.0033184369202555568
800 1.8392808974673729 0.0028578902488154813 0.052826539019112086 0.14624528299377904 4.0245584642661925e-14 -0.0033115535921327314
810 1.86793716140523 0.002868128346706578 0.05332921899349183 0.15350660536478933 4.08006961549745e-14 -0.0033276463278021696
820 1.8965288929756163 0.0028521517931976424 0.05379110768874577 0.15876563791692755 4.118927421359331e-14 -0.0033188006373672603
830 1.9251239449644941 0.002871583583593222 0.054263123774631314 0.16776215899979263 4.1466829969749597e-14 -0.003260047362554452
840 1.9539692485161129 0.0028917219692140873 0.05476514341572844 0.15334711002152546 4.2299497238218464e-14 -0.003195363385334606
850 1.9829608262513845 0.002904212763252172 0.05526972999101393 0.16125397985472578 4.2743586448068527e-14 -0.0031614865098761992
860 2.011946467412836 0.00289076759575722 0.055772388734117086 0.17691895767367471 4.324318680914985e-14 -0.003125374711258599
870 2.0408693354512413 0.0029011805064970706 0.056312762912364374 0.17190955062843394 4.368727601899991e-14 -0.003052833203821273
880 2.070028403197637 0.0029241584152877526 0.05691519278750853 0.15769587569814691 4.4020342926387457e-14 -0.002980175109096873
890 2.09932857393915 0.0029351357696051797 0.05754360598125484 0.1660486505231974 4.4797499043625066e-14 -0.0029548270076081066
900 2.128662296564869 0.0029271329811447026 0.058164256144303386 0.19143748804735605 4.524158825347513e-14 -0.0029518556166363797
910 2.1579056668501146 0.0029295591016162146 0.058788787230762515 0.1832388411747533 4.5574655160862676e-14 -0.0029233307980003416
920 2.187352836303086 0.0029541114356576173 0.059437445920836524 0.16830631637308247 4.618527782440651e-14 -0.002887730602943048
930 2.216937783786635 0.0029624844172620006 0.06007851414369771 0.15226870564114714 4.6629367034256575e-14 -0.0028923850544859747
940 2.2465731195208667 0.0029596751904188983 0.060676726597316065 0.18144243732166776 4.707345624410664e-14 -0.002919874581449726
950 2.2761200241748303 0.002956861190245441 0.061244840500774465 0.18087500728709782 4.7628567756419216e-14 -0.002916087413866857
960 2.3058312850709752 0.002981220766044257 0.06181903254326877 0.17705743905729154 4.8128168117500536e-14 -0.0028887145457872666
970 2.3356796485597453 0.002987427117709056 0.062389669928052276 0.16263489507371287 4.8627768478581856e-14 -0.0028887426923834697
980 2.3655766600380814 0.002988026596817996 0.06292914776275689 0.18052571443478382 4.907185768843192e-14 -0.002910034778558406
990 2.395404514020469 0.002982961564292041 0.06344807300750496 0.1868542250177314 4.96269692007445e-14 -0.002898892265988594
1000 2.425358612621214 0.0030053581621589144 0.06398333917024927 0.18401738550888336 5.0237591864288333e-14 -0.002856497220054894
1010 2.455445947240692 0.003010270217567816 0.0645319890754877 0.16980933536580722 5.0681681074138396e-14 -0.002836132220089831
1020 2.4855739504439773 0.0030126831018642756 0.06506464871445916 0.181206785038462 5.112577028398846e-14 -0.0028409917355219933
1030 2.5156568652237716 0.0030075306050509542 0.06558395879161126 0.1935623816186942 5.168088179630104e-14 -0.002820283821776368
1040 2.54583658557353 0.0030273113210957194 0.06612228225212512 0.18994462120575162 5.2235993308613615e-14 -0.002770503571194906
1050 2.576141238992488 0.0030312390380901363 0.0666800448754264 0.17566068464907902 5.2791104820926193e-14 -0.002744059967477161
1060 2.6064777543923228 0.0030346435297121752 0.06722796851825821 0.18081410217830518 5.3179682879545e-14 -0.002750057234648943
1070 2.636793192164272 0.0030305086205409497 0.0677629640160968 0.19829756111441943 5.3790305543088834e-14 -0.002740787433689341
1080 2.667182142087998 0.003047069821871326 0.06831180148768774 0.19528083437792598 5.4067861299245124e-14 -0.0027083793838125264
1090 2.697683972387257 0.0030505560386899196 0.06887467994373846 0.18131208170002255 5.484501741648273e-14 -0.002700597928984951
1100 2.728211079352617 0.0030544117243486994 0.06942021202945836 0.17832501960485658 5.512257317263902e-14 -0.002726131024074173
1110 2.7587379945271135 0.003051735523629047 0.06993911891958358 0.20004439023810694 5.551115123125783e-14 -0.002736217888740428
1120 2.7893247243849806 0.0030657805672237946 0.07045217693811179 0.20052539391195567 5.595524044110789e-14 -0.002717710785264178
1130 2.820008941837506 0.003068346415774543 0.07096123727923927 0.19067925217240944 5.684341886080802e-14 -0.0027129363092478443
1140 2.8507133543023144 0.0030727366360117658 0.07144189012722203 0.172434353238896 5.723199691942682e-14 -0.0027295380666225687
1150 2.881434482557099 0.0030713788178946275 0.07189292877645151 0.1975212416598059 5.800915303666443e-14 -0.0027214047636162993
1160 2.9122056906191305 0.003083339055973283 0.0723439448403442 0.20454249425442084 5.839773109528323e-14 -0.0026777955890587624
1170 2.943062635716951 0.003085500001695428 0.07280872782067126 0.19157863441849377 5.867528685143952e-14 -0.0026426160724693595
1180 2.973938771590816 0.0030903862794208633 0.07327331040227003 0.18434086344670764 5.92303983637521e-14 -0.0026279672487357006
1190 3.004846485179725 0.003090290224191717 0.07373950341090635 0.21182278159355483 5.972999872483342e-14 -0.0025954044519436877
1200 3.035793785023233 0.0030999319493955593 0.0742319788768141 0.2074453696772507 6.022959908591474e-14 -0.0025390625544503957
1210 3.0668164743381894 0.003102159369672746 0.07475678967261461 0.19090829851161017 6.039613253960852e-14 -0.0025017213203478426
1220 3.09786203971903 0.0031078112266261365 0.0752904005858092 0.19482623948193234 6.117328865684613e-14 -0.002493380714596622
1230 3.1289501221629057 0.0031083633514388054 0.07582205969405921 0.22375060155111193 6.183942247162122e-14 -0.002476096227983719
1240 3.160070237310638 0.0031165967535836457 0.07636219058100852 0.21156597357856355 6.222800053024002e-14 -0.00244281632112911
1250 3.1912574932480977 0.003118598776114204 0.07690774934469438 0.19554049169030785 6.272760089132134e-14 -0.0024302511348446823
1260 3.222472267625923 0.0031252444919973536 0.0774345039239575 0.18727373366182454 6.317169010117141e-14 -0.002442466077053181
1270 3.253736402810909 0.0031257914595174707 0.07793670605382037 0.21682202216064417 6.389333506717776e-14 -0.002441246014619455
1280 3.285026260796352 0.003133224796376622 0.07843163561724519 0.2154355910901845 6.417089082333405e-14 -0.002421241076022205
1290 3.3163783392396864 0.003135209543358146 0.07892515444409637 0.2009229200883711 6.478151348687788e-14 -0.0024168974617944693
1300 3.3477650927373293 0.0031427773723476746 0.079403194206366 0.19085747193238878 6.52811138479592e-14 -0.0024292044334702084
1310 3.379201869407366 0.003142829817587689 0.07986684580290263 0.2200285294033999 6.583622536027178e-14 -0.0024225664688760674
1320 3.41066137261094 0.003150106513224343 0.0803342202077329 0.2186810582888007 6.644684802381562e-14 -0.0023964054252637625
1330 3.4421800988005837 0.003152053914580844 0.0808089538213372 0.20482550738014083 6.677991493120317e-14 -0.0023846777325319283
1340 3.4737431101493157 0.003160628063917552 0.08127662086934676 0.19694158222623137 6.7390537594747e-14 -0.002386128326994168
1350 3.505350793292097 0.0031596811104615662 0.08173731667388412 0.22465874445096745 6.772360450213455e-14 -0.0023686750275560297
1360 3.536983348779288 0.0031677212014000994 0.08220635864977278 0.22144532047287524 6.827871601444713e-14 -0.0023369788888581156
1370 3.568674741139911 0.0031695736872980255 0.08268401316745173 0.20820655890725337 6.855627177060342e-14 -0.002323759178226449
1380 3.600419346187653 0.0031786889106317022 0.08315601138049421 0.20297675427410966 6.922240558537851e-14 -0.002324331170830851
1390 3.632199912330889 0.0031769177799166326 0.0836226398705361 0.2281021701478384 6.972200594645983e-14 -0.0023095189123197666
1400 3.664009043085155 0.0031851012777089423 0.08409632249996235 0.2236165680978387 7.033262861000367e-14 -0.002288075502969265
1410 3.6958737481802593 0.0031875627162846662 0.08457287711353846 0.21134071529872211 7.088774012231625e-14 -0.0022884530147570933
1420 3.7278011161566353 0.0031964516374878653 0.08503654234462471 0.20790003657843537 7.133182933216631e-14 -0.0022992585218395215
1430 3.7597501845403904 0.0031941425133893094 0.0854864210879624 0.22923209746291262 7.216449660063518e-14 -0.0022925993908952946
1440 3.791743920554026 0.0032032619512742423 0.08593182433855856 0.22510752477467932 7.227551890309769e-14 -0.002279978812023153
1450 3.8237853097767016 0.0032058838824184153 0.08636685464006866 0.215289570823763 7.288614156664153e-14 -0.0022840863500460714
1460 3.8558959244595368 0.0032134059552031027 0.0867818699190941 0.21054192572201136 7.34412530789541e-14 -0.002287959596224222
1470 3.8880105319661413 0.0032121520280555638 0.0871850266561695 0.228904834795697 7.388534228880417e-14 -0.0022688614513028784
1480 3.920191295350141 0.0032213828476988075 0.0875930118748057 0.22497574250026275 7.432943149865423e-14 -0.0022443685447970044
1490 3.9524142955802 0.0032249400157507535 0.0880057620897219 0.21630991761322838 7.488454301096681e-14 -0.002234274849611611
1500 3.984706664145478 0.003230009054893007 0.08842050809776575 0.22766431948029897 7.532863222081687e-14 -0.002220309950445849
1510 4.016995826871431 0.0032312832249407055 0.08884690059539384 0.23746686947120887 7.588374373312945e-14 -0.0021880978788883544
1520 4.049365120333916 0.0032393034370691892 0.08929479780795516 0.22258828180054657 7.654987754790454e-14 -0.0021601494248062103
1530 4.0817735096986665 0.0032441870756026066 0.08975394887766101 0.2179151589214564 7.682743330406083e-14 -0.0021502565338967364
1540 4.114244707662843 0.0032464124630102228 0.09021387153725893 0.2408483526073535 7.754907827006718e-14 -0.0021371026548644687
1550 4.146717351014289 0.003251490172530253 0.09067564296325657 0.2427460579081071 7.793765632868599e-14 -0.0021122878059756395
1560 4.179277346565589 0.0032570013488412704 0.09113941559975389 0.2244914185984911 7.854827899222983e-14 -0.002098519290499939
1570 4.211874256709143 0.0032635609834783842 0.09159157000534728 0.21336494884055357 7.899236820207989e-14 -0.002100247974223321
1580 4.244519055271251 0.003262978434224662 0.09202696710894849 0.23865286449505496 7.943645741192995e-14 -0.0020939611766022533
1590 4.277185693290531 0.0032720981403589404 0.09245438960820973 0.2421370780042451 7.993605777301127e-14 -0.0020780661129143124
1600 4.309932551193632 0.003274924743445264 0.09287881402887278 0.2275549955747831 8.049116928532385e-14 -0.0020741728574937973
1610 4.342720171664445 0.003282249017996712 0.09329396712446311 0.20887957819405556 8.104628079763643e-14 -0.002078421187428632
1620 4.375534819333692 0.0032808390533527196 0.09370175236059362 0.2446820377108503 8.149037000748649e-14 -0.0020691574469792664
1630 4.408404564291533 0.003292185885651993 0.09411253833119962 0.2430471736571317 8.198997036856781e-14 -0.002053037229885286
1640 4.441333778327723 0.003293630932678514 0.09452632363205901 0.23068609896182257 8.248957072964913e-14 -0.0020491712119836956
1650 4.474311283064058 0.003299754244574476 0.09493598507780268 0.22335294521757476 8.310019339319297e-14 -0.0020470343213569407
1660 4.507301760130353 0.0033008187251958193 0.09534367808459966 0.24926739444001023 8.3322237998118e-14 -0.0020302754843540727
1670 4.540379594121477 0.003311337369325773 0.09575755198409801 0.24097379676953867 8.415490526658687e-14 -0.0020128902788446408
1680 4.573491761957244 0.0033130722531984434 0.09617322391320185 0.2307745268299508 8.465450562766819e-14 -0.0020087239328743407
1690 4.606655462957987 0.003316834191279733 0.09658490619450637 0.23677455564213767 8.487655023259322e-14 -0.0020023316759089135
1700 4.639837783449935 0.003322514224131301 0.09699602037266356 0.24988306817176797 8.548717289613705e-14 -0.001984894026442653
1710 4.673111985663941 0.0033282920631863963 0.097410894789975 0.23719854252483363 8.604228440844963e-14 -0.0019743666252312435
1720 4.706406522700942 0.0033322846822895925 0.09782099943704496 0.2271282169412676 8.64863736182997e-14 -0.0019758758685836835
1730 4.739747730584905 0.003333677134396492 0.09822067388011421 0.2465811759528027 8.693046282814976e-14 -0.0019710908000359754
1740 4.773136064594913 0.003344686300241778 0.09861299052022222 0.2536909736973225 8.737455203799982e-14 -0.001959055926125959
1750 4.80659425640089 0.0033450342129564092 0.09899848590667167 0.2461355748987646 8.826273045769994e-14 -0.001956772868471095
1760 4.840076923330667 0.0033512155250520156 0.09937087298774411 0.2194926593028913 8.870681966755001e-14 -0.0019595045003743495
1770 4.873591160552492 0.0033526582352375045 0.0997326236700413 0.25135718087608383 8.892886427247504e-14 -0.0019505746335665474
1780 4.907190882996257 0.0033640011234963765 0.10009492368185358 0.2539085963565796 8.920642002863133e-14 -0.0019374549794337118
1790 4.940821788330003 0.00336351323387933 0.10046189869206987 0.24366880366996135 8.998357614586894e-14 -0.0019333459716498994
1800 4.974492337229056 0.003368787435673125 0.10083342343961729 0.23769062464917545 9.053868765818152e-14 -0.0019270761231942302
1810 5.008196447735443 0.003374811260708087 0.10121472420301798 0.26258820156543683 9.098277686803158e-14 -0.0019091672320761131
1820 5.04199637975634 0.003380791905067587 0.10161144684949881 0.24830065984746696 9.14823772291129e-14 -0.0018936298775504628
1830 5.0758021275889975 0.003382712346232162 0.10201665436871887 0.24217362248391305 9.209299989265674e-14 -0.0018867418540550165
1840 5.109657280622744 0.0033862940470970257 0.10242289918378776 0.25663773254980404 9.237055564881302e-14 -0.0018744838199016508
1850 5.143570471110253 0.0033971016909102912 0.1028287615512547 0.26286266485471055 9.29256671611256e-14 -0.0018560618950715052
1860 5.177549417140354 0.003396429027196104 0.1032316962125565 0.24755928068262556 9.342526752220692e-14 -0.0018461604208438024
1870 5.211540992711019 0.0034023659652270702 0.10362347127028507 0.23476379772729938 9.375833442959447e-14 -0.001841860724137777
1880 5.2455810019667695 0.003406165057297537 0.10400300331233119 0.26033848138060733 9.43689570931383e-14 -0.0018303932291793027
1890 5.2797092829320835 0.00341611888726578 0.1043766315034242 0.2618155220643352 9.492406860545088e-14 -0.0018184644423878456
1900 5.31385386195924 0.003414638871994951 0.10474580551383346 0.24956294257156086 9.547918011776346e-14 -0.0018160018839578186
1910 5.3480376808681 0.003420652348632379 0.10510937923035031 0.23912488341466165 9.586775817638227e-14 -0.0018129798061402571
1920 5.382275074706263 0.003428748274662462 0.10547115335625616 0.2660706889620982 9.64783808399261e-14 -0.0018025250779935258
1930 5.41659850006182 0.003431681044110487 0.10583613178790148 0.25482549056960635 9.703349235223868e-14 -0.0017957305796687285
1940 5.450916428022845 0.003434457588587391 0.10620114923258989 0.2463613742838292 9.753309271332e-14 -0.0017947494393623742
1950 5.4852923483058476 0.0034394631035609214 0.10656461339649652 0.259487937198152 9.803269307440132e-14 -0.0017874898883125418
1960 5.519745402374964 0.0034505492564493798 0.10692990334212737 0.2686614214291644 9.853229343548264e-14 -0.001775247225911769
1970 5.55423867640527 0.0034475696612374365 0.10729814932888465 0.25416020239704773 9.880984919163893e-14 -0.0017687368140124355
1980 5.588751127252721 0.003454753775261937 0.1076653991440127 0.2374054703180416 9.947598300641403e-14 -0.0017629304514653983
1990 5.623326675352054 0.0034613617770891804 0.10803144749686149 0.27094677648994003 1.0014211682118912e-13 -0.0017497253750851389
2000 5.657988212622441 0.003467018937612907 0.10839877522815486 0.2664497795261611 1.0058620603103918e-13 -0.001737525412516346
2010 5.692641490814329 0.0034668503306888613 0.10876359626539191 0.2552947286461752 1.0097478408965799e-13 -0.0017322347554136921
2020 5.727353139832891 0.0034734323094039914 0.1091210965426924 0.25328824080538803 1.0114131754335176e-13 -0.0017250214736046813
2030 5.762141867708293 0.0034845781410410034 0.10947084310913895 0.2716451914636402 1.0202949596305189e-13 -0.0017146351995407693
2040 5.79697888245085 0.003481211341448227 0.1098132150862139 0.2649411387753602 1.0241807402167069e-13 -0.0017106715657064838
2050 5.831819101520596 0.0034877518849523803 0.11014542468258687 0.24550698331354615 1.031952301389083e-13 -0.0017108477537246549
2060 5.866727152289432 0.0034941479856661593 0.1104695968906761 0.26957073126026454 1.0330625244137082e-13 -0.0017064458228411947
2070 5.901730409182238 0.0035017674832483543 0.11079349718487126 0.27431824275283256 1.0413891970983968e-13 -0.0017018291395894459
2080 5.936722859275854 0.003499930912116286 0.11112194859661524 0.263793831612954 1.0452749776845849e-13 -0.0017021016664440132
2090 5.971767876863455 0.003507517804019836 0.11145747333531457 0.25334088287348133 1.0519363158323358e-13 -0.0016995400081516406
2100 6.006891018556422 0.003517724466394955 0.11180360399934838 0.2818278776784122 1.0558220964185239e-13 -0.0016910044289008565
2110 6.042070655242868 0.0035154749705158203 0.11216184935331068 0.26386604370697075 1.0591527654923993e-13 -0.001684173791558487
2120 6.077245039222513 0.0035212212620921207 0.112526202047586 0.2604033208962845 1.0641487691032125e-13 -0.0016786048835852837
2130 6.112497190170119 0.0035285296714261598 0.11289074964132345 0.2762941881010774 1.0696998842263383e-13 -0.0016675335127813383
2140 6.147839921220713 0.003535982608729327 0.11325243219273994 0.2794373782870416 1.0735856648125264e-13 -0.0016549141827789402
2150 6.183173041632496 0.0035335865119083035 0.11360691565952763 0.26638055881345 1.0774714453987144e-13 -0.001646635035239109
2160 6.218558285573016 0.003542159422445743 0.11395065330863358 0.2455660820450688 1.0869083411080283e-13 -0.0016377655116379297
2170 6.254028378308606 0.00355226650144631 0.11428499428965419 0.27993648072140676 1.0907941216942163e-13 -0.0016260948647792714
2180 6.289551013995889 0.0035495607758379063 0.11461427243936344 0.27011852308439677 1.0952350137927169e-13 -0.0016181920192368127
2190 6.325065590408123 0.0035553286805213896 0.11493965108058958 0.2616014550385537 1.1007861289158427e-13 -0.0016139737210496856
2200 6.360664387832791 0.003563534060953697 0.1152629242038092 0.2749104708268991 1.1063372440389685e-13 -0.0016076248965715603
2210 6.396353786916095 0.003570230313785184 0.11558742720933718 0.28397194089957 1.1107781361374691e-13 -0.0016015013152514074
2220 6.432028094294519 0.0035679717874601974 0.11591366695646929 0.27107107754558557 1.11743947428522e-13 -0.0015992080744271363
2230 6.467759774226627 0.0035771433021937306 0.11624028150099948 0.25126416409179575 1.1207701433590955e-13 -0.0015957042092732009
2240 6.503582514946985 0.003587072494638624 0.11656761882603196 0.2870062417311182 1.1252110354575962e-13 -0.0015884442731567386
2250 6.539449653258793 0.0035837017307416095 0.11689724102299746 0.2737637026398978 1.1307621505807219e-13 -0.001581887916415477
2260 6.5753129883622545 0.0035908531981624432 0.11722757443387674 0.26569161624721727 1.1363132657038477e-13 -0.0015753513816950133
2270 6.611270044646659 0.0035998575368196323 0.11755770660712825 0.280764160753859 1.1407541578023483e-13 -0.0015646732895856193
2280 6.647310275655292 0.003604115397776138 0.11788793668122503 0.28770272355349824 1.1468603844377867e-13 -0.001552953843054949
2290 6.683325968775154 0.0036029941936146395 0.11821609198208739 0.27425403772162393 1.1518563880486e-13 -0.0015440968786499332
2300 6.719413335445625 0.00361259601660579 0.11853853068402644 0.25812634069871787 1.155742168634788e-13 -0.0015354180229265016
2310 6.755600045350619 0.0036235307577331326 0.11885317347388988 0.29033633008039095 1.1629586182948515e-13 -0.001526709758148183
2320 6.791803863080973 0.0036173486593379283 0.11915948321593563 0.2794357805863503 1.1668443988810395e-13 -0.0015223753096928515
2330 6.82802084575439 0.003626432045330479 0.11945685964216757 0.2662464242555246 1.1723955140041653e-13 -0.00152153842076317
2340 6.864333694416201 0.0036362647959775917 0.11974779650802318 0.2868846897881 1.176836406102666e-13 -0.0015205373799518243
2350 6.900726573397865 0.003637271376931194 0.12003867224466147 0.2905126591145659 1.1796119636642288e-13 -0.0015208046153737998
2360 6.9370874448670214 0.0036389334333768444 0.1203348720434741 0.28060476255631006 1.1851630787873546e-13 -0.0015230600898206053
2370 6.97353586709199 0.003649003513553687 0.12064026304192459 0.27388933562881124 1.1918244169351055e-13 -0.001523278844272176
2380 7.010083736814654 0.003657381926558595 0.12095712669999471 0.2972892332189193 1.1962653090336062e-13 -0.001520481736192161
2390 7.046620062280464 0.0036523955402997838 0.12128413598185324 0.28345939449625956 1.2040368702059823e-13 -0.001517103617578064
2400 7.083200897877627 0.0036631512044932326 0.12161580653394491 0.2723136947366571 1.2090328738167955e-13 -0.001511825237412405
2410 7.119886873793258 0.003673747784816857 0.12194603792884798 0.2956491727653975 1.2118084313783584e-13 -0.0015029803069144983
2420 7.156616991051281 0.003669562784587654 0.1222705014201085 0.29001759735789556 1.2168044349891716e-13 -0.0014933632047429593
2430 7.193333015231342 0.0036760983212417225 0.1225856276166236 0.28044113433401396 1.2218004385999848e-13 -0.0014844839590846147
2440 7.230154644157515 0.0036868868623657416 0.12289063437162881 0.2802426507093483 1.2262413306984854e-13 -0.0014748021627153047
2450 7.2670643362685885 0.003690209926726781 0.12318801654846744 0.2980503767628089 1.2317924458216112e-13 -0.0014655240524219853
2460 7.303938999136662 0.0036891810598278078 0.12348097747644109 0.28492367509095173 1.2367884494324244e-13 -0.0014590001146642167
2470 7.340894257281318 0.00370049385215674 0.12377206729104748 0.26282584775934426 1.2423395645555502e-13 -0.0014540175903320924
2480 7.377956944366324 0.0037097421341841397 0.12406332447897646 0.29944717359157536 1.2467804566540508e-13 -0.0014493937628650422
2490 7.415015810723598 0.0037034721318884634 0.12435632160311665 0.28446692875842905 1.251776460264864e-13 -0.001446247582692771
2500 7.452104827785159 0.003714422940492207 0.12465092085427179 0.27713605621625004 1.2562173523633646e-13 -0.001443773466258022
2510 7.489309823783299 0.003725309169385076 0.12494675941867095 0.2971000659400298 1.2617684674864904e-13 -0.0014395918528827866
2520 7.526563820220431 0.0037219538976875736 0.12524428748282315 0.29876384718954174 1.2684298056342413e-13 -0.0014337012825854402
2530 7.563795436080834 0.0037277014887846576 0.12554338172537838 0.28807819184081096 1.2717604747081168e-13 -0.0014267564681721993
2540 7.601141322744182 0.003739569364398061 0.12584333563133432 0.2838251743574731 1.2784218128558678e-13 -0.0014177614491477563
2550 7.638572671903273 0.003742102696059054 0.12614316990565103 0.30333278044986944 1.2823075934420558e-13 -0.0014070476616965897
2560 7.675964327323921 0.003740931460460235 0.12644096334997468 0.2908389226375484 1.2884138200774942e-13 -0.001396994166501974
2570 7.713443865597892 0.00375303527465052 0.12673384914107957 0.27167444561530196 1.29396493520062e-13 -0.0013884900734365052
2580 7.751037738554175 0.0037624957674750503 0.1270189132194898 0.30563526773395877 1.2961853812498703e-13 -0.0013814614092252813
2590 7.788613789191906 0.0037553248318006652 0.1272947797683464 0.2918856348888548 1.3050671654468715e-13 -0.0013773576731421376
2600 7.826229521525603 0.003767371121813442 0.12756212979880455 0.28390889753936543 1.3072876114961218e-13 -0.001376858446461982
2610 7.863965205459308 0.003779017350679213 0.12782382788275026 0.3033666673451689 1.3145040611561853e-13 -0.001378238493479146
2620 7.90173513217244 0.0037727148374971883 0.12808568766779965 0.3037993867594291 1.3183898417423734e-13 -0.0013804072980968716
2630 7.93949097370756 0.003780876686623951 0.12835401180356484 0.2946431262157174 1.3239409568654992e-13 -0.0013833446952359126
2640 7.977369701980534 0.0037932505757935463 0.1286330726913708 0.29528599547169265 1.329492071988625e-13 -0.0013853341194772877
2650 8.015323030831402 0.0037926159732119286 0.1289240066792579 0.3092657151724717 1.3322676295501878e-13 -0.0013845792007063855
2660 8.053234285696522 0.0037945239940889133 0.129224033978129 0.30361982929020304 1.337263633161001e-13 -0.001381703487199875
2670 8.091254106433059 0.003807625454579807 0.12952757927512534 0.27881797458649826 1.3428147482841268e-13 -0.0013769826591515425
2680 8.129378772595738 0.003812782831124814 0.12982792830890477 0.30956483669833923 1.34781075189494e-13 -0.001369556519425245
2690 8.167462235018142 0.0038086088408794535 0.13012017688669586 0.2989426970394441 1.354472090042691e-13 -0.0013606864941594792
2700 8.20562248987993 0.0038222048285942683 0.13040260506971882 0.2875163804404086 1.358357870628879e-13 -0.001352288116810599
2710 8.243905947143395 0.003831655892691722 0.13067561028160968 0.30656828412600357 1.3627987627273797e-13 -0.0013441175629199525
2720 8.282175646466023 0.0038238499083053544 0.13094190053634458 0.3039336840661587 1.3666845433135677e-13 -0.0013365538518932216
2730 8.320476126909938 0.003836511372857697 0.13120532603519824 0.2941046283600689 1.372790769949006e-13 -0.0013313758993739036
2740 8.35890981602258 0.0038481879437646045 0.13146841741802687 0.3035771213877495 1.376676550535194e-13 -0.001327979869467308
2750 8.397370079911054 0.0038416384405739164 0.13173254835196127 0.3124070611728974 1.3827827771706325e-13 -0.0013247212069000414
2760 8.435817064552172 0.0038502829506094917 0.13199868817258217 0.301310023589194 1.386113446244508e-13 -0.0013221153750953485
2770 8.474399769935262 0.003863826482205882 0.13226689995822877 0.29338761467556107 1.3916645613676337e-13 -0.0013195526677595118
2780 8.513046956715463 0.0038613413458394165 0.13253668820644396 0.3155185394279809 1.396660564978447e-13 -0.001314635103677147
2790 8.551652374332727 0.0038647501282311307 0.13280821422931033 0.3027248500607964 1.4016565685892601e-13 -0.0013078036609782163
2800 8.590383291974725 0.0038791651856108778 0.1330815134307345 0.28088067738831524 1.408317906737011e-13 -0.0013002883309885024
2810 8.629206813217944 0.0038807215065438457 0.13335501104727998 0.3172326364479947 1.411093464298574e-13 -0.0012911116996273588
2820 8.667978390140657 0.0038791454862594074 0.13362656618306898 0.30396268732657117 1.41886502547095e-13 -0.0012814839202135234
2830 8.706852615336041 0.003893520183314722 0.1338939570750176 0.2905716923523186 1.4210854715202004e-13 -0.0012742053265475026
2840 8.7458464044592 0.0039006353983264135 0.1341536551969381 0.31819067353972175 1.429412144204889e-13 -0.0012688512999169694
2850 8.784797425837821 0.003894104260560844 0.13440350511806679 0.30667776316307205 1.4288570326925765e-13 -0.0012653128806183278
2860 8.823817980005675 0.003908778124122728 0.13464482096363167 0.2991770635010792 1.43607348235264e-13 -0.0012654858044061838
2870 8.862969647046066 0.003918913611752264 0.13488052122805283 0.31736548643812035 1.4432899320127035e-13 -0.0012678656009224559
2880 8.902104655881033 0.003910003388707041 0.13511611030840692 0.3158499977938498 1.4488410471358293e-13 -0.0012700355167107932
2890 8.941272162199121 0.003923712823752863 0.1353588968485679 0.3069316822136856 1.4527268277220173e-13 -0.0012728161988956696
2900 8.980581146583217 0.003935577463603332 0.1356133147647953 0.31333864964311253 1.4577228313328305e-13 -0.001274987302320412
2910 9.019900534832235 0.003927273501645821 0.13587966485526456 0.3214416371458526 1.4643841694805815e-13 -0.00127383152573394
2920 9.059219164921128 0.003938560806181976 0.13615502508998434 0.31862102238335244 1.468825061579082e-13 -0.0012707308950540524
2930 9.098684156921163 0.003951974118575966 0.1364331616504787 0.3034397834433479 1.4732659536775827e-13 -0.0012664555454672002
2940 9.13818747791263 0.00394550463306574 0.13670667950453644 0.3234699309751361 1.478261957288396e-13 -0.001259320707799255
2950 9.17766272277849 0.00395329497962653 0.1369713193974984 0.31276938758354855 1.4832579608992091e-13 -0.0012513367655746454
2960 9.217282548853598 0.00396799483227765 0.13722616042279115 0.29216105753443766 1.48991929904696e-13 -0.0012447145587851716
2970 9.256966493828823 0.003964142349344557 0.1374719108933024 0.32352655123722596 1.4932499681208355e-13 -0.0012379519348892738
2980 9.296603863446022 0.003968543303960771 0.13771206555554957 0.31335052313239653 1.4988010832439613e-13 -0.0012320962659580917
2990 9.336377658667933 0.003983861109784016 0.13795068858254844 0.2940059004780974 1.5054624213917123e-13 -0.0012291142520955058
3000 9.376237254660891 0.00398284335426115 0.13818953077517476 0.3256429146497438 1.5104584250025255e-13 -0.001226494548164478
3010 9.416041380621161 0.003983945848329201 0.13842979756164955 0.31291621501087985 1.5143442055887135e-13 -0.0012234289340355853
3020 9.455970651717173 0.004000105767620773 0.13867267371635617 0.3010529501262501 1.5198953207118393e-13 -0.0012214165854655234
3030 9.496004669592757 0.004001874956572632 0.1389175119500301 0.3271524029587647 1.5248913243226525e-13 -0.0012178878330550843
3040 9.535980708930913 0.003999497392473161 0.139163796855523 0.3134937974207799 1.5304424394457783e-13 -0.0012117371120758252
3050 9.576068645811198 0.004016077798346029 0.13941247625167702 0.3063096855757377 1.5354384430565915e-13 -0.0012056199907110182
3060 9.616273315846625 0.0040199001050476866 0.1396620248723356 0.3265173178340093 1.5393242236427795e-13 -0.0011986576614261644
3070 9.656419675006678 0.004015165987179407 0.13991002728944635 0.3200542806034672 1.545430450278218e-13 -0.001190513376568952
3080 9.696664058477346 0.004031637563961142 0.14015489125846403 0.3096890193191637 1.5515366769136563e-13 -0.001184765457818341
3090 9.737036874843684 0.004038499265098525 0.14039283165656663 0.32532499136437776 1.553202011450594e-13 -0.0011811141717986613
3100 9.777359239462829 0.004031263648882164 0.14062070464813325 0.32502729450112533 1.5576429035490946e-13 -0.0011782303239370139
3110 9.817761778921264 0.0040477126879551045 0.1408396496576248 0.311348668568608 1.5670797992584085e-13 -0.0011785652943830062
3120 9.858299790140054 0.004055999315630224 0.14105213642355133 0.32604131483841703 1.570410468332284e-13 -0.0011808084341126046
3130 9.898796143226063 0.004047459410167856 0.14126331903459566 0.3293228634373816 1.574296248918472e-13 -0.0011819862294754607
3140 9.939357578727957 0.004063926547047001 0.14148121126007224 0.31998999654405325 1.582067810090848e-13 -0.0011836828763836
3150 9.980062046369445 0.004073051858394489 0.1417108725219093 0.3249867494257449 1.5881740367262864e-13 -0.0011847591998546839
3160 10.020730719773638 0.004063931098510689 0.14195262922638294 0.3324786836645077 1.5909495942878493e-13 -0.0011823767602651295
3170 10.06145363456632 0.0040801769316591895 0.1422041875813948 0.330832301051311 1.5948353748740374e-13 -0.0011788942086134952
3180 10.10232508410149 0.004090206703899825 0.142458924539915 0.321174417827194 1.602051824534101e-13 -0.0011746667171171233
3190 10.143166126986063 0.004080619303421174 0.1427087178752715 0.3344462130461212 1.6081580511695392e-13 -0.0011678019609277824
3200 10.184052260561835 0.004096543582411251 0.1429500815632302 0.3235832292967542 1.6120438317557273e-13 -0.0011613694647737852
3210 10.225090638165334 0.004107183233140384 0.1431816337782582 0.3150183245514153 1.6181500583911657e-13 -0.0011564394650126508
3220 10.266103052949392 0.004097381951868309 0.14340406710742046 0.33636865615528244 1.6225909504896663e-13 -0.0011508836645330147
3230 10.307153663528156 0.004112992779400397 0.14362192511646787 0.32436669255013817 1.628142065612792e-13 -0.0011470670867009015
3240 10.348359120380703 0.004123972700366257 0.14383862955760013 0.3139088136371865 1.6331380692236053e-13 -0.0011453628242803944
3250 10.3895412992858 0.004114165429422693 0.14405546930845664 0.33800294712677326 1.6370238498097933e-13 -0.0011425190760976358
3260 10.430757498171612 0.004129663770946036 0.14427446996299426 0.32666570091660685 1.6431300764452317e-13 -0.0011400260151474793
3270 10.47213256488534 0.004140859270246077 0.1444960223077525 0.3140332098195804 1.6464607455191071e-13 -0.001138029090335447
3280 10.513484416478663 0.0041310271300016655 0.1447188851005493 0.3394307609041315 1.6525669721545455e-13 -0.001133409355531211
3290 10.554870671853337 0.0041469286362166265 0.1449438936455579 0.32801606254177806 1.6581180872776713e-13 -0.0011283301415058317
3300 10.596414930033983 0.004157758602527534 0.14517079023651028 0.31422108152983996 1.6631140908884845e-13 -0.001123976423794722
3310 10.637931000141155 0.004147572525506654 0.14539702307071833 0.34074129106966466 1.667554982986985e-13 -0.0011181817916477302
3320 10.679486866530416 0.0041639977090513055 0.14562130318053035 0.3272992391717128 1.6736612096224235e-13 -0.0011137277762770163
3330 10.721196702285367 0.004174640200374437 0.1458406064983204 0.31574535797825876 1.6775469902086115e-13 -0.001111827663327534
3340 10.762880030046901 0.004164373354813751 0.14605065892373023 0.34197746978566 1.6819878823071122e-13 -0.001109794628998695
3350 10.80460600373574 0.004180676698539295 0.14625110685654424 0.3257971965173896 1.6897594434794883e-13 -0.0011095540636998909
3360 10.846483993125554 0.00419102371369616 0.14644367133017067 0.32084479457878856 1.6925350010410511e-13 -0.0011111609756642047
3370 10.888329197181267 0.0041809893587578485 0.14663227179994326 0.34353855022710766 1.699196339188802e-13 -0.0011110460337276473
3380 10.93022515030216 0.004197780030462746 0.14682508251455603 0.3337818527219878 1.7041923427996153e-13 -0.0011107887196672912
3390 10.97227256468681 0.004207155395108649 0.14702858614643377 0.32448087680231696 1.7091883464104285e-13 -0.0011103319056128271
3400 11.014277166855159 0.004197691024384639 0.14724445106702663 0.34475437193824987 1.713629238508929e-13 -0.0011066886813072261
3410 11.05634619050155 0.004215185395991037 0.1474717482933083 0.34321608241683 1.7180701306074297e-13 -0.0011024227955397392
3420 11.098562554118727 0.004223176115871675 0.14770439983539696 0.32997976776948423 1.7225110227059304e-13 -0.0010981885386105463
3430 11.14072657779893 0.004214618009193927 0.1479338447732833 0.3454823501038429 1.730837695390619e-13 -0.0010919118966288984
3440 11.182970293246049 0.004232644426948127 0.14815595111353094 0.3344456206947606 1.733613252952182e-13 -0.0010867781014436294
3450 11.22535417929339 0.004238775335353227 0.14836839924135795 0.3270687413094717 1.7386092565629951e-13 -0.0010831770159629131
3460 11.267677123934291 0.004231913669122461 0.14857135118091838 0.3462367445226101 1.7424950371491832e-13 -0.0010788176033808116
3470 11.3100970123 0.004250209324081755 0.14876970508319318 0.3343442788492399 1.7486012637846216e-13 -0.0010763832357315404
3480 11.352646691650296 0.004254047819010381 0.14896652805619076 0.33130076527448404 1.7535972673954348e-13 -0.00107508085046006
3490 11.395129098211074 0.004249419455102524 0.14916317638668503 0.346426448491554 1.7591483825185605e-13 -0.0010722212147002055
3500 11.437725918163155 0.004267920221237735 0.14936224992019573 0.3353440893667655 1.7641443861293737e-13 -0.0010703433440033016
3510 11.480440523861278 0.004269015649632098 0.14956343939794509 0.3370191089099326 1.7680301667155618e-13 -0.001068286596494785
3520 11.523085088913543 0.004267303896388639 0.14976562559221257 0.3458000521569703 1.7735812818386876e-13 -0.001064230640414044
3530 11.56586283116237 0.004285551560189669 0.14997016826347395 0.33459782108098435 1.7785772854495008e-13 -0.001061492314314242
3540 11.60873595335232 0.004283284282831236 0.15017569208788512 0.34205320274398465 1.7857937351095643e-13 -0.0010590265715473782
3550 11.651542539401374 0.004285581889851678 0.15038011063807055 0.3441068985580362 1.7896795156957523e-13 -0.0010558475488938188
3560 11.69449868497171 0.004302313353420587 0.15058256578376675 0.3326426028377617 1.794120407794253e-13 -0.0010551726142267303
3570 11.737525551126588 0.004297537976590067 0.1507786988819549 0.34727182359918785 1.800781745942004e-13 -0.0010549378787589408
3580 11.780500188357625 0.004303831199453367 0.1509651938281436 0.3410678326604789 1.8041124150158794e-13 -0.0010540231211860962
3590 11.823632770135552 0.004319524388939084 0.15114260463247792 0.33401431100210033 1.811328864675943e-13 -0.0010547606074976703
3600 11.866809465554612 0.004311569393539711 0.15131252819984944 0.35451755164139553 1.8168799797990687e-13 -0.0010540917680159443
3610 11.909953782672323 0.0043216968881257525 0.15148109748738842 0.3364852693240109 1.8185453143360064e-13 -0.0010515146963262544
3620 11.953263064116289 0.004336517048836052 0.15165693166040656 0.3294412392028785 1.8263168755083825e-13 -0.0010493573959882343
3630 11.996583634038265 0.004326123941987831 0.15184437437297985 0.3582674607446237 1.8302026560945706e-13 -0.0010448582185305696
3640 12.039903189823024 0.004339948095358401 0.15204470291809444 0.3467811767118951 1.8357537712176963e-13 -0.0010391243713145264
3650 12.08338785588796 0.0043525695786504085 0.15225481744401234 0.32890067581124505 1.840194663316197e-13 -0.001034673958210114
3660 12.12684982091131 0.0043416398734753585 0.1524661875862208 0.3526731123547715 1.8463008899516353e-13 -0.0010290326828821682
3670 12.170350015457172 0.004358427224463446 0.1526726830935302 0.3469873807700551 1.8512968935624485e-13 -0.0010241982777765017
3680 12.214005340261256 0.0043674293284839735 0.15287062146539154 0.3252704171026739 1.854627562636324e-13 -0.001021614414239418
3690 12.257608731229883 0.004358343920407702 0.15305838258219787 0.3563994174421321 1.8601786777594498e-13 -0.0010182716128209254
3700 12.301292688618451 0.004376778659829416 0.15323994810260858 0.34494128910964106 1.8657297928825756e-13 -0.0010162243909412902
3710 12.345111649322702 0.004380881142589531 0.1534188709626661 0.3294181016347726 1.8701706849810762e-13 -0.0010153756101370709
3720 12.388861178459647 0.004376342826889767 0.15359687628499355 0.35774874180928795 1.8751666885918894e-13 -0.0010128358704814475
3730 12.432729909810277 0.0043951364315412186 0.15377685828764764 0.3467919218000257 1.8801626922027026e-13 -0.0010113098867394858
3740 12.476704732579243 0.004393594181641241 0.15395858919417083 0.3417455390895583 1.8840484727888906e-13 -0.0010100430481366242
3750 12.52061047902555 0.004395259625214676 0.1541410483472721 0.35616325874727195 1.8912649224489542e-13 -0.0010074545781037355
3760 12.564666218994784 0.004412842452596043 0.15432557869782645 0.34462430308339187 1.8951507030351422e-13 -0.0010069094360996836
3770 12.608782066092598 0.004405496764780321 0.15451080237198 0.35162457478764053 1.9012569296705806e-13 -0.0010067884452696968
3780 12.652853868392661 0.004414506779689727 0.15469534264805082 0.3511103927608926 1.907363156306019e-13 -0.001006311175167157
3790 12.697090226516217 0.004429069652148862 0.15487844823975214 0.34089683610909616 1.9123591599168321e-13 -0.001008033027659836
3800 12.741338225639263 0.004418855276435843 0.15505557128225125 0.35896512425710825 1.9173551635276453e-13 -0.0010087791794435499
3810 12.785587146119806 0.004432974085080661 0.15522368923039997 0.3444187074505305 1.921796055626146e-13 -0.0010083490379467926
3820 12.829996431833331 0.004444354913543317 0.15538240769524825 0.3406901202897106 1.925681836212334e-13 -0.0010082803440238006
3830 12.87437388073513 0.004433947370438481 0.1555330100495822 0.3651005034296073 1.9340085088970227e-13 -0.0010051462814006328
3840 12.918805170107428 0.004451432966535386 0.15568268620134265 0.3509190210091382 1.9367840664585856e-13 -0.0010005686453384852
3850 12.963379835468023 0.004457588379813271 0.1558395343044926 0.33748703731121865 1.940114735532461e-13 -0.0009958556497535994
3860 13.007889535372781 0.004451383248197997 0.156008061178271 0.3648877460392912 1.946776073680212e-13 -0.000988719033045658
3870 13.052508500768209 0.004469869129532739 0.15619044750375038 0.3615165440007915 1.9501067427540875e-13 -0.0009824848274767799
3880 13.097233031994724 0.004468676928956462 0.1563820194985516 0.3494428279881676 1.9567680809018384e-13 -0.000977416903693381
3890 13.141889959499835 0.004470679925163826 0.1565743984713387 0.362988042015601 1.9628743075372768e-13 -0.000971865048668912
3900 13.18669504105865 0.00448750961464924 0.1567621322846252 0.35089648272420304 1.9667600881234648e-13 -0.0009690053658168972
3910 13.231551782526061 0.004479309224351188 0.15694041951864307 0.35200466747642245 1.971756091734278e-13 -0.0009668858156383613
3920 13.276374152071709 0.004489772424143866 0.15710937964794652 0.3573103407788535 1.9773072068574038e-13 -0.0009643866323404103
3930 13.321359931697954 0.004503648295445662 0.15727346117517432 0.34731860726575314 1.9845236565174673e-13 -0.0009638652931454744
3940 13.36633715600981 0.004492397883805863 0.15743499481270207 0.36311184503466654 1.9872992140790302e-13 -0.0009622915769905375
3950 13.41133838243084 0.004508305556910389 0.157596728693591 0.35346366143974095 1.9922952176898434e-13 -0.0009605036118593333
3960 13.456496320101177 0.004517075085681715 0.15776020451787592 0.34051556697676877 1.9961809982760315e-13 -0.0009604163440753594
3970 13.501596855260134 0.004508859658762666 0.15792413093746505 0.3665079038817183 2.003397447936095e-13 -0.000959384017766512
3980 13.546789030011306 0.004527450268433757 0.15808937510274593 0.3563374581304378 2.0083934515469082e-13 -0.0009599800066808751
3990 13.592095922832371 0.004527222155882495 0.15825571766051866 0.33723585429281744 2.0122792321330962e-13 -0.0009623852560337021
4000 13.637332891828633 0.0045280977012693725 0.15842181563028118 0.3684792341876837 2.0167201242315969e-13 -0.0009639807973282379
4010 13.682714924458644 0.0045447329531356625 0.15858794741818663 0.35587885722241486 2.0233814623793478e-13 -0.0009671790370301267
4020 13.728145474436772 0.004537115961485104 0.15875052644842935 0.355173725661557 2.0250467969162855e-13 -0.0009695432571423727
4030 13.773544606600444 0.004547553017109309 0.15890549724876094 0.3638780755335371 2.0339285811132868e-13 -0.0009693101190127601
4040 13.819103014089043 0.004560364739054576 0.15905108762073453 0.35030888446646125 2.036149027162537e-13 -0.0009686463765874831
4050 13.864647118989659 0.004549476755056595 0.15918668580394826 0.36985010096291315 2.0400348077487251e-13 -0.0009645166513938659
4060 13.910224806070334 0.0045658481799653134 0.15931794775272815 0.3551056760296122 2.045585922871851e-13 -0.0009580922191609835
4070 13.955946482787997 0.004572528940693461 0.1594535094823771 0.3487254496166513 2.0516921495072893e-13 -0.0009516243233701931
4080 14.001605662255685 0.004566262364815477 0.15959957907221708 0.3749205243059929 2.0550228185811648e-13 -0.0009430570854788814
4090 14.047371838264791 0.004584367330222399 0.15976028270222306 0.3677901181201817 2.0627943797535409e-13 -0.0009357971759601823
4100 14.093231600504371 0.0045813472005896356 0.15993271173402238 0.35312223328517156 2.067790383364354e-13 -0.0009302798351634232
4110 14.139030946591852 0.004585912260287465 0.16010896093769533 0.37163564772193547 2.0727863869751673e-13 -0.0009248330414090467
4120 14.184981888676623 0.004601203994261586 0.16028243989475416 0.3594031144293648 2.0761170560490427e-13 -0.0009224232676600592
4130 14.230952855143633 0.004590953331135489 0.16044691995927274 0.3602680536562012 2.0805579481475434e-13 -0.0009205441255489394
4140 14.27692094197189 0.004604538852620267 0.16060194445230908 0.36366016217740116 2.0855539517583566e-13 -0.0009185553687813585
4150 14.323043188484366 0.004614599498825579 0.1607513829238339 0.3542514817040672 2.091660178393795e-13 -0.0009183550627268975
4160 14.369118224682584 0.004605545586733904 0.1608976590518966 0.37216091638156523 2.0972112935169207e-13 -0.0009168341192294935
4170 14.415271195238361 0.004623413919857895 0.1610440011222328 0.36328969967961855 2.1016521856154213e-13 -0.0009160663797940392
4180 14.461541038676911 0.004623721271529218 0.16119135324954703 0.3447939001332848 2.1055379662016094e-13 -0.0009169255497623987
4190 14.507742350379372 0.00462444915190266 0.16133872423659223 0.3751654117907235 2.1121993043493603e-13 -0.0009173974721191538
4200 14.554084582934209 0.004641023308697698 0.1614872485778622 0.3651782628025415 2.116640196447861e-13 -0.0009206446378324643
4210 14.60046440613796 0.004631635368979294 0.16163627488538307 0.3581273687628028 2.1227464230832993e-13 -0.0009247719138045234
4220 14.646826178301145 0.004644163793417634 0.16178567427479884 0.371129499174658 2.1271873151818e-13 -0.0009284390336854065
4230 14.693340788966093 0.004654148606359366 0.16193552070713038 0.35890875455741167 2.1338486533295509e-13 -0.0009332018472167731
4240 14.73981572349212 0.004644923215651562 0.16208170849761414 0.3739625946092663 2.1366242108911138e-13 -0.0009349803599641468
4250 14.786359391742355 0.0046620550595102075 0.1622205479192358 0.36304940080042014 2.1432855490388647e-13 -0.0009344402388426004
4260 14.833016787673712 0.004663103332696656 0.16234897027132425 0.35221280987711356 2.1499468871866156e-13 -0.0009319202886400892
4270 14.879609275816728 0.004663242643827477 0.16246716449735535 0.3777679579945704 2.152167333235866e-13 -0.0009249832712374065
4280 14.926335810747222 0.004679280503300917 0.16258239920253895 0.3707889294425377 2.156053113822054e-13 -0.0009173209904457531
4290 14.973101092175778 0.004670298673557291 0.16270291551291713 0.3616925115482702 2.162714451969805e-13 -0.0009085517921276092
4300 15.019847799884326 0.0046820580944021434 0.16283591128917094 0.37455746310163496 2.166600232555993e-13 -0.000899133531202212
4310 15.06674432206876 0.004692499943818298 0.16298457352150897 0.3680144884008929 2.1715962361668062e-13 -0.0008926305518642331
4320 15.113600949198837 0.004683392148181581 0.16314376732413133 0.3750055751611394 2.1788126858268697e-13 -0.0008866487843307262
4330 15.16052863879209 0.004700368070493472 0.16330584879595314 0.3688986515801651 2.1826984664130578e-13 -0.0008827856995024455
4340 15.207563024958434 0.004700051767115849 0.1634627948009529 0.35349859547189755 2.187694470023871e-13 -0.0008812401496141398
4350 15.254534700959752 0.004701921316440451 0.16360967339581306 0.37985548157781934 2.194355808171622e-13 -0.0008789873829129781
4360 15.301644476119883 0.0047171632098591924 0.16374860155933374 0.36972827506157324 2.19824158875781e-13 -0.0008784948201981842
4370 15.348777270720504 0.004707250966788104 0.16388244435395888 0.3605043440599409 2.2037927038809357e-13 -0.0008778281542685343
4380 15.395906069035272 0.004720285686116654 0.1640145344291552 0.3765216513344586 2.2082335959794364e-13 -0.0008769281036885156
4390 15.443180317913317 0.0047289943357298045 0.1641472231702689 0.364935671762999 2.2143398226148747e-13 -0.0008785104893085274
4400 15.490403173703449 0.004721593932132451 0.16427974175559779 0.37950546167180854 2.2198909377380005e-13 -0.0008801139160451152
4410 15.537715027050194 0.0047385880069307175 0.16441268045488686 0.370968462379175 2.2226664952995634e-13 -0.0008839997143163377
4420 15.5851122004297 0.004734771662371209 0.1645462034324801 0.3542247378104405 2.2293278334473143e-13 -0.0008897794501142864
4430 15.6324577641799 0.0047407103628927605 0.16468026642892614 0.3830596667100111 2.2326585025211898e-13 -0.0008946482194353068
4440 15.679947833240892 0.004753317280957481 0.16481596892579442 0.3720235886616323 2.2398749521812533e-13 -0.0009003479394788403
4450 15.727426932161942 0.004743448229257352 0.16495035827357332 0.3691353860618112 2.2459811788166917e-13 -0.0009031989847234937
4460 15.77493827807788 0.004758449654418294 0.16507913946573458 0.37541321411488515 2.2465362903290043e-13 -0.0009027456042836853
4470 15.822572014143162 0.004762330327701879 0.16519796952924967 0.36310098004811164 2.2515322939398175e-13 -0.0009001225141584232
4480 15.870145849304121 0.004759690454066624 0.1653049061612224 0.3846634884030925 2.2565282975506307e-13 -0.0008927684613187141
4490 15.91783439699415 0.004775375470342495 0.16540556282873795 0.3755513003738732 2.2604140781368187e-13 -0.0008842546538766634
4500 15.965569059979554 0.004767682227220391 0.16550873625932505 0.360186092403298 2.266520304772257e-13 -0.0008748276253959308
4510 16.013281134958962 0.004778153580925263 0.1656232166113338 0.3840912789553935 2.273181642920008e-13 -0.000864828444157753
4520 16.061132622903813 0.004787620590793501 0.16575430718295484 0.37729888653513033 2.277067423506196e-13 -0.0008578748773635243
4530 16.108944616440986 0.004779607495548106 0.16589867700152117 0.3806048483849833 2.2842838731662596e-13 -0.0008516515265877626
4540 16.156829878950322 0.004795627259834361 0.16604863276152307 0.37619904566882134 2.289279876777073e-13 -0.0008477466711708665
4550 16.204803473316147 0.004793199628925491 0.1661948007153324 0.3631937506485361 2.2937207688755734e-13 -0.0008460040550154928
4560 16.252725299158822 0.004797714740568966 0.16633111567514752 0.3859121405472423 2.299271883998699e-13 -0.0008437430297082915
4570 16.300781649974617 0.004810441911505656 0.16645874515456752 0.3765000637545479 2.3042678876095124e-13 -0.0008434177953464657
4580 16.348833321910472 0.004800678441056249 0.16658054958140606 0.3677594025389066 2.3081536681957004e-13 -0.0008427908622718268
4590 16.396912536655933 0.004814917758539275 0.16670029960610197 0.3814296254118964 2.311484337269576e-13 -0.000842736203185548
4600 16.445110790957994 0.004818370168516413 0.1668201169214089 0.3704823289238647 2.3187007869296394e-13 -0.0008451813978003672
4610 16.493250635670236 0.004816724201576525 0.16693955690788875 0.3872165523136042 2.322031456003515e-13 -0.0008478643282533137
4620 16.541505759640252 0.004831633464336236 0.16705927616060992 0.378567404781494 2.327027459614328e-13 -0.0008534256943389519
4630 16.589791712097664 0.004822972800972626 0.16717938343984498 0.35975995152793006 2.332578574737454e-13 -0.0008599032405260647
4640 16.638070929761096 0.004835025920536077 0.167300750850686 0.38846954164402014 2.337574578348267e-13 -0.000865644591164296
4650 16.686477610652688 0.004841114089562433 0.1674243067298216 0.37583191709444597 2.3447910280083306e-13 -0.0008714841858187012
4660 16.73483388823502 0.0048360522145492486 0.1675469077459758 0.38369361265537727 2.3475665855698935e-13 -0.0008732712657648586
4670 16.783281609047375 0.004851219353305797 0.16766382479516254 0.37811403982698233 2.3531177006930193e-13 -0.0008723054373339094
4680 16.8317885610293 0.004845803242893992 0.16776955330665186 0.3663688273770521 2.3570034812792073e-13 -0.0008680006937614942
4690 16.880263650691862 0.004853705089773486 0.16786299089191206 0.39061843611104263 2.361444373377708e-13 -0.0008595472029813442
4700 16.92886724563026 0.004863216705312507 0.16795065381136712 0.3846525891890129 2.3669954885008337e-13 -0.0008507808049600953
4710 16.97744079663838 0.004855395976252473 0.16804209378091886 0.38172121879363996 2.371991492111647e-13 -0.0008405256465138
4720 17.02607597848897 0.0048701159570870975 0.16814700412942918 0.37973188873922614 2.3780977187470853e-13 -0.0008315088693789058
4730 17.074794180503996 0.004867909152161557 0.16826948777532846 0.37643528619503486 2.3830937223578985e-13 -0.0008249537423600052
4740 17.123466742697943 0.004872511797982141 0.16840499243121745 0.3923747770570317 2.387534614456399e-13 -0.0008191000216500276
4750 17.172263675136097 0.004883709625948396 0.16854453486318366 0.3819563473783151 2.3925306180672123e-13 -0.0008163977122026369
4760 17.22104856750121 0.004875015224426787 0.16867780741956423 0.3736044179518496 2.398081733190338e-13 -0.0008140878006521642
4770 17.26987158835325 0.004888766102989839 0.16880080718311852 0.38779533618391593 2.4030777368011513e-13 -0.000812508033110451
4780 17.318791360780626 0.00488939732886314 0.1689155194195326 0.37676437846147903 2.408628851924277e-13 -0.000812461200872844
4790 17.36766001451856 0.004890830092435541 0.16902534592060106 0.391616289057369 2.4136248555350903e-13 -0.0008118688830910793
4800 17.41664432371049 0.004903462984296193 0.16913403592919907 0.3839702537327564 2.418065747633591e-13 -0.0008138253639905428
4810 17.4656366317086 0.004894847070395438 0.169242377249558 0.3663270640747184 2.424727085781342e-13 -0.000816892830206713
4820 17.51464658377892 0.004907390299785732 0.16935052863627398 0.39248486236790103 2.4291679778798425e-13 -0.0008214766365958284
4830 17.563762102137662 0.004909952607090005 0.169459120664004 0.3799246607789075 2.4330537584660306e-13 -0.0008285212907791651
4840 17.61282624471467 0.004909420879474708 0.1695685870372385 0.3915691846235765 2.439159985101469e-13 -0.0008345436995311501
4850 17.661999084435784 0.004922187468862294 0.16968064708431332 0.3851460435262628 2.443045765687657e-13 -0.0008407555124110341
4860 17.711183857395234 0.00491410007350721 0.16979437147524448 0.36779879519189707 2.4474866577861576e-13 -0.0008442484716554006
4870 17.760378678505788 0.004925614716871576 0.16990546724884567 0.39576254068040817 2.452482661396971e-13 -0.0008439395491356672
4880 17.809678886842182 0.004929335300672117 0.17000781697206846 0.3834036523361962 2.4608093340816595e-13 -0.0008411878492456805
4890 17.85893250422422 0.004927327816516609 0.17009671639226834 0.38922846462824423 2.4635848916432224e-13 -0.0008338634696231327
4900 17.90828164169933 0.004940172803375834 0.17017539622419248 0.3837191305774127 2.470801341303286e-13 -0.0008254106586295328
4910 17.95765733646393 0.00493287638512492 0.17025291651147526 0.37748674359616596 2.474687121889474e-13 -0.0008159764205303781
4920 18.007031563767846 0.004943187130793547 0.17034034747139473 0.3970518598532402 2.478572902475662e-13 -0.0008065005146521228
4930 18.056512632624575 0.00494801017650449 0.17044552571400695 0.3893498564375205 2.4857893521357255e-13 -0.0007997341457964585
4940 18.105949975439987 0.004945219842046187 0.17056732595388646 0.3905496616848344 2.489120021209601e-13 -0.0007935307900439644
4950 18.15547687563676 0.0049579425771518375 0.17069775990470482 0.3892564508160974 2.496891582381977e-13 -0.0007899704654449595
4960 18.205034629509534 0.0049511986474069436 0.17082536271249404 0.3751913015290519 2.500777362968165e-13 -0.0007875849114472048
4970 18.254587126810105 0.004960893524497512 0.17094292500262337 0.3979545262259352 2.5068835896036035e-13 -0.0007854754099323427
4980 18.30424423266998 0.00496591606372848 0.171050666298132 0.38801567675876414 2.512434704726729e-13 -0.0007853137645147559
4990 18.353860179215577 0.004962756746807313 0.17115200515131926 0.38695074733674717 2.51687559682523e-13 -0.0007848213323285954
5000 18.403560362668077 0.004975273878752236 0.1712512289858865 0.38382858492777805 2.5224267119483557e-13 -0.0007865194338756115
5010 18.4532957844495 0.0049691019841456435 0.17135008137641883 0.3768185056170231 2.5290880500961066e-13 -0.0007897518203915361
5020 18.503023838517105 0.004978469350090676 0.17144879267932348 0.3989219944340664 2.532418719169982e-13 -0.0007940895037959366
5030 18.55285493700048 0.004983306429368043 0.17154794902054568 0.3906945400314762 2.540190280342358e-13 -0.0008008846417580529
5040 18.602645047432596 0.00498033819092338 0.17164810121035437 0.38760712500799055 2.542965837903921e-13 -0.0008067566151592721
5050 18.6525210890725 0.004992636624769004 0.17175099326311552 0.38607335494161554 2.5490720645393594e-13 -0.0008125922040783939
5060 18.702421730750643 0.004985942576925417 0.1718565138457299 0.37805191477519506 2.552402733613235e-13 -0.0008160555571351509
5070 18.75232137331879 0.004995454630460984 0.17196066806636512 0.40050013929134176 2.5557334026871104e-13 -0.0008158394857242512
5080 18.80231753080092 0.004999403525735876 0.17205689245681616 0.3924879747818807 2.561284517810236e-13 -0.0008133736719864008
5090 18.85227569120057 0.004997255632101835 0.17213951284347473 0.38859182624036026 2.567945855957987e-13 -0.0008067094966190321
5100 18.902315549212524 0.005008685813019087 0.17221049068991978 0.3874419852391343 2.5712765250318625e-13 -0.0007989894539088606
5110 18.952379961983617 0.005002395182945318 0.1722788147085962 0.3843249610663261 2.577382751667301e-13 -0.0007903216414425003
5120 19.002445739971144 0.005011680028211585 0.1723562443784851 0.4045085096003068 2.5834889783027393e-13 -0.0007816580029525956
5130 19.052603600173942 0.005015278556858155 0.17245158556902881 0.39416736067477665 2.586264535864302e-13 -0.0007753339632377557
5140 19.102723585020897 0.005013907124338304 0.17256475041052308 0.3937476646604098 2.592925874012053e-13 -0.0007694377409534087
5150 19.152927844840523 0.005024814671129483 0.17268761815860129 0.3945668058791021 2.598476989135179e-13 -0.0007660204045458964
5160 19.203148763835962 0.005018306574016552 0.17280809553366983 0.3819310202105337 2.602362769721367e-13 -0.000763436225402784
5170 19.253378570850092 0.005027827827178756 0.17291827847003335 0.4027704728988919 2.6079138848444927e-13 -0.0007614451150352057
5180 19.30369342859978 0.005030422966987511 0.17301804196176046 0.3933668864060569 2.6134649999676185e-13 -0.0007612038380477829
5190 19.353971493084384 0.005030253529327104 0.1731111872426087 0.3925371562032588 2.617905892066119e-13 -0.0007608436954887098
5200 19.404335144789556 0.005040416027256803 0.17320223215959032 0.39003715474541145 2.621791672652307e-13 -0.0007628662611636546
5210 19.454709421675595 0.00503424192063997 0.17329304082390357 0.38108473766939854 2.625677453238495e-13 -0.0007659383414651104
5220 19.50510077644451 0.005044119459605952 0.17338411064133516 0.4042558481703762 2.632338791386246e-13 -0.0007703826646414033
5230 19.555569765369476 0.0050450197890447536 0.17347594425874216 0.395068650022381 2.636779683484747e-13 -0.0007765261812837177
5240 19.606003035606278 0.0050465874568966715 0.17356929259609477 0.39689061732890774 2.6412205755832474e-13 -0.000781571762736953
5250 19.65652725071667 0.005055552093744811 0.17366584005090174 0.3942296713911937 2.6489921367556235e-13 -0.0007865783483811807
5260 19.70704384289852 0.005049330505453812 0.17376489545878548 0.381004866350538 2.651212582804874e-13 -0.0007886837718950449
5270 19.757592644495904 0.005059551189106043 0.17386204137173375 0.40590255475190407 2.657318809440312e-13 -0.0007880564827900871
5280 19.80820628152841 0.005058997214032046 0.17395011522774495 0.39631317165401236 2.6623148130511254e-13 -0.0007850635576825871
5290 19.858791205428563 0.0050622129590749635 0.17402405155262007 0.39858786894065723 2.666755705149626e-13 -0.0007787015444721196
5300 19.90946309929497 0.0050696544298458575 0.17408709605463682 0.3958514629381136 2.672306820272752e-13 -0.000772008704028072
5310 19.960122144501987 0.005064466002690349 0.17414938738450364 0.38751420777306 2.6789681584205027e-13 -0.0007641077014479405
5320 20.01082365212356 0.005074695211885846 0.1742232053528036 0.4054545120298235 2.682298827494378e-13 -0.000757135233427635
5330 20.06157716943086 0.0050723607446013725 0.17431617781646983 0.4011892866196467 2.686184608080566e-13 -0.0007516049990959708
5340 20.11231004722248 0.005077521423971081 0.17442633852155354 0.4079459671554525 2.692845946228317e-13 -0.0007466268261906359
5350 20.163128497203044 0.005083291563414554 0.17454370172993822 0.39954366935463215 2.6989521728637555e-13 -0.000743914569775739
5360 20.213925146849757 0.005079543350463031 0.17465585289934996 0.3869791643496453 2.701172618913006e-13 -0.0007412210023628935
5370 20.264776798200593 0.005089449344025356 0.17475662972124048 0.405301905385022 2.706168622523819e-13 -0.0007399603032161371
5380 20.31566465343593 0.005085583047374242 0.1748473091605359 0.3939597113790917 2.711719737646945e-13 -0.000739553104555651
5390 20.36654368939861 0.005092201169427189 0.1749325952033178 0.4069537461071808 2.7172708527700706e-13 -0.0007397120198306267
5400 20.41750273446834 0.005096404222564016 0.17501672214167563 0.3997197800903619 2.720601521843946e-13 -0.0007420963504673399
5410 20.468436647045344 0.005094369227123082 0.1751011777197433 0.3867147222933892 2.7255975254547593e-13 -0.0007448119112701234
5420 20.51943613731113 0.005103765296020287 0.1751865306206965 0.40291756257463374 2.7317037520901977e-13 -0.0007494134652390378
5430 20.570453322002273 0.005098569831605162 0.1752732579836036 0.391972785837141 2.736699755701011e-13 -0.0007540921357708529
5440 20.621478235230715 0.005106950221709851 0.17536247358299983 0.40967020183649316 2.7422508708241367e-13 -0.0007581046072715801
5450 20.672574117762117 0.005108202405726359 0.17545512734624724 0.40150978729200515 2.7461366514103247e-13 -0.0007614302658435009
5460 20.72363967995834 0.005109059087074562 0.1755490287477192 0.39273357458082836 2.7516877665334505e-13 -0.0007616778151450635
5470 20.77478014478346 0.005116996056587442 0.1756383929354195 0.39904565292466965 2.755018435607326e-13 -0.0007604790129997947
5480 20.825921072335454 0.0051120032958451205 0.17571588336706823 0.3902620102330987 2.762789996779702e-13 -0.0007564378891891577
5490 20.877086997497912 0.005120589005656874 0.17577940411103612 0.41007613960899647 2.7672308888782027e-13 -0.0007509519897923024
5500 20.92830843332345 0.00512008104124752 0.17583558934445476 0.4062346372746256 2.770561557952078e-13 -0.0007451014562304817
5510 20.979507879089113 0.0051233270483916175 0.1758965931954464 0.4059373456348283 2.777222896099829e-13 -0.0007385367608756761
5520 21.030782948717697 0.005129325585792608 0.17597373355934712 0.3959041035279789 2.781108676686017e-13 -0.0007336088727071088
5530 21.082044356783832 0.005125510707812173 0.17607057650953586 0.3902376407937741 2.787770014833768e-13 -0.0007288319225867915
5540 21.133349097753065 0.0051343821570935585 0.17618091669632094 0.41127273672524745 2.793321129956894e-13 -0.0007255466824127754
5550 21.184691211159393 0.005131447059134782 0.17629229642747454 0.403063409891113 2.7960966875184567e-13 -0.0007231591131168034
5560 21.236023911753936 0.005137110016048769 0.17639405056535598 0.40674369196000026 2.8016478026415825e-13 -0.000721056556406982
5570 21.28742796931819 0.00514087986224279 0.17648376989107561 0.4038434853596681 2.8066438062523957e-13 -0.000720523161347133
5580 21.338810349469785 0.005139129408214036 0.1765652419917204 0.3890645368382101 2.811639809863209e-13 -0.0007199485515980513
5590 21.390249703146218 0.005147356579142765 0.1766438844488288 0.40965341048463744 2.816635813474022e-13 -0.0007211379421406092
5600 21.44170787089268 0.005143391781448254 0.1767228587981243 0.3983859049126076 2.8227420401094605e-13 -0.000723032135123253
5610 21.49317456082034 0.005150529099731265 0.17680310561535814 0.4133899321055403 2.8266278206956486e-13 -0.0007257535629620681
5620 21.54470274425252 0.005151620474469223 0.17688502630126848 0.4047023974529851 2.831623824306462e-13 -0.0007295137631390318
5630 21.596205825748374 0.005152783407080868 0.17696922105884613 0.3954714850452494 2.8382851624542127e-13 -0.0007323136810825784
5640 21.647779030927964 0.005159689024526996 0.17705675480114166 0.4040145218739768 2.8421709430404007e-13 -0.0007351413424837609
5650 21.69934579038145 0.005155289380945195 0.1771468275075639 0.394417049324409 2.8466118351389014e-13 -0.0007358419304658091
5660 21.75094285496739 0.005163371853751054 0.17723490010098794 0.4137063257779592 2.852162950262027e-13 -0.0007350872936470495
5670 21.80258408508218 0.005162026946531647 0.17731368343889978 0.40841946868089496 2.8571589538728404e-13 -0.0007327662859986774
5680 21.854210817859276 0.005165963202377226 0.17737832857227442 0.40526457646170344 2.8638202920205913e-13 -0.0007285463240277754
5690 21.90590413213239 0.005170383233677811 0.17743230078851932 0.4038035695718669 2.8677060726067793e-13 -0.0007243675576790585
5700 21.95758108608929 0.005167992554299319 0.1774865891939353 0.39856909359546333 2.8715918531929674e-13 -0.0007192192890221917
5710 22.00930579134505 0.00517584928580043 0.1775538437813242 0.4144752010814403 2.877142968316093e-13 -0.0007150488691574035
5720 22.06105304258102 0.005172165009974474 0.17764094633269945 0.4110057604177295 2.8821389719269064e-13 -0.0007112565310042494
5730 22.1128028463297 0.005178338076053173 0.1777445970833088 0.41790158306544 2.8882451985623447e-13 -0.0007080270414990503
5740 22.164612205322666 0.005180225121064553 0.1778533802316705 0.408372678667451 2.8937963136854705e-13 -0.0007060121421780549
5750 22.21640015655034 0.005180812677362327 0.17795482618922925 0.3982196776977551 2.897126982759346e-13 -0.0007038417017301954
5760 22.268248534360673 0.0051874076285623565 0.1780436468790959 0.4108405167813999 2.902122986370159e-13 -0.0007030411607687999
5770 22.32009857023157 0.00518348083129917 0.17812238263451263 0.40011908390922757 2.907674101493285e-13 -0.000702281377228958
5780 22.371972084882252 0.0051906280159221595 0.1781967843994846 0.4164531887377272 2.913225216616411e-13 -0.0007025150211778177
5790 22.423889146770957 0.005189860751547034 0.17827122568543083 0.4092315194283267 2.917110997202599e-13 -0.0007036425889467616
5800 22.47579341254645 0.005193359326519611 0.17834739344572806 0.4044321493714125 2.922107000813412e-13 -0.0007049311540764096
5810 22.527761162551602 0.005197764927833822 0.17842582078575095 0.4039071032899484 2.928768338961163e-13 -0.0007073185016695765
5820 22.579711763156983 0.005195383725929635 0.1785068304659043 0.39579720010872776 2.932654119547351e-13 -0.0007088986088903946
5830 22.631709282683705 0.005203131615295349 0.1785911453386326 0.41775424133409755 2.940425680719727e-13 -0.0007105649685960644
5840 22.68372591804895 0.005199318990991966 0.17867825956360062 0.40753481415703285 2.9437563497936026e-13 -0.0007110146089181575
5850 22.735746096771333 0.005205226418472555 0.178764355036442 0.4146204095258186 2.9504176879413535e-13 -0.000710237443768017
5860 22.787820808628673 0.0052067920555089325 0.17884256438914634 0.41792685568567634 2.952638133990604e-13 -0.0007087640308211295
5870 22.839876850090192 0.005207512373390248 0.1789071435205013 0.4048595886289037 2.9581892491137296e-13 -0.0007057189657149581
5880 22.891989104753154 0.005213456269741188 0.17895984770421422 0.414275957776281 2.9648505872614805e-13 -0.000702871745479789
5890 22.944099912682873 0.005209918287380632 0.17901080526936627 0.403100975460182 2.9698465908722937e-13 -0.0006992757720206722
5900 22.99623695993727 0.005216843630000915 0.17907304768812313 0.42396455037780945 2.974842594483107e-13 -0.0006962039738764384
5910 23.048411005794097 0.005215354972268561 0.17915474750851604 0.4121623784188637 2.97983859809392e-13 -0.0006935232273403122
5920 23.10057463487816 0.005219368259217063 0.17925408677309781 0.410750872018647 2.984279490192421e-13 -0.0006909412873231779
5930 23.152796653237264 0.005222852125485804 0.1793603586235264 0.41453278322671483 2.989275493803234e-13 -0.0006893881378971219
5940 23.205002417972167 0.00522134970041709 0.17946049902064146 0.3982627289574585 2.993161274389422e-13 -0.0006875327518324941
5950 23.257254807318283 0.005227982187875182 0.17954775772169565 0.4200984080861738 3.0003777240494856e-13 -0.0006866752218113309
5960 23.309521095954437 0.005224634978503622 0.1796238664221583 0.4088513428020262 3.003708393123361e-13 -0.0006858138113746042
5970 23.361797061730837 0.005230496786897378 0.17969483121115568 0.4180081788579857 3.008704396734174e-13 -0.0006854661565110212
5980 23.4141197968273 0.005231062927974758 0.17976580414446006 0.41293491489775547 3.0142555118573e-13 -0.0006857857668766325
5990 23.46642749634084 0.005233003300678598 0.1798390398228873 0.3994740122556947 3.018141292443488e-13 -0.0006859400490900775
6000 23.518792132587393 0.005237999058838662 0.17991517388408163 0.41500850120423627 3.0242475190789264e-13 -0.0006869200700252022
6010 23.57114603939054 0.0052350431339464425 0.17999442526098075 0.4044602699025992 3.029798634202052e-13 -0.000687204911387167
6020 23.62353558662302 0.005242165975212228 0.18007711675071197 0.42227356009497985 3.0331293032759277e-13 -0.0006876504207510531
6030 23.675950330226243 0.005239198382628068 0.18016245515056456 0.4145338480260161 3.040900864448304e-13 -0.0006874000243297105
6040 23.728362265766282 0.005244112897722368 0.1802467118684257 0.41209926192572044 3.0453417565468044e-13 -0.0006864393889327116
6050 23.780826417795655 0.0052462122916418965 0.18032326696131554 0.41952850624257176 3.053668429231493e-13 -0.00068532622394138
6060 23.833273938988732 0.005246222987687276 0.18038643649046002 0.40319271816541224 3.056443986793056e-13 -0.0006832161539499974
6070 23.885770587503988 0.005251885909841928 0.18043769083453481 0.4216048012910214 3.060329767379244e-13 -0.0006815156008182321
6080 23.938268844332125 0.005248532216430949 0.18048709572621704 0.41255121258416816 3.06588088250237e-13 -0.0006792689671592148
6090 23.99078841058876 0.005254802814393008 0.18054786305248435 0.42739506080987644 3.0714319976254956e-13 -0.0006774494772208024
6100 24.04334338115994 0.0052535954348162635 0.1806282126072042 0.41375853393011663 3.076428001236309e-13 -0.0006758155566789216
6110 24.095888001896245 0.00525721696723312 0.18072616934169128 0.4111489050457613 3.080313781822497e-13 -0.0006741318112795727
6120 24.148486207530667 0.00526046441938327 0.18083077872696754 0.41716392591590445 3.0858648969456226e-13 -0.0006731303471841244
6130 24.201069398054276 0.00525904678539839 0.1809288687863001 0.40520132697600764 3.091971123581061e-13 -0.0006717045468995521
6140 24.253696091693214 0.005265123104693919 0.18101361538561164 0.42396120927002134 3.0964120156795616e-13 -0.0006709819234860456
6150 24.306333841786575 0.005261944758836937 0.18108688426119757 0.4142822150612393 3.1019631308026874e-13 -0.0006699881447408394
6160 24.35898296635878 0.005267560669131188 0.18115506621460367 0.4201347229766135 3.1069591344135006e-13 -0.0006692757347686799
6170 24.41167292947741 0.005267607153250874 0.18122367301638592 0.4166125399134123 3.1136204725612515e-13 -0.0006687717426756225
6180 24.46435002399138 0.005270039361068805 0.18129518176586054 0.40228580057571284 3.1186164761720647e-13 -0.0006679545392912509
6190 24.51708051187065 0.005274214152224298 0.1813702493316913 0.42010581034306826 3.122502256758253e-13 -0.0006676362709702676
6200 24.569797391883785 0.005271763405813887 0.18144895701013283 0.4091967545015499 3.1269431488567534e-13 -0.0006666695361624789
6210 24.62255248486132 0.005278314011066158 0.18153125877348994 0.42640102775398026 3.131384040955254e-13 -0.0006660544580346316
6220 24.675324306515254 0.0052751196521151796 0.18161581073537425 0.418461657678164 3.1386004906153175e-13 -0.0006650063941372299
6230 24.72809955324147 0.0052802425588760965 0.18169845818848865 0.41599688789076095 3.1435964942261307e-13 -0.0006639052925757408
6240 24.780919575825838 0.005281329165007522 0.18177257457612564 0.4236142370918691 3.145816940275381e-13 -0.000662964501717342
6250 24.833724240994822 0.005282423203679043 0.18183315245503473 0.40773439589891936 3.1519231669108194e-13 -0.0006616442271734291
6260 24.88657765616171 0.005286860182373284 0.18188265918110516 0.4249345258902998 3.157474282033945e-13 -0.000660923882665131
6270 24.93942498489876 0.005284235706912322 0.18193195176152463 0.41508713432664146 3.160249839595508e-13 -0.0006597922479845991
6280 24.9923016478158 0.005290309503966563 0.18199423122954456 0.43187454270830883 3.1663560662309465e-13 -0.0006591687496643649
6290 25.045201242063975 0.005287826485058206 0.1820766186900721 0.4189340887130678 3.1752378504279477e-13 -0.0006584080748597569
6300 25.098099157769585 0.005292403262412152 0.1821755729933866 0.4178244238557076 3.1757929619402603e-13 -0.0006576529275671686
6310 25.151043727952484 0.005294112322056029 0.18227912045732114 0.4223977992479018 3.183009411600324e-13 -0.0006571417858796201
6320 25.203971699791293 0.005294484732331271 0.18237437755290845 0.4066514984914408 3.186895192186512e-13 -0.0006561550605753404
6330 25.256947549477793 0.005299278992980353 0.18245567619695705 0.42762834508772285 3.193556530334263e-13 -0.0006555763745986773
6340 25.309921546213285 0.005296573933668998 0.1825259643969976 0.4168881274010906 3.198552533945076e-13 -0.000654390971187197
6350 25.362919604193742 0.005302264322868285 0.18259210855497127 0.42661492698343795 3.203548537555889e-13 -0.000653376537593339
6360 25.415944038253365 0.005300465189668895 0.1826595326349636 0.4208893949009519 3.207434318142077e-13 -0.0006520148167075599
6370 25.46896493827488 0.005304876741357308 0.18273059571850395 0.41002912245754664 3.2124303217528904e-13 -0.0006503837690829384
6380 25.522033415052118 0.005306730885474102 0.18280579640364225 0.41878228842030774 3.217981436876016e-13 -0.0006488825530548172
6390 25.575082595909027 0.005306365046579459 0.18288503718067106 0.41093261666621717 3.2240876635114546e-13 -0.0006469053345608457
6400 25.628180029041435 0.00531151441522877 0.18296787497420017 0.42898892548745815 3.228528555609955e-13 -0.0006454706230080601
6410 25.68127588155551 0.005308472616737433 0.1830521867082995 0.42033160591137786 3.2346347822453936e-13 -0.0006438087003942322
6420 25.734392547176046 0.0053143303632003334 0.18313308058870356 0.42614080354194017 3.237965451319269e-13 -0.0006427564934431075
6430 25.787537587555782 0.005312859097017317 0.18320390474609644 0.4298251395544167 3.241851231905457e-13 -0.0006419602833189052
6440 25.840675834643832 0.005316367030337999 0.18326102479957743 0.41900762378754564 3.248512570053208e-13 -0.0006414263064590905
6450 25.893859758384473 0.00531846508820828 0.18330897668004437 0.4234145634542339 3.254063685176334e-13 -0.0006414633139363938
6460 25.94702850301141 0.005318015472227996 0.1833599429423448 0.41710629230539054 3.2573943542502093e-13 -0.0006412803826963295
6470 26.000240559340742 0.005323083671847369 0.1834265933394344 0.4352642566144218 3.2635005808856477e-13 -0.0006416136482753955
6480 26.05345330294853 0.0053200186787054436 0.18351369066257867 0.4264225289600099 3.2662761384472105e-13 -0.0006415120809235296
6490 26.106685356444242 0.005325808601220303 0.18361500033382552 0.4278770973525079 3.273492588107274e-13 -0.0006415636300505104
6500 26.159946327728875 0.0053243413929260006 0.1837172294757767 0.4266307248794101 3.2795988147427124e-13 -0.0006413314144137956
6510 26.213199394624166 0.005327952647222017 0.18380860138408642 0.4151122213474343 3.2823743723042753e-13 -0.0006407479705008391
6520 26.266499074829486 0.005330089414925913 0.1838857297927737 0.4267819276003141 3.2873703759150885e-13 -0.0006401139600815762
6530 26.319784732232606 0.005329704113132487 0.1839532424416558 0.4160945195083704 3.2923663795259017e-13 -0.0006387124896056577
6540 26.373112005686778 0.005334642927432925 0.1840183312224597 0.43195959619024704 3.2979174946490275e-13 -0.0006373064271415359
6550 26.426440620526527 0.00533162362846711 0.18408588571801437 0.42490102007245467 3.302358386747528e-13 -0.0006351088306939554
6560 26.479789203874244 0.005337432003906903 0.18415779559183376 0.4255354552575512 3.307909501870654e-13 -0.0006328382455656063
6570 26.53316530775158 0.005335643906817134 0.1842342552620339 0.4237163162047677 3.3112401709445294e-13 -0.0006303067114174141
6580 26.586531891465874 0.0053394571117371305 0.18431493611108463 0.41036941845470054 3.318456620604593e-13 -0.0006277508944480393
6590 26.639946449059092 0.005341356693002357 0.18439885459014013 0.4292091717333498 3.3217872896784684e-13 -0.0006257408160094823
6600 26.693344928945326 0.0053408539966889705 0.18448289924261774 0.41777963824848185 3.326228181776969e-13 -0.0006238875394172635
6610 26.74678506410671 0.005345635362687192 0.18456131348761626 0.43400682953744685 3.33288951992472e-13 -0.0006230573263494485
6620 26.800225413640238 0.005342913961901845 0.18462784160263523 0.42956064743976097 3.3373304120232206e-13 -0.0006225088023122053
6630 26.853684745780203 0.005348448049828655 0.18468118129327074 0.4272066312744992 3.3412161926094086e-13 -0.0006227652747501722
6640 26.907169781237748 0.00534681671738545 0.18472871474667688 0.4248606207968648 3.3489877537817847e-13 -0.0006232921579491088
6650 26.960648474479946 0.005350423137096234 0.18478386519156986 0.4177969120371168 3.355093980417223e-13 -0.0006239511850375645
6660 27.014171441093666 0.005352140199546582 0.18485764785002137 0.4312315249531862 3.3584246494910985e-13 -0.0006248254293873108
6670 27.067678589157445 0.005351944542023262 0.18495111253847857 0.42731465784324074 3.3612002070526614e-13 -0.0006252405398692086
6680 27.121228869450768 0.0053565909760498204 0.18505467039766774 0.4371378437872053 3.3673064336881e-13 -0.0006257747773797575
6690 27.174776441689534 0.005353817464611563 0.1851542928373814 0.4252186798250138 3.372302437298913e-13 -0.0006256138476367485
6700 27.22834614394601 0.005359544950122986 0.1852406176147803 0.42804843851076924 3.3767433293974136e-13 -0.0006252877495015585
6710 27.281939245782702 0.0053576304279193444 0.18531337508179088 0.4264317557273227 3.3834046675451646e-13 -0.0006243068184053251
6720 27.335529679742514 0.005361621813505443 0.18537892678378234 0.41372244294015703 3.387845559643665e-13 -0.0006227243970342009
6730 27.389161609841267 0.005362786823021431 0.1854442460450917 0.4323840403831627 3.3928415632544784e-13 -0.0006207121785141408
6740 27.442778180059562 0.005363062844684603 0.1855132932669572 0.4216205583720143 3.3967273438406664e-13 -0.0006179046330616119
6750 27.496440381976388 0.005367468535760378 0.18558722075324088 0.4373249183901715 3.402278458963792e-13 -0.0006151011800111991
6760 27.550094754851546 0.005364635218607514 0.18566584354266008 0.42929781796688127 3.4072744625746054e-13 -0.0006118970118948522
6770 27.603775272240206 0.005370721677984651 0.18574862462455327 0.4286569635093559 3.413380689210044e-13 -0.0006092205856604235
6780 27.65747438506227 0.005368174780054642 0.18583366729223477 0.42916432415507133 3.4178215813085444e-13 -0.0006069226983592383
6790 27.711173069443404 0.00537248313093022 0.18591668947956969 0.4149136265579306 3.423927807943983e-13 -0.0006054030489871199
6800 27.764910967524585 0.005373124414697963 0.18599131105413896 0.43301778689395953 3.4294789230671086e-13 -0.0006048160293162491
6810 27.81863468199162 0.005373997967964735 0.18605267168062892 0.4231897378891497 3.4333647036532966e-13 -0.0006047592613944037
6820 27.87240149994788 0.0053776302836845095 0.18610281439317164 0.4385989765686943 3.43836070726411e-13 -0.000605590997134442
6830 27.92615925693534 0.005375492161007489 0.18615230848170264 0.4340446546770319 3.443356710874923e-13 -0.0006064527004049322
6840 27.979946601874587 0.005381015671283706 0.186214881941522 0.4358254814166791 3.447242491461111e-13 -0.0006077234022605982
6850 28.033746730974872 0.005378259883123819 0.18629806897836299 0.42556314376170246 3.455014052633487e-13 -0.0006087092047100351
6860 28.087551345584743 0.005383105722439677 0.18639799686700473 0.421948826393593 3.456679387170425e-13 -0.0006095373397181842
6870 28.141392255334047 0.005382930918644055 0.1865020320335835 0.4334338162718986 3.462785613805863e-13 -0.000610048379594789
6880 28.19521940323887 0.00538473021306542 0.18659707503126932 0.4258094890328916 3.4688918404413016e-13 -0.0006099116583281607
6890 28.249091923971392 0.005387879016172022 0.18667750715229736 0.4373651496866927 3.4727776210274897e-13 -0.000609455785417629
6900 28.302952681745783 0.005386320834980116 0.186746538151318 0.4306206245134576 3.4783287361506154e-13 -0.0006080332823278868
6910 28.356848338504562 0.0053916322947397555 0.18681164579386622 0.4335392042177194 3.4849900742983664e-13 -0.0006062072296316723
6920 28.410750721797204 0.005388914955877633 0.18687876256945782 0.4316018274675224 3.4888758548845544e-13 -0.0006035060927581817
6930 28.46466416875382 0.005394083783863992 0.1869505072952245 0.4185362005867561 3.4927616354707425e-13 -0.0006004626788772753
6940 28.51860842217751 0.0053927290578479874 0.18702729007994917 0.4327369307124942 3.5005331966431186e-13 -0.0005971988600173268
6950 28.572540222817857 0.005395547930545526 0.18710873176127085 0.4236218548356092 3.5033087542046815e-13 -0.0005939661745644285
6960 28.626518165651884 0.005397589760009898 0.187193728165798 0.4400379060637867 3.5071945347908695e-13 -0.0005914067343459999
6970 28.680480820540044 0.005397012005104546 0.18727924667578247 0.4312598284591511 3.513300761426308e-13 -0.0005893202795127918
6980 28.73448220760264 0.005401726503334885 0.18735982472722246 0.437780364083041 3.519962099574059e-13 -0.000588391037492897
6990 28.788482948004717 0.005399104378727238 0.18742912429503078 0.4391875880941064 3.5232927686479343e-13 -0.00058807112222697
7000 28.84250128885978 0.005404410863811834 0.187485071626154 0.43172910927859487 3.527733660746435e-13 -0.0005886549182898424
7010 28.89654235633207 0.005402401994852451 0.1875340320665714 0.43093818250810156 3.5349501104064984e-13 -0.0005896497689937099
7020 28.95057836296798 0.005405940061501544 0.18758921420266464 0.42916084787200415 3.539391002504999e-13 -0.0005908596018297884
7030 29.004655687696907 0.005407067798159167 0.1876624594448209 0.4442494273133809 3.5427216715788745e-13 -0.0005922130016443364
7040 29.05871671988496 0.0054075077992366116 0.18775588806665425 0.437410516287963 3.5493830097266255e-13 -0.0005931693303444544
7050 29.11282075557057 0.005411565814741524 0.18786046587947922 0.4413052698742834 3.554934124849751e-13 -0.0005940526144946353
7060 29.16691685995581 0.005409265242183847 0.18796197801793352 0.4341732883005144 3.5599301284605644e-13 -0.0005942106936024495
7070 29.22103962530548 0.005414770093419817 0.18805048596303978 0.430276252400531 3.56326079753444e-13 -0.0005940154637006103
7080 29.275177494259836 0.0054120803875852145 0.1881251238261828 0.4309940993043665 3.5693670241698783e-13 -0.0005930048154121066
7090 29.32931937519446 0.0054166978285118805 0.18819210326746838 0.4220776806228337 3.573807916268379e-13 -0.00059132463027345
7100 29.383497304339343 0.005416480693133355 0.18825862655983303 0.4418924006417906 3.58046925441613e-13 -0.0005890134507638587
7110 29.4376614076094 0.005418279402471845 0.18832895901368957 0.4315689338791002 3.5849101465146305e-13 -0.0005860051630524161
7120 29.491870597521302 0.005421383391237032 0.18840436261333243 0.4442182437981994 3.5926817076870066e-13 -0.000582906455800937
7130 29.546064165266124 0.005419598933388708 0.1884845945111577 0.4364273587232611 3.593236819199319e-13 -0.0005795799289344476
7140 29.600293647539356 0.005425052589664239 0.18856904764187954 0.4316201475205699 3.598787934322445e-13 -0.0005768469607130705
7150 29.654527441714954 0.005422113807677292 0.18865568000316604 0.4343418274871579 3.6048941609578833e-13 -0.000574565536773047
7160 29.708773834489232 0.005427243771175431 0.18874018147804883 0.42298574928919175 3.610445276081009e-13 -0.0005732211472846385
7170 29.76304834043564 0.005425858874476864 0.1888161676562505 0.4410821545144902 3.612110610617947e-13 -0.0005727031756153466
7180 29.81731345537973 0.005428689249477628 0.1888789768800843 0.4315538484538094 3.61710661422876e-13 -0.0005728730293339447
7190 29.87161999835893 0.00543027473457199 0.18893088635173108 0.44684038711675345 3.623767952376511e-13 -0.0005737520253544269
7200 29.925910056203318 0.005430078526544957 0.18898265036972095 0.44115345752862245 3.6293190674996367e-13 -0.000574748357887901
7210 29.980240996101987 0.005434609270138859 0.1890479910812346 0.44347118895780047 3.632649736573512e-13 -0.0005760680041004999
7220 30.034566138401 0.005431904124902566 0.18913399147033666 0.4347782416631186 3.639311074721263e-13 -0.0005770580466543762
7230 30.088914640409406 0.0054373515779039 0.18923614699280852 0.42921122649622623 3.643751966819764e-13 -0.0005779528760157437
7240 30.143280393439955 0.005434658853643323 0.18934140852837106 0.43865273693421836 3.648747970430577e-13 -0.0005783364184557895
7250 30.19764614397104 0.005439018526904556 0.18943706521394882 0.43066737338805017 3.655409308578328e-13 -0.0005782185745830321
7260 30.252049933212753 0.005439237915868954 0.18951825149367985 0.44517581203192247 3.659295089164516e-13 -0.0005775539572482708
7270 30.30643906620614 0.005440828661728319 0.1895887779562531 0.43627955925433937 3.6654013157999543e-13 -0.000576079797283002
7280 30.36087371526515 0.005444080963374152 0.18965615098241018 0.44381185979423055 3.669842207898455e-13 -0.0005741486809785232
7290 30.41529540057507 0.005442281636064464 0.1897259201819381 0.4393409326153903 3.6742830999969556e-13 -0.0005714595943516682
7300 30.469750759622965 0.00544767703673655 0.1898004140494841 0.4298304558550996 3.6809444381447065e-13 -0.0005686379906823406
7310 30.524209276042132 0.005444449079745651 0.1898798073964569 0.43320436535523266 3.685385330243207e-13 -0.0005655967876749381
7320 30.5786803809131 0.005449857050057426 0.18996366862248867 0.4279442763390735 3.6903813338540203e-13 -0.0005629016334698814
7330 30.633180355800334 0.0054482776392136825 0.1900507164392028 0.4462338870139032 3.694822225952521e-13 -0.0005607020166816475
7340 30.68767032318806 0.005451274346479062 0.1901376809871842 0.43517946545508235 3.7009284525879593e-13 -0.0005591393826236161
7350 30.742204111851205 0.005453128410518866 0.19021881685790817 0.4486352867114156 3.708144902248023e-13 -0.00055845668758694
7360 30.796720522859545 0.0054526551345586306 0.19028807666405884 0.4432947152150556 3.7087000137603354e-13 -0.0005582878913001276
7370 30.851276432409882 0.005457072239748119 0.1903445963521782 0.4416151606671337 3.714251128883461e-13 -0.0005588563279492367
7380 30.905825761909124 0.005454328319569208 0.19039609910299254 0.4382335593259469 3.7192471324942744e-13 -0.0005595681177072499
7390 30.96039890248111 0.005459805145918538 0.19045620728302617 0.4329135434678544 3.725353359129713e-13 -0.0005605706433616408
7400 31.01498762939145 0.005456938099200668 0.1905354518041107 0.4444937560174834 3.730349362740526e-13 -0.0005614179215258985
7410 31.069577185668788 0.0054615568983684085 0.19063374609258704 0.4393740111448414 3.735345366351339e-13 -0.0005620930566834704
7420 31.124203701957 0.005461252463784071 0.19074040801921488 0.44868069958926593 3.740896481474465e-13 -0.0005624806609435547
7430 31.178814435427892 0.005462981514033127 0.19084151430309448 0.44137665685002037 3.745892485085278e-13 -0.0005623267211810438
7440 31.233470032352354 0.005466130223299563 0.19092904038411468 0.4449246573509448 3.748668042646841e-13 -0.000561816812666145
7450 31.288111825378827 0.00546462811535305 0.19100400542750928 0.4428696832011044 3.7558844923069046e-13 -0.0005605619191081002
7460 31.342791445320824 0.005470227293642805 0.1910733182667151 0.4320677264983688 3.760880495917718e-13 -0.0005589422488549147
7470 31.397474773106715 0.0054670615891552025 0.19114347517211458 0.4383736695918141 3.7664316110408436e-13 -0.000556701125432049
7480 31.452172071138474 0.005472272210329605 0.19121773231168798 0.4314567301842396 3.770872503139344e-13 -0.000554271057506846
7490 31.506890882723248 0.005469859893440676 0.1912967501475547 0.44953385832345194 3.77642361826247e-13 -0.0005517179242037211
7500 31.56160378795914 0.0054739172616730565 0.19138024556190017 0.4395166686214257 3.7808645103609706e-13 -0.0005493163266867963
7510 31.61635931091852 0.005474971012937311 0.19146743291497265 0.45156801498884613 3.7875258485087215e-13 -0.0005473872106752709
7520 31.671097594203385 0.005475057790991518 0.191555853716998 0.4432744654886627 3.790856517582597e-13 -0.0005458641708935164
7530 31.725878377346525 0.00547916164208333 0.19164066255366347 0.4397306087673377 3.794742298168785e-13 -0.0005450995931652802
7540 31.780649752198293 0.005476678258339919 0.19171542333252137 0.4452133065082827 3.801403636316536e-13 -0.0005447134443473712
7550 31.835447563856448 0.0054821541547491965 0.19177697602761823 0.43589881528141905 3.8058445284150366e-13 -0.0005449221555743519
7560 31.89025563530684 0.005479068520971592 0.19183019023937595 0.4470860895424331 3.809175197488912e-13 -0.000545289541563794
7570 31.94506925171824 0.005484025362205318 0.19188759383306941 0.43934022325657573 3.8152814241243505e-13 -0.0005458443970895099
7580 31.99991527221352 0.0054829564316826555 0.19196163919607007 0.4572328773847769 3.819722316222851e-13 -0.000546361753220164
7590 32.05474809186232 0.005485412170123913 0.19205581988503875 0.4479130840466228 3.8241632083213517e-13 -0.0005466755098144809
7600 32.10962530993699 0.005487651398395063 0.1921622907872225 0.4528042325302156 3.8297143234444775e-13 -0.0005468456006623502
7610 32.16448583783685 0.0054868915534147696 0.1922671513225675 0.44620414177698553 3.8363756615922284e-13 -0.0005465440471596934
7620 32.21938603447965 0.005491614905870697 0.19236011068999745 0.4394755817922895 3.8391512191537913e-13 -0.000546018520430572
7630 32.27428358704145 0.005488878822135994 0.19243968165161046 0.4415513463917402 3.8458125573015423e-13 -0.0005449214457780476
7640 32.329204165462436 0.005494887931291084 0.19251166759328156 0.4331843338392226 3.8496983378877303e-13 -0.0005435591956443587
7650 32.38414725470556 0.0054925565523015986 0.19258295772252254 0.4519920627563502 3.855249453010856e-13 -0.0005417762535237995
7660 32.439088799994536 0.005496702380440761 0.19265761396335523 0.4417718109271477 3.860800568133982e-13 -0.0005398268427215551
7670 32.49406358496162 0.0054959868570512525 0.19273674483642636 0.4549759112423717 3.8652414602324825e-13 -0.0005378524244913454
7680 32.549023338654216 0.005497990377454604 0.19282015242807252 0.44726157849737946 3.8702374638432957e-13 -0.0005359373906164426
7690 32.60402789115683 0.005500888731179276 0.1929074313509614 0.44658271298856544 3.8757885789664215e-13 -0.000534415917658741
7700 32.65901915924658 0.005499333961417238 0.1929968158633224 0.44703053419887606 3.8796743595526095e-13 -0.0005331295789070211
7710 32.714043961977865 0.005504201306466884 0.19308424770236332 0.4359330101783785 3.88411525165111e-13 -0.0005323986809227092
7720 32.769070242953354 0.005501307397143545 0.19316336700095751 0.4466945569179278 3.890776589798861e-13 -0.0005318955032690973
7730 32.82411029027559 0.005506624227752753 0.19322956413852047 0.44051497948262675 3.8957725934096743e-13 -0.0005317852149243338
7740 32.87917295073681 0.00550467852268771 0.19328539594354774 0.4550149920559573 3.89910326248355e-13 -0.0005317751793343112
7750 32.934230733372765 0.0055082483525029525 0.19334195322153844 0.447967735374618 3.906874823655926e-13 -0.0005318431055071504
7760 32.98932734934122 0.0055087971912392225 0.1934125757770604 0.4603672655382799 3.9113157157544265e-13 -0.0005319030358311538
7770 33.04440917913121 0.0055096879018306085 0.19350335720074666 0.45221816040712126 3.917421942389865e-13 -0.0005317668523853318
7780 33.09953287972996 0.005512976304813944 0.19360898489928402 0.45216234304462455 3.922417946000678e-13 -0.0005315696351153802
7790 33.154646233996104 0.005511303856765408 0.1937162719073011 0.4523201169867084 3.926303726586866e-13 -0.0005310192691596991
7800 33.20979075692648 0.0055164444295958065 0.1938135232936077 0.4392728487924584 3.9312997301976793e-13 -0.0005303673355471275
7810 33.26494198532207 0.005514002717899098 0.19389724401520847 0.45198872904638754 3.936850845320805e-13 -0.0005293456537185694
7820 33.32010706961693 0.0055193365098550095 0.19397209706445026 0.4417771348181515 3.9418468489316183e-13 -0.000528203472544259
7830 33.37530257214592 0.005518311034708502 0.19404503848216054 0.45615572276161254 3.948508187079369e-13 -0.0005268434089096565
7840 33.430493189485524 0.005521189381009486 0.1941205700678852 0.44863844616954707 3.951283744640932e-13 -0.000525417674641106
7850 33.48571857303472 0.005521629587527502 0.19420021268759327 0.455405770252605 3.95516952522712e-13 -0.0005240504364604039
7860 33.54092853993273 0.0055224273089118404 0.19428390312334273 0.45031887084177624 3.961830863374871e-13 -0.0005227222372340625
7870 33.59617932011988 0.00552590597287828 0.1943714368839948 0.4422615224726776 3.9662717554733717e-13 -0.0005216894213290733
7880 33.65142369599661 0.0055242481692227285 0.19446157670118622 0.44571353938710245 3.9718228705964975e-13 -0.0005207483872532925
7890 33.706694368049746 0.005528840608875588 0.19455093772965018 0.43854312897239345 3.9773739857196233e-13 -0.0005201449020289396
7900 33.76197198680129 0.005526685205882436 0.194633344303008 0.4554580808986317 3.982925100842749e-13 -0.0005195895759034293
7910 33.81725877525453 0.005531120155749954 0.1947033439819279 0.4455154228645113 3.9879211044535623e-13 -0.0005192218494607029
7920 33.872571344208126 0.005530068784006032 0.1947618586340431 0.46104409603898355 3.9929171080643755e-13 -0.0005188311307741948
7930 33.92787927631528 0.005532926437590189 0.1948187393796246 0.4548032993069151 3.9984682231875013e-13 -0.0005184193580827146
7940 33.983223586413914 0.00553390624031187 0.19488761964172857 0.46000501865649124 4.002909115286002e-13 -0.0005179659656416986
7950 34.038557372192976 0.005534466455255199 0.1949762666956386 0.452693312478475 4.009570453433753e-13 -0.0005173415194111131
7960 34.093928079014525 0.005537830875622761 0.1950812229513758 0.4502035141752818 4.0140113455322535e-13 -0.0005167074215509217
7970 34.14929342044472 0.005536471880555555 0.19519009542466284 0.45443487203044897 4.018452237630754e-13 -0.0005158499589289287
7980 34.20468550369623 0.005541087090404649 0.1952904652461691 0.43903485658757424 4.02400335275388e-13 -0.0005150218132290486
7990 34.26008634953864 0.005539292084574075 0.19537750200054582 0.4580284209889103 4.0295544678770057e-13 -0.0005140204783864143
8000 34.315500032127176 0.0055438137350775915 0.19545498560423222 0.44792160343363185 4.0334402484631937e-13 -0.0005130793701535814
8010 34.37094236721363 0.005543403387088628 0.19552974508221702 0.46050945503395 4.039546475098632e-13 -0.0005121034672769514
8020 34.42638486742936 0.005546132945761217 0.19560651709702 0.4535098032931195 4.0439873671971327e-13 -0.0005112066807680103
8030 34.48185813385682 0.005546780461521837 0.19568702657711612 0.45575168912152464 4.050093593832571e-13 -0.0005104313418979164
8040 34.53732285281786 0.0055477289410204396 0.19577132965442526 0.4536593721370228 4.0550895974433843e-13 -0.0005097094125207252
8050 34.592821978331266 0.005550583379012811 0.19585936035116952 0.4431645393372008 4.057865155004947e-13 -0.00050917768538261
8060 34.64831758905217 0.005549743949801174 0.19595027514134988 0.44834615980341885 4.064526493152698e-13 -0.0005086083473139547
8070 34.7038381461579 0.005553659455516558 0.19604112883513952 0.44310409128586603 4.068412273738886e-13 -0.0005081686712057705
8080 34.75936594309792 0.005552029810567804 0.19612590628180226 0.459983618077372 4.073963388862012e-13 -0.0005075858618769124
8090 34.814904759633436 0.005555897797185982 0.1961986625764648 0.4485826980339608 4.0795145039851377e-13 -0.0005070048049948239
8100 34.87046504659037 0.005555223733572927 0.19625936959059698 0.46447449116138706 4.084510507595951e-13 -0.0005062467591034003
8110 34.926026966505624 0.005558027759797595 0.19631718355272884 0.45877337458324075 4.0878411766698264e-13 -0.0005053881744458884
8120 34.98161883726934 0.005558813073647697 0.19638580541536982 0.4619014926928857 4.0939474033052647e-13 -0.0005044223352861624
8130 35.037206758275346 0.00555995745580579 0.19647384410643035 0.4548544651911308 4.097833183891453e-13 -0.0005033252006806242
8140 35.09282633687788 0.005562418406224862 0.19657884392557423 0.45219191858694563 4.103939410526891e-13 -0.0005022534776099808
8150 35.14844368182128 0.005562110663228667 0.1966889070031135 0.4575423468488815 4.107825191113079e-13 -0.0005010933700532067
8160 35.204087030433 0.005565623723914754 0.19679130963586236 0.4432810842272945 4.1139314177485176e-13 -0.0005000948988098889
8170 35.25973602499441 0.005564652724331453 0.19688061470138507 0.46153915070207274 4.118372309847018e-13 -0.0004991082652519127
8180 35.31540196049198 0.005568548230604261 0.19696019303554022 0.4514839533200453 4.122813201945519e-13 -0.0004983706640514472
8190 35.371089410136726 0.005568256708454598 0.19703672215180165 0.4638832065640598 4.12947454009327e-13 -0.0004977520396369796
8200 35.426784347234666 0.005571234938209932 0.1971149426218481 0.4568790791232161 4.134470543704083e-13 -0.0004973642779704994
8210 35.48250612479599 0.005571790950100244 0.19719658673561674 0.45967593699899145 4.1400216588272087e-13 -0.0004971281442451529
8220 35.53822692826322 0.005573431988875625 0.19728178176671518 0.4572358087560089 4.1444625509257094e-13 -0.0004969695718416969
8230 35.593976061971055 0.00557507516876085 0.19737059194717976 0.44734511116081654 4.1494585545365226e-13 -0.0004968808015016974
8240 35.649722753383344 0.005575316170891489 0.197462415249953 0.45215867770746876 4.154454558147336e-13 -0.0004966423247987945
8250 35.70549573294973 0.0055783779031148666 0.19755451250665798 0.4461054325988163 4.1600056732704616e-13 -0.0004963360587356557
8260 35.76127318579308 0.005577577055276961 0.19764084026590995 0.4626536116601856 4.165001676881275e-13 -0.0004957136454815146
8270 35.817067797953655 0.005580975046129909 0.19771518540837088 0.45172208360060184 4.169997680492088e-13 -0.0004949327766032763
8280 35.872876233008824 0.00558043021299768 0.19777729023418775 0.46730877481853506 4.173883461078276e-13 -0.0004938287291763247
8290 35.92869431198369 0.005583434838340953 0.19783631471282923 0.46159579035269815 4.1799896877137144e-13 -0.0004925718589589099
8300 35.98453414998831 0.005583674583164044 0.19790601507277306 0.4676171715977929 4.1827652452752773e-13 -0.0004911373702358564
8310 36.04037717573093 0.005585731706397239 0.19799510105554605 0.4600466575405451 4.1888714719107156e-13 -0.000489634480116227
8320 36.09624655024795 0.00558702202913148 0.19810115655550375 0.4592299811998509 4.194977698546154e-13 -0.0004881805230520663
8330 36.152116221914426 0.005587859451302207 0.19821225270675327 0.46247017901268905 4.198863479132342e-13 -0.0004867875077231578
8340 36.20801261683058 0.005590240102348547 0.1983156469175961 0.44860892501015726 4.204414594255468e-13 -0.00048567036991627416
8350 36.26391016110834 0.005589951031312871 0.19840607643406213 0.46283713428111095 4.208300374841656e-13 -0.00048474458901682886
8360 36.31982957887316 0.005593366088462702 0.19848706309986597 0.45247705990592 4.214961712989407e-13 -0.0004842279025897159
8370 36.375762088395476 0.00559311491151663 0.19856517977796626 0.4661474368906646 4.218847493575595e-13 -0.0004839532872987578
8380 36.431708987174474 0.005596289535670682 0.198644943760496 0.4583796310776376 4.223843497186408e-13 -0.0004840301553060192
8390 36.48767618151892 0.0055965284670809615 0.19872790733050633 0.46661448667257066 4.229394612309534e-13 -0.0004842485996129692
8400 36.54365131636034 0.00559897258867503 0.1988142403076564 0.46025824806746507 4.2349457274326596e-13 -0.00048455896624499586
8410 36.59964803405267 0.005599509325186671 0.19890412544063832 0.4556309361043708 4.2404968425557854e-13 -0.0004847950003642981
8420 36.655645500221276 0.0056008424664218915 0.19899705863592937 0.45911083976757006 4.2432724001173483e-13 -0.000484796485915491
8430 36.711669131016905 0.00560280083160939 0.19909019508273018 0.4483102705311407 4.248823515240474e-13 -0.00048453630656558567
8440 36.767694471552744 0.005603035368597612 0.19917722430145166 0.46169778128484684 4.2538195188512873e-13 -0.0004838394899666968
8450 36.823742940667856 0.005605812865617987 0.19925187682020465 0.4540209630621631 4.261035968511351e-13 -0.0004828438314831559
8460 36.87979845922233 0.005605576361865343 0.19931448180163616 0.4679307412982042 4.2627013030482885e-13 -0.0004814285565941887
8470 36.93587127708597 0.005608700422983009 0.1993749624285707 0.4607984059356416 4.269917752708352e-13 -0.00047983079371061345
8480 36.99195813304447 0.005608453827492683 0.19944712141319965 0.4744362638770052 4.275468867831478e-13 -0.0004780122354114823
8490 37.04805495731482 0.00561119717063768 0.19953896942791594 0.46535186830530084 4.2810199829546036e-13 -0.0004762100169572772
8500 37.10417259171619 0.005611539053718245 0.19964710781005698 0.4681949648713395 4.2849057635407917e-13 -0.0004744777153848136
8510 37.16029389883179 0.005613391873167101 0.1997590160316193 0.46578382565994525 4.2887915441269797e-13 -0.0004729726403870577
8520 37.2164407075729 0.005614714581386905 0.1998622967272838 0.455713699092651 4.293787547737793e-13 -0.00047182076303088627
8530 37.272586688354124 0.005615332793200374 0.1999526963732628 0.4582663858753143 4.2993386628609187e-13 -0.00047103981221778687
8540 37.32875895561974 0.005617975137286262 0.20003441315979487 0.4511883962269 4.303224443447107e-13 -0.00047075916229844103
8550 37.38493691609199 0.005618106799759548 0.20011390987740438 0.4686182895717719 4.309330670082545e-13 -0.00047082226219797565
8560 37.44113520058492 0.005621000446974983 0.20019526786466763 0.45823274212228715 4.3154368967179835e-13 -0.0004712827312367366
8570 37.49734686167166 0.005621288464677722 0.20027969616913624 0.4716912129072215 4.318767565791859e-13 -0.0004718486486580697
8580 37.55357431111663 0.005623986233225717 0.2003674070854325 0.46367263526647595 4.3248737924272973e-13 -0.0004724833578280206
8590 37.609815252850346 0.0056238780352010345 0.20045867481294186 0.468572365247506 4.3298697960381105e-13 -0.0004728914899865505
8600 37.66606351133276 0.005626169890261056 0.20055292493132212 0.4654401039481233 4.334310688136611e-13 -0.0004730056335049103
8610 37.72233351466808 0.00562692345040655 0.20064679775992392 0.45830344640511755 4.340972026284362e-13 -0.0004726760120347742
8620 37.77860678819196 0.005628372005927888 0.20073347119399426 0.4644473688875531 4.34485780687055e-13 -0.0004718639449252087
8630 37.834904541593716 0.005630091423454933 0.2008070622733004 0.45556611485872867 4.350408921993676e-13 -0.00047062644411609246
8640 37.89120567415746 0.005630739079761747 0.20086945395548697 0.4666785217620397 4.355404925604489e-13 -0.0004689603647595493
8650 37.94752952436443 0.0056332467132802246 0.20093194027443262 0.4611724281047025 4.36206626375224e-13 -0.0004670849375341777
8660 38.00385999405713 0.005633246184519265 0.20100814726933658 0.4753682471915157 4.365952044338428e-13 -0.0004650136470266997
8670 38.060208459131516 0.005636126321473932 0.2011044601915129 0.4689909473829823 4.369837824924616e-13 -0.00046303700505869643
8680 38.11656916259484 0.0056359409612239215 0.20121538431892044 0.4736805936981191 4.3759440515600545e-13 -0.0004611775993586106
8690 38.172941259749514 0.005638673326420152 0.20132750325917315 0.4635614680874356 4.380384943658555e-13 -0.0004596990878292279
8700 38.22933237266281 0.005638828568707963 0.20142941173911513 0.46752780556847173 4.3864911702939935e-13 -0.0004586191377546878
8710 38.285727271669764 0.005640852050360138 0.2015187183989583 0.46645634274485237 4.389821839367869e-13 -0.0004580696817276073
8720 38.34214687176628 0.005642030473278179 0.20160066259818477 0.45623723481207445 4.3953729544909947e-13 -0.00045802396197554924
8730 38.39857029706383 0.005643216394047735 0.20168147103253076 0.460633525000292 4.4009240696141205e-13 -0.00045840522804047024
8740 38.45501702462379 0.005645240036064128 0.20176444880449784 0.4557581574608821 4.404254738687996e-13 -0.000459122811874013
8750 38.51147229264691 0.005646181247212294 0.2018504754322526 0.47173464530866005 4.409805853811122e-13 -0.00045991563431427827
8760 38.56794803132497 0.005648332487607479 0.2019398347459105 0.46090996997573763 4.4142467459096224e-13 -0.00046068209884126744
8770 38.62442989542282 0.005648345986322205 0.2020327972685044 0.4749542921750457 4.420352972545061e-13 -0.0004611121733559039
8780 38.68092764066036 0.0056510229458553735 0.20212843474551634 0.4660307995569074 4.424238753131249e-13 -0.0004611836613069918
8790 38.73743897461565 0.005651050357565329 0.2022224153723545 0.4735553778803362 4.4286796452297494e-13 -0.000460688608703456
8800 38.7939604675834 0.005653486529754733 0.20230735013928153 0.4720195772574812 4.434230760352875e-13 -0.00045971950564737654
8810 38.85050124165039 0.005654005219264584 0.20237856961618408 0.4690227999160834 4.440892098500626e-13 -0.0004582383620634396
8820 38.90704804645345 0.005655807154530431 0.20244055289396398 0.4667321864106735 4.445332990599127e-13 -0.00045640517950964674
8830 38.96361713204682 0.005657088402041994 0.20250627995069803 0.45872367591594965 4.4525494402591903e-13 -0.00045433436885853945
8840 39.020190511928305 0.005658116972476886 0.2025884965276232 0.4665449053974714 4.4564352208453784e-13 -0.00045218067403517045
8850 39.07678635622558 0.005660188391257035 0.2026906435839107 0.46040889949357233 4.4603210014315664e-13 -0.0004501570214781159
8860 39.133387682208614 0.005660517896787342 0.2028042943223466 0.4748784999840985 4.4669823395793173e-13 -0.0004483593358724392
8870 39.19000876159652 0.0056631271289984 0.20291541224252918 0.4683429240917574 4.4708681201655054e-13 -0.0004470218693536903
8880 39.246639665068265 0.005663140500396163 0.20301453201471356 0.4742045606645693 4.475309012264006e-13 -0.00044613619053299625
8890 39.30328495196518 0.00566578334809066 0.20310199404514864 0.46868201471048354 4.481970350411757e-13 -0.0004458546051980183
8900 39.3599450564458 0.005665969825836528 0.20318402311691433 0.47349934945846384 4.48696635402257e-13 -0.0004460304416195851
8910 39.41661467306876 0.0056681947346257835 0.20326617454413184 0.4703806117910355 4.492517469145696e-13 -0.00044665657564142854
8920 39.47330354350442 0.005669089289428664 0.2033509188771447 0.4642112257530554 4.4958481382195714e-13 -0.00044748044032920576
8930 39.5300025694466 0.0056708671079589495 0.2034387610585557 0.46754459347624155 4.5008441418303846e-13 -0.0004483564384808122
8940 39.586720294201584 0.005671991232730624 0.20353004924719742 0.4581561423873972 4.505840145441198e-13 -0.00044904606057541646
8950 39.64344284969902 0.005672984148260207 0.2036249737347762 0.47055915250858693 4.5102810375396984e-13 -0.00044937272706894625
8960 39.70018632194539 0.0056749695130269015 0.2037217186049803 0.4617471513573024 4.515832152662824e-13 -0.00044924298754319726
8970 39.75693666450259 0.005675425400918373 0.20381454940357158 0.477425020233482 4.52138326778595e-13 -0.0004485473297701102
8980 39.81370528924942 0.005677804701473104 0.20389604155844207 0.46394942772292547 4.526379271396763e-13 -0.0004473800271200029
8990 39.87048440800347 0.005678068661487337 0.2039639738878787 0.4795575281731821 4.533040609544514e-13 -0.00044572337007245876
9000 39.92727772838293 0.0056804683699789365 0.20402638407321214 0.4759000754807349 4.537481501643015e-13 -0.00044380471744929226
9010 39.98408574787588 0.005680877272922445 0.20409754608299643 0.4801521755830337 4.539701947692265e-13 -0.00044167451626122173
9020 40.0409040785894 0.005682982690218785 0.20418785354145755 0.4719841901086219 4.5446979513030783e-13 -0.00043960241999664975
9030 40.09774067347761 0.0056838057356284185 0.20429646122232117 0.4728602707341161 4.551914400963142e-13 -0.00043767516222829883
9040 40.15458502618703 0.0056854239820503544 0.20441167482075942 0.47692373004310307 4.556910404573955e-13 -0.0004361139086658417
9050 40.211449408442284 0.005686774346990556 0.20451982419598957 0.4647658093937157 4.561906408184768e-13 -0.00043499622657332997
9060 40.26832062789855 0.005687833284666576 0.20461489377073871 0.4727099080713987 4.566347300283269e-13 -0.0004344052500872488
9070 40.32521111972821 0.005689626154910572 0.20470025242156187 0.46411341086969216 4.571898415406395e-13 -0.0004343496135523553
9080 40.38210930608616 0.005690256103251251 0.20478257376107223 0.47932283413101207 4.576339307504895e-13 -0.0004347199629178434
9090 40.439024516998344 0.005692352252180942 0.20486634572194895 0.4695694758630493 4.581335311115708e-13 -0.0004354345991498753
9100 40.49595116677025 0.005693094376799493 0.20495303696830214 0.48169047738353743 4.586886426238834e-13 -0.0004362328749431852
9110 40.55289280342129 0.005695086995596539 0.20504298299502174 0.4740002290007015 4.591882429849647e-13 -0.0004370025056135013
9120 40.60984758066801 0.005695684496840966 0.2051366081901631 0.47833645286900794 4.598543767997398e-13 -0.0004374633347618735
9130 40.666813651012056 0.005697627989770922 0.20523353203334452 0.475781210689712 4.601319325558961e-13 -0.000437567973815051
9140 40.7237964585611 0.005698524709765015 0.20533043418346156 0.4690406474598997 4.6074255521944e-13 -0.0004371469434482477
9150 40.78078839560905 0.005700092080851531 0.20542015810731712 0.47728468145849823 4.610756221268275e-13 -0.0004362607437076035
9160 40.837798340757196 0.005701365529070605 0.20549642441436575 0.4691055780319887 4.614642001854463e-13 -0.00043489866803693054
9170 40.89481669695516 0.0057025425450592995 0.20556122409160932 0.47331538918756266 4.622413563026839e-13 -0.0004331954134476747
9180 40.95185294625836 0.005704185617956254 0.20562637423099303 0.47174464604748245 4.628519789662278e-13 -0.0004312718360972393
9190 41.00889846558798 0.005705068073859828 0.20570589906155987 0.48116607440239545 4.631295347223841e-13 -0.0004292737257638744
9200 41.0659605179314 0.005706956417831593 0.20580591404272544 0.4776216948840295 4.638511796883904e-13 -0.00042739573645587253
9210 41.12303383883398 0.005707717208284232 0.20592008927311145 0.4845807956852304 4.64184246595778e-13 -0.0004257380587451849
9220 41.18012157683074 0.005709653190173145 0.20603431666062177 0.47670596443745916 4.647393581080905e-13 -0.00042449464707009616
9230 41.23722277869599 0.005710440385661427 0.20613735258927263 0.4787963919496102 4.651834473179406e-13 -0.0004236676385146617
9240 41.29433589808311 0.005712201197643892 0.20622778063543626 0.47640371417557514 4.656830476790219e-13 -0.00042336582348367815
9250 41.351464027683676 0.00571313464135705 0.2063115171765116 0.47304328134497875 4.662381591913345e-13 -0.00042346124371900676
9260 41.408602253404595 0.005714633273784605 0.2063947379086937 0.4757608595274475 4.669042930061096e-13 -0.00042393027381326534
9270 41.46575666538617 0.005715860247376014 0.20648043039948083 0.46562783015386566 4.671263376110346e-13 -0.00042455005509065523
9280 41.52292098855776 0.0057171234659971985 0.20656933802426972 0.47179344117862465 4.677924714258097e-13 -0.0004252011144926771
9290 41.58010191684961 0.0057186553961700165 0.2066617635064153 0.46659415891043443 4.682365606356598e-13 -0.0004256727271570045
9300 41.63729353335372 0.0057197143004195485 0.206757933241966 0.48166547302993445 4.686806498455098e-13 -0.0004258421274523916
9310 41.6945007184125 0.005721399489989426 0.20685628978929987 0.4707886939613427 4.691802502065912e-13 -0.00042561791527451383
9320 41.7517196144452 0.0057223375109965655 0.20695134103820467 0.48378161480341664 4.698463840213662e-13 -0.0004249427484952664
9330 41.80895241714067 0.0057240474110632315 0.20703542634356034 0.47528885571385937 4.701794509287538e-13 -0.00042387838080983585
9340 41.86619838236484 0.0057250128061905655 0.2071056491217769 0.4850559812871197 4.708455847435289e-13 -0.00042243857645087973
9350 41.923456743422086 0.005726628806702578 0.20716942541853106 0.4830363513953978 4.713451851046102e-13 -0.0004207981527455831
9360 41.98072960318387 0.005727725433069802 0.2072412326315343 0.4834625173743443 4.71511718558304e-13 -0.00041901146088005613
9370 42.03801387589607 0.005729172071214588 0.20733209852323775 0.47609400989623496 4.722888746755416e-13 -0.00041729659595681433
9380 42.09531344678544 0.005730455728941271 0.20744170849892798 0.47649069947860334 4.726219415829291e-13 -0.0004157122788669046
9390 42.15262418241352 0.005731720863631981 0.20755841798873284 0.48346198507072 4.73232564246473e-13 -0.0004144442592474351
9400 42.209950170327986 0.005733171575779144 0.20766810729580118 0.47095550699300226 4.737321646075543e-13 -0.00041351482067191543
9410 42.26728752680907 0.005734267754481184 0.20776443432040634 0.4802022035343606 4.742872761198669e-13 -0.0004130047339914759
9420 42.3246390835312 0.0057357939905132455 0.2078507637642545 0.4712386301963447 4.747868764809482e-13 -0.0004128653685946822
9430 42.38200264272763 0.005736816417084722 0.20793403708975056 0.4858700045900325 4.75397499144492e-13 -0.00041303673420455835
9440 42.43937925290539 0.005738362551742485 0.20801892366274213 0.4761417774429163 4.757860772031108e-13 -0.0004134092507513173
9450 42.49676925565656 0.005739470773372961 0.208106967378793 0.48806949166156965 4.762301664129609e-13 -0.0004138197704494183
9460 42.55417159662685 0.005740962489375153 0.20819847936753408 0.4801874576066306 4.76674255622811e-13 -0.0004141641113983275
9470 42.61158854115704 0.005742211982860756 0.20829378441596416 0.4858873325408183 4.770628336814298e-13 -0.00041426705994793535
9480 42.66901720025293 0.005743544347967684 0.20839225976954848 0.48210699093939635 4.776734563449736e-13 -0.00041410335353582635
9490 42.72646064867467 0.005744909856008379 0.2084902009293911 0.4761982058295722 4.782840790085174e-13 -0.00041356301002284414
9500 42.78391557861375 0.005746080592854132 0.20858026018586787 0.486205730079624 4.7883919052083e-13 -0.00041272153799657503
9510 42.84138493913467 0.005747561076074027 0.20865654462413855 0.4791472780163033 4.791722574282176e-13 -0.0004115560105808138
9520 42.898866301982416 0.0057486338275980235 0.20872204934728028 0.4788360402978181 4.798939023942239e-13 -0.0004102080090014538
9530 42.95636130471332 0.0057501825589949245 0.20878941730437142 0.4774312308864145 4.803935027553052e-13 -0.0004087221405321901
9540 43.013869314768876 0.00575124620999985 0.20887250618560624 0.4850967272958334 4.80782080813924e-13 -0.00040724997124487336
9550 43.07138995171725 0.005752781310798604 0.2089761332507869 0.48045071058348143 4.812816811750054e-13 -0.0004058695025210585
9560 43.12892473115692 0.005753926983651364 0.20909242138712814 0.4888838868921437 4.818923038385492e-13 -0.000404687721045256
9570 43.18647118075062 0.0057553546064853765 0.2092067505467098 0.48322893672604605 4.824474153508618e-13 -0.00040377450809715417
9580 43.244032467938574 0.005756626165927766 0.20930875248657346 0.48723332081861104 4.828915045607118e-13 -0.00040314640445725074
9590 43.30160459410528 0.005757858855643229 0.2093984238647477 0.4824059103932187 4.833911049217932e-13 -0.0004028270546430732
9600 43.35919154231703 0.005759269471635976 0.20948238483503048 0.4856549221996588 4.838907052828745e-13 -0.000402726336672964
9610 43.41678926757034 0.005760331479662805 0.20956663728422537 0.4836024033968058 4.843903056439558e-13 -0.00040281596551818314
9620 43.47440157147705 0.005761903662309751 0.20965389603460985 0.47817511870336027 4.847233725513433e-13 -0.0004029361137777689
9630 43.53202568908373 0.005762879541855311 0.20974467798588864 0.4819330274533802 4.853895063661184e-13 -0.0004030447309266098
9640 43.589663677692265 0.005764548285667241 0.20983922188922507 0.47258307251553966 4.86166662483356e-13 -0.00040298698332007785
9650 43.64731479144947 0.005765497924420534 0.20993736973318952 0.4794497322768493 4.864442182395123e-13 -0.0004027559135044911
9660 43.70497834225861 0.005767130864420504 0.21003666968184012 0.4740132660961376 4.869438186005937e-13 -0.0004022637521188504
9670 43.76265617671836 0.0057681448116374935 0.21013077983315248 0.48839290949653547 4.875544412641375e-13 -0.0004015551876947181
9680 43.82034505545556 0.005769654040799254 0.21021247984915084 0.47730028073304576 4.880540416252188e-13 -0.0004006260177257788
9690 43.87804931971115 0.005770836120511926 0.21028111554688267 0.49075528293552695 4.884426196838376e-13 -0.00039955096764970443
9700 43.93576370379151 0.005772150101124919 0.21034669293470556 0.48459000185369516 4.887201754399939e-13 -0.00039838968707262505
9710 43.99349409669909 0.005773558291880168 0.2104240105958444 0.49716872253921907 4.894418204060003e-13 -0.00039721153248849374
9720 44.05123440132336 0.0057746472703171054 0.21052171929799215 0.488455277002248 4.901079542207754e-13 -0.00039610664390183194
9730 44.10899062803985 0.005776272044479856 0.21063590388268383 0.49133831571129405 4.904410211281629e-13 -0.0003951074584505491
9740 44.166757349612595 0.00577716513820597 0.2107528040028043 0.4865953424501146 4.910516437917067e-13 -0.00039429783272399853
9750 44.224539035103064 0.005778921394363795 0.21085954278442373 0.4839310492877542 4.916067553040193e-13 -0.000393651060888425
9760 44.28233225459255 0.005779681982532833 0.21095273253112173 0.48486746933742964 4.918843110601756e-13 -0.00039321420886146916
9770 44.34013870491171 0.0057814632814682234 0.21103781379389489 0.47652169081896256 4.925504448749507e-13 -0.00039290018702534384
9780 44.397958203725686 0.005782227981790976 0.21112173656916858 0.4810480427220486 4.929390229335695e-13 -0.00039271324376876846
9790 44.4557892420192 0.005783962992107942 0.21120827606351014 0.47606046319587114 4.935496455971133e-13 -0.00039253711676168554
9800 44.51363533754315 0.005784890276546438 0.21129845789445065 0.49015979856250147 4.938827125045009e-13 -0.0003923567080130222
9810 44.571491577041435 0.005786468362656113 0.21139245023265682 0.4801415920289889 4.944378240168135e-13 -0.0003920768518631151
9820 44.62936441637869 0.005787634326586539 0.21149020012394698 0.4932540591865986 4.94992935529126e-13 -0.000391693067420768
9830 44.68724625026291 0.005788940765691405 0.21159006508541695 0.48323285671665406 4.956590693439011e-13 -0.00039116743556246716
9840 44.74514522518625 0.005790376596063811 0.21168671708315664 0.4947296267914413 4.959366251000574e-13 -0.0003905154542591335
9850 44.803052837677974 0.005791389807303837 0.2117725877211912 0.4883636075381365 4.9649173661237e-13 -0.0003897595580028623
9860 44.86097734692186 0.005793092384881538 0.21184458627447256 0.4919803631372679 4.971023592759138e-13 -0.0003889217930445168
9870 44.918911163769536 0.005793854188563816 0.21190998279495268 0.4918749700938323 4.976019596369952e-13 -0.0003880642275543627
9880 44.976860767381645 0.005795751274572016 0.21198343067438832 0.488333147294737 4.97990537695614e-13 -0.0003871958185297076
9890 45.034821221342696 0.00579636559003863 0.2120761820948083 0.4840704101736718 4.985456492079265e-13 -0.0003863911593226069
9900 45.092795685057 0.005798347109605864 0.2121876194412407 0.48288466851860945 4.990452495690079e-13 -0.00038563234988169394
9910 45.15078307851609 0.0057989498272182066 0.21230563746905473 0.4928722293119955 4.994338276276267e-13 -0.0003849822943597205
9920 45.20878230302671 0.00580086998995433 0.21241589090547494 0.48047199366289073 5.000444502911705e-13 -0.0003843922596971476
9930 45.266796467613524 0.005801585309890719 0.21251229900557872 0.4902600917700094 5.005440506522518e-13 -0.00038389878867239836
9940 45.32482019923852 0.005803298353455544 0.2125987111850478 0.4811441015637228 5.010436510133331e-13 -0.0003834327323240091
9950 45.38286056129656 0.005804259917151784 0.21268249892113528 0.4953212861380888 5.013767179207207e-13 -0.0003830062694069438
9960 45.44090895573642 0.005805690622132279 0.21276846624765317 0.48526387723012 5.019318294330333e-13 -0.00038255513183859855
9970 45.49897534089217 0.005807010800361756 0.21285814982066434 0.49713298139001205 5.025979632478084e-13 -0.00038208230533704076
9980 45.55704927673183 0.005808113489077162 0.21295170253895926 0.48853976966280777 5.031530747601209e-13 -0.00038155510297773897
9990 45.61514152504216 0.0058097851308604054 0.2130491506081286 0.4970320794493347 5.035416528187397e-13 -0.00038097940000724785
10000 45.67324165345154 0.005810551590795461 0.2131491689104762 0.4910120348726241 5.040412531798211e-13 -0.00038036397866094253
10010 45.73135910895051 0.00581249139011776 0.21324733344399827 0.4908977848085422 5.046518758433649e-13 -0.0003797148562499496
10020 45.789485709458575 0.005813009958682761 0.21333612689853637 0.49753982398801333 5.050404539019837e-13 -0.0003790713441380342
10030 45.847627838683906 0.005815114139561925 0.21341100130687587 0.4926278247597937 5.05540054263065e-13 -0.00037842694306405985
10040 45.90578123113378 0.005815529002240741 0.2134770125211571 0.48906417300272376 5.061506769266089e-13 -0.00037783117125006233
10050 45.96394777196077 0.005817657069724159 0.2135481135469759 0.48243842643999946 5.064282326827652e-13 -0.00037725492962732324
10060 46.02212811033307 0.0058181311648759886 0.21363716223147153 0.4872128733242548 5.070943664975402e-13 -0.000376740638909617
10070 46.08031908089704 0.005820135819716758 0.21374606348488642 0.4836258256331052 5.077049891610841e-13 -0.0003762363971187566
10080 46.13852632278021 0.005820822194838468 0.2138642773288287 0.49538222090675177 5.080935672197029e-13 -0.00037576937379974677
10090 46.196741956375675 0.005822558448231538 0.21397692618317335 0.48682252429346673 5.08537656429553e-13 -0.0003752763129413086
10100 46.254975657428155 0.005823555937435257 0.214075855791906 0.49838393280489934 5.090372567906343e-13 -0.00037477251014192284
10110 46.31321607390118 0.005824915016816843 0.2141635264954794 0.48953020940843794 5.094258348492531e-13 -0.0003742045990326832
10120 46.371475434815636 0.005826292140854701 0.2142473315994553 0.4993314893578672 5.098144129078719e-13 -0.0003735877964916824
10130 46.429741004407504 0.005827262145670952 0.21433284637070082 0.4924208665471358 5.105915690251095e-13 -0.0003729002293042013
10140 46.48802560931331 0.005829042215428982 0.2144221218402569 0.49875983304997185 5.110911693861908e-13 -0.00037216569884877614
10150 46.54631726043801 0.005829667322295969 0.21451537381085312 0.4937966431680406 5.115352585960409e-13 -0.00037140127672238236
10160 46.604626889080656 0.005831760729777001 0.2146125892690266 0.49224953120654136 5.120903701083535e-13 -0.0003706338292681433
10170 46.6629452536297 0.005832124098902577 0.21471265308431492 0.49547413907405236 5.125344593182035e-13 -0.00036990678083638744
10180 46.7212794182199 0.005834380401971597 0.21481163262269642 0.4882032808789314 5.130895708305161e-13 -0.0003692325412294501
10190 46.77962466777752 0.005834639368389294 0.21490231203072896 0.4967773400510499 5.134226377379036e-13 -0.0003686577128484104
10200 46.83798303338931 0.005836910529982225 0.2149792605274147 0.48947403429737824 5.141997938551413e-13 -0.00036816384994700353
10210 46.89635526377384 0.005837238408487613 0.21504606529740022 0.4920700560428064 5.146438830649913e-13 -0.0003677815059264568
10220 46.95473779149122 0.005839365730830695 0.2151159040785114 0.4914117915764208 5.149769499723789e-13 -0.00036745696526923645
10230 47.013136889953635 0.005839925016084224 0.21520251699040635 0.49836713933479737 5.15643083787154e-13 -0.000367197776066771
10240 47.071543817160645 0.005841766213896294 0.2153095241758026 0.4932604032207062 5.159761506945415e-13 -0.0003669259759149191
10250 47.129969492272025 0.005842682126620906 0.21542756440912392 0.501124574510114 5.166977956605479e-13 -0.0003666337931088812
10260 47.18840127002422 0.005844130669126536 0.21554160916651774 0.49556389975695947 5.170308625679354e-13 -0.000366244313096499
10270 47.24685294915045 0.0058454549544650755 0.21564224330795886 0.49944620326909006 5.176414852314792e-13 -0.00036575426071168275
10280 47.30530988602623 0.005846458841757974 0.2157308163073435 0.4940433163254846 5.180855744413293e-13 -0.00036511904955694417
10290 47.36378670206319 0.005848191434757778 0.2158146868344513 0.5008719548230725 5.185296636511794e-13 -0.00036435978044762067
10300 47.4222692247539 0.00584879707109378 0.21589988479080616 0.49665180755995886 5.190847751634919e-13 -0.0003634836266095644
10310 47.48077071139223 0.005850902802367904 0.21598889914976666 0.49610761016884974 5.194178420708795e-13 -0.0003625382450216679
10320 47.539279666249726 0.005851212485205811 0.21608197299959253 0.49689860638844974 5.200839758856546e-13 -0.00036157506479954815
10330 47.59780565432119 0.005853557335246146 0.2161790748578091 0.4896701741319429 5.205835762467359e-13 -0.0003606466079162517
10340 47.6563415734744 0.0058537037505316915 0.21627913803835094 0.49601307535903516 5.21249710061511e-13 -0.00035981837002661615
10350 47.71489174863014 0.005856116248973598 0.21637850965606475 0.48725201647832594 5.217493104225923e-13 -0.00035911613533467016
10360 47.773454685973185 0.005856268493412024 0.21647017977918023 0.49381178457730135 5.221378884812111e-13 -0.00035858691348351966
10370 47.832028877490515 0.005858590787437855 0.21654833599257653 0.49032754598874984 5.225819776910612e-13 -0.0003582085669341957
10380 47.89061877305036 0.005858921150713224 0.21661572732926435 0.4993917632696138 5.2297055574968e-13 -0.0003579919491491344
10390 47.949217074597264 0.005860995553434042 0.2166850384352537 0.49521285345684285 5.235811784132238e-13 -0.00035786650957622326
10400 48.00783366732949 0.0058616495258619755 0.21677041535605812 0.5043089604572208 5.241362899255364e-13 -0.00035780945951716906
10410 48.066456427300146 0.005863356755427366 0.21687636386574052 0.5002426701998338 5.245803791353865e-13 -0.00035772245465136895
10420 48.125099328067314 0.005864429824261044 0.21699421549430845 0.5056065866863608 5.250799794964678e-13 -0.00035757053472808015
10430 48.183747082467434 0.0058656960592830595 0.21710884025046034 0.4996862087701692 5.258016244624741e-13 -0.00035726468421980184
10440 48.24241569128125 0.005867210980568225 0.21721028948532667 0.5021655236728886 5.263012248235555e-13 -0.000356790572271397
10450 48.301088809570494 0.00586801328636492 0.21729928713160307 0.49842794980039956 5.268008251846368e-13 -0.0003561076507444575
10460 48.359782278565525 0.005869936305943761 0.21738317691853912 0.5014146639876048 5.273559366969494e-13 -0.0003552469055349862
10470 48.418481165101085 0.0058703491891114665 0.21746822349847755 0.49921046018087356 5.278555370580307e-13 -0.0003542333499638678
10480 48.47719903306588 0.005872619993009477 0.21755711243893913 0.4959242433496257 5.282996262678807e-13 -0.0003531385128571874
10490 48.53592445294682 0.005872766923490293 0.21765016518244124 0.49940553638889384 5.287437154777308e-13 -0.0003520338814307026
10500 48.594666591897024 0.005875246680025556 0.21774723679999672 0.49104986231024894 5.293543381412746e-13 -0.00035099633678573007
10510 48.65341902230066 0.005875270703290809 0.21784732024756498 0.49692142554320995 5.297984273511247e-13 -0.00035010123002307244
10520 48.712185216059694 0.005877784905793856 0.2179467593685135 0.4888181097878447 5.30298027712206e-13 -0.00034938831448615474
10530 48.77096468078505 0.0058778508921890835 0.2180386646513914 0.49702850087687356 5.309086503757499e-13 -0.0003488986037366419
10540 48.82975481617147 0.005880243754646891 0.2181171559525662 0.4944591896536388 5.314637618880624e-13 -0.000348610126531249
10550 48.88856120900412 0.0058805145917875026 0.21818476768267103 0.5038575827726911 5.320743845516063e-13 -0.0003485144179647485
10560 48.94737539701339 0.005882635093368325 0.21825409250173416 0.49812105429487374 5.324629626102251e-13 -0.00034853071120907357
10570 49.00620842460592 0.005883247459555551 0.21833933530317137 0.5086950261668767 5.328515406688439e-13 -0.0003486119574305204
10580 49.065047020865826 0.005884985198974303 0.2184451626799872 0.5040469919603139 5.333511410299252e-13 -0.00034864705725260847
10590 49.123906308772504 0.0058860284027393685 0.21856292381900544 0.5087454616669738 5.339062525422378e-13 -0.00034858285113475377
10600 49.18276985261993 0.005887316774155774 0.21867747334199455 0.502800332246196 5.344058529033191e-13 -0.0003483237219734452
10610 49.24165484030246 0.005888809926173793 0.2187788327590059 0.5049143109043095 5.348499421131692e-13 -0.00034785185944869704
10620 49.30054368658481 0.005889625339905764 0.21886772448979241 0.5015816145897019 5.354050536254817e-13 -0.0003471303902362194
10630 49.35945355122938 0.005891537513084369 0.2189515514108487 0.5041359306246735 5.358491428353318e-13 -0.00034620247980327403
10640 49.41836806841621 0.005891947386201679 0.2190365963100359 0.5023272280901139 5.364042543476444e-13 -0.00034510321432995453
10650 49.47730234648909 0.005894227727087916 0.2191255489509448 0.49904554165871473 5.367928324062632e-13 -0.0003439246445134665
10660 49.536243273997485 0.0058943457341024234 0.21921870028322 0.5025679561775355 5.374589662210383e-13 -0.0003427458275378776
10670 49.595201843037636 0.005896868664016528 0.21931587343494277 0.4944618553901453 5.379585665821196e-13 -0.00034166263327137366
10680 49.65416968755815 0.005896826144698319 0.21941595750163717 0.5005208865312113 5.385136780944322e-13 -0.00034074834669334643
10690 49.71315233160732 0.005899428546293839 0.21951518973323328 0.492439535295364 5.389577673042822e-13 -0.00034005396233677027
10700 49.772147174415636 0.005899378005878519 0.21960662766297148 0.49868315688248693 5.396239011190573e-13 -0.00033960746605161637
10710 49.83115373359485 0.005901910489640856 0.21968461072082177 0.4972081544016784 5.399569680264449e-13 -0.00033938965551213833
10720 49.89017551372342 0.0059020082162598245 0.219752078447856 0.5058179900080682 5.404565683875262e-13 -0.0003393721381404578
10730 49.9492060115716 0.005904323382828078 0.2198218860939964 0.5015989205845706 5.407896352949138e-13 -0.0003394719211369647
10739 50.0 0.003554966704896856 0.21989476350689147 0.5150870957732349 5.414557691096888e-13 -0.00033960351901614913
