#timestep time dt l2_scalar linf_scalar cons_scalar dsdu_ut 
0 0.0 1.0 5.75134288791064e-18 8.326672684688674e-17 0.0 -6.953430235739898e-17
10 0.023429649851863455 0.0024275887762378406 0.00041769849575053935 0.001679562452125416 1.6653345369377348e-16 -4.784586155140633e-7
20 0.04908780675929437 0.00264075929464972 0.0008770841973793276 0.004604245185264921 7.216449660063518e-16 -3.241945170693639e-6
30 0.0759255824966123 0.0027053943355584737 0.0012774528189271168 0.007288558449201843 1.2212453270876722e-15 -1.1642830990283739e-5
40 0.10302468057882595 0.0027084969391733527 0.0014603750489413667 0.007771992624545421 1.942890293094024e-15 -2.0748694764537095e-5
50 0.13008138976359718 0.002704959431397477 0.0014241404625267649 0.006113851856016095 2.3314683517128287e-15 -2.1535720273043635e-5
60 0.15715672359253346 0.0027106975830253426 0.0013292494654169528 0.004747778075328606 2.609024107869118e-15 -1.6588865152294454e-5
70 0.1843091831036016 0.0027183400023684033 0.0013629463088903405 0.007092189167131502 3.2751579226442118e-15 -1.4003884475752182e-5
80 0.21149683726723859 0.0027176764438852515 0.0014757877925355638 0.009137434059738214 3.774758283725532e-15 -1.7411912982600897e-5
90 0.2386472841344869 0.0027132078959467565 0.0014787372949800293 0.008999333702594314 4.3298697960381105e-15 -2.09360675054699e-5
100 0.2657737392127343 0.0027129330509733604 0.0013409813940969547 0.006861355336044428 4.829470157119431e-15 -1.8724686101881166e-5
110 0.29292033728385175 0.002716332103376522 0.0012370991434956468 0.006208617054897593 5.2735593669694936e-15 -1.3987580563138823e-5
120 0.3200981169219941 0.002718319289376839 0.0013069525198681944 0.007684345301548157 5.828670879282072e-15 -1.3898591166208035e-5
130 0.34727164639327107 0.0027161438940098174 0.001401367557018125 0.00890381043102828 6.38378239159465e-15 -1.8286422241714853e-5
140 0.3744186301302502 0.0027138664331338705 0.001351984107753204 0.007956382733068423 6.8833827526759706e-15 -1.98777845594883e-5
150 0.40156001800461466 0.002714896672701587 0.0012169376098930334 0.005248236509933724 7.438494264988549e-15 -1.5913110610232123e-5
160 0.4287247538302975 0.0027176836292758643 0.001208837490018458 0.005885538903325327 7.771561172376096e-15 -1.2486615996402245e-5
170 0.45590615359037207 0.0027179466946858004 0.0013443938003713898 0.00820678995591373 8.43769498715119e-15 -1.490548708945813e-5
180 0.48307317431444896 0.0027155515026297686 0.0014095579270682296 0.008511423335850865 8.992806499463768e-15 -1.924637839659845e-5
190 0.5102199908755424 0.002714436256304574 0.0013169468369788162 0.0067689294604226236 9.43689570931383e-15 -1.8628523783179723e-5
200 0.5373734764787709 0.0027164351634442465 0.001210439798841942 0.0054267149806607184 9.936496070395151e-15 -1.4122311712806701e-5
210 0.5645508657661032 0.0027184768171196307 0.0012685879641402692 0.006979423898343606 1.0380585280245214e-14 -1.2973205222470419e-5
220 0.591732625055402 0.0027174686911013426 0.0013880169687836977 0.008479947282846068 1.0880185641326534e-14 -1.7044817629142256e-5
230 0.6188941959079145 0.002715214635807169 0.0013752952039536763 0.007895033447251398 1.1324274851176597e-14 -1.9834370491498415e-5
240 0.646044586602513 0.002715405585256647 0.0012374720141114766 0.005495417131035296 1.199040866595169e-14 -1.684837615736727e-5
250 0.6732116288524788 0.0027178406652766042 0.0011801618708370413 0.004960739952280413 1.2323475573339238e-14 -1.2707287207344535e-5
260 0.7003976146283749 0.0027187478339044027 0.0012979564043408367 0.0074672283839906095 1.2656542480726785e-14 -1.3793861686890035e-5
270 0.7275761260031118 0.002716858998546805 0.0013983674277562978 0.00809227179053007 1.326716514427062e-14 -1.8138368601468583e-5
280 0.7547344313059182 0.0027153388949863987 0.0013468875436878974 0.006696381308979538 1.3933298959045715e-14 -1.8646178582288698e-5
290 0.7818932762540869 0.0027167294245435962 0.0012446081899934371 0.004701407247909017 1.4654943925052066e-14 -1.4451170760438573e-5
300 0.8090735987011077 0.0027189048093106604 0.0012873810383046036 0.00701962565980041 1.4932499681208355e-14 -1.2270937416770621e-5
310 0.8362631928314583 0.0027185369091141196 0.0014296775134756974 0.008755508434892811 1.554312234475219e-14 -1.5722147825773645e-5
320 0.8634367614429195 0.0027163945879128066 0.001468934223574003 0.008495117355423742 1.5709655798445965e-14 -1.9569422812009378e-5
330 0.8905961459225273 0.0027160282490866897 0.0013617564582033325 0.006399908897252116 1.6542323066914832e-14 -1.8088064805918848e-5
340 0.9177670185378105 0.0027181323434771133 0.0012703585989373082 0.006812916210144793 1.6986412276764895e-14 -1.4096183363347069e-5
350 0.9449576762730763 0.002719447643391955 0.0013312738143217285 0.008397104124455712 1.73749903353837e-14 -1.4343251812682427e-5
360 0.9721461868756209 0.0027180377671300856 0.0014116603119948134 0.009290017113659843 1.7708057242771247e-14 -1.8654714947729523e-5
370 0.9993157616618713 0.0027163154808969017 0.0013470904610240427 0.008205989944377268 1.8263168755083825e-14 -2.014293428462646e-5
380 1.0264811684594681 0.0027171489643677254 0.0011873454719673305 0.0055703994496916764 1.8818280267396403e-14 -1.6160591786846673e-5
390 1.0536649072957056 0.0027193003084186635 0.0011559273051770444 0.005224126595050893 1.942890293094024e-14 -1.2502838363715979e-5
400 1.0808612060180576 0.002719459839819991 0.0012949814586318707 0.006637606938115104 1.970645868709653e-14 -1.429098585564171e-5
410 1.1080458536615037 0.002717552278053841 0.001385745221157239 0.006694176212352132 2.0372592501871623e-14 -1.8002837765679445e-5
420 1.1352148934532689 0.002716764318276078 0.0013294866044438478 0.005593750652540697 2.070565940925917e-14 -1.730476127321707e-5
430 1.1623905464232762 0.002718471770385064 0.0012588660836392403 0.005143811071251614 2.142730437526552e-14 -1.3235302636386369e-5
440 1.1895854324001967 0.0027200339923714252 0.00133695252462159 0.007376070516307731 2.1815882433884326e-14 -1.25024256425007e-5
450 1.2167826663342458 0.0027191109337823846 0.0014669174221250245 0.008523532507669462 2.225997164373439e-14 -1.6694246318984537e-5
460 1.243963326648675 0.002717347649657691 0.0014673110947453505 0.007747164611740298 2.270406085358445e-14 -1.9619653426180368e-5
470 1.2711363916778677 0.0027176853603723423 0.0013406997177037026 0.005965640373735412 2.3203661214665772e-14 -1.70710486717858e-5
480 1.2983241403110997 0.00271968731853592 0.0012737919491745526 0.005759710821790831 2.3814283878209608e-14 -1.3396128336676943e-5
490 1.3255263352851776 0.002720263035528289 0.0013642515308490365 0.007887376478624586 2.4313884239290928e-14 -1.45239395169805e-5
500 1.3527211347695396 0.002718663247862142 0.001445546309399576 0.008202091872676953 2.4868995751603507e-14 -1.8554872868311104e-5
510 1.379900152253293 0.002717587419835282 0.0013832884412737774 0.0066949233204791625 2.531308496145357e-14 -1.8894012926175957e-5
520 1.4070814853424292 0.002718877264772318 0.0012655352553100176 0.005252139854244442 2.5757174171303632e-14 -1.4838433588067884e-5
530 1.4342805663194962 0.0027205576410089774 0.0012862893263175738 0.006697079249652016 2.6256774532384952e-14 -1.2700467728155723e-5
540 1.4614855624281506 0.0027200874285693566 0.0014159695027968872 0.008067513835013584 2.6700863742235015e-14 -1.5766483066698145e-5
550 1.4886768719600543 0.002718392654947083 0.0014556664863636343 0.007571536267135692 2.708944180085382e-14 -1.907889548707995e-5
560 1.5158582623086072 0.0027183113312934317 0.001355984369334556 0.00580383419335756 2.781108676686017e-14 -1.7375634810463773e-5
570 1.5430505669035273 0.0027200838336825725 0.0012763621060649488 0.005831711698172537 2.808864252301646e-14 -1.3433852819403833e-5
580 1.5702580991074644 0.002720972290407993 0.0013536340797358855 0.007430179288406724 2.864375403532904e-14 -1.3585532905070752e-5
590 1.5974621871025996 0.002719721179596142 0.0014573992991080455 0.007992909182288788 2.919886554764162e-14 -1.759613401017268e-5
600 1.6246513370999836 0.0027184843548683883 0.0014257231428248976 0.006756086647577986 2.958744360626042e-14 -1.90486677472141e-5
610 1.6518392399546682 0.002719361705676612 0.001301261894988795 0.005367130151552324 3.036459972349803e-14 -1.5587779539687208e-5
620 1.6790426860318555 0.00272104194096138 0.001280824120199325 0.006047517458362739 3.058664432842306e-14 -1.2634409998976692e-5
630 1.706254587591444 0.002720963226913388 0.0014026096555116564 0.007618298381238953 3.108624468950438e-14 -1.4745413758288951e-5
640 1.733455934728295 0.0027194246378915527 0.0014766931789337286 0.007380750307876438 3.214095656289828e-14 -1.8383790480741916e-5
650 1.760646141742898 0.00271901900888618 0.001410382494024212 0.006079910240266828 3.2307490016592055e-14 -1.76356288933101e-5
660 1.7878437004705978 0.0027205175584880618 0.0013272823885825656 0.005071111394714944 3.2529534621517087e-14 -1.3661258141115868e-5
670 1.8150563223706473 0.0027216094631022157 0.0013890771786739281 0.007498552099366562 3.3084646133829665e-14 -1.2828688080788615e-5
680 1.8422688600593036 0.0027207064172185508 0.0015133247992664255 0.008281760652218417 3.36952687973735e-14 -1.6564913661633868e-5
690 1.869467984912717 0.002719414785217485 0.001522492088293498 0.007292754916177091 3.397282455352979e-14 -1.9102566431820354e-5
700 1.8966631904415734 0.0027199255411817333 0.0014115542584069722 0.006100859893377053 3.4583447217073626e-14 -1.669357687223563e-5
710 1.923871436152926 0.0027215251306912966 0.0013507798199773023 0.006753967647748604 3.5138558729386205e-14 -1.3507301621576595e-5
720 1.951089752448006 0.0027217633422024546 0.0014295072211554319 0.00834086800186562 3.5860203695392556e-14 -1.4887757700999531e-5
730 1.9783005498107806 0.002720428324166544 0.0014962585788598462 0.008329359123138258 3.630429290524262e-14 -1.8751015414806215e-5
740 2.0054998302484073 0.0027197903192083205 0.0014240290150033961 0.006687585095253024 3.6692870963861424e-14 -1.8884157192900126e-5
750 2.0327032665628257 0.002720995165554083 0.0012977191603824646 0.005263328908916232 3.708144902248023e-14 -1.4842553275961417e-5
760 2.0599209154120453 0.002722198405150236 0.001311324266205464 0.005848443552700089 3.774758283725532e-14 -1.2661983321289577e-5
770 2.0871411861935973 0.002721621069004594 0.0014439909658492396 0.006847107690990173 3.808064974464287e-14 -1.531924480098446e-5
780 2.114349967497784 0.0027203557631305126 0.001500484147749231 0.006200793759686407 3.863576125695545e-14 -1.81262805546668e-5
790 2.1415529685820447 0.002720554954639749 0.001429444113180593 0.006048228523822974 3.913536161803677e-14 -1.636145061952923e-5
800 2.168766389007401 0.002722012204977096 0.001377831754805858 0.00580142174426268 3.963496197911809e-14 -1.283602092441611e-5
810 2.1959906602863346 0.0027224887338692916 0.0014648544908607767 0.0077120561598733595 4.0190073491430667e-14 -1.336165752606453e-5
820 2.2232102133948435 0.0027213870649644566 0.0015695028777933362 0.007922378555803355 4.085620730620576e-14 -1.7395474515775297e-5
830 2.25041865100594 0.0027206161032792093 0.0015434084434399493 0.00655640170794114 4.1244785364824565e-14 -1.883454039868773e-5
840 2.2776286592930313 0.0027215376165374934 0.0014267947738525494 0.005670277168866866 4.168887457467463e-14 -1.568153994558003e-5
850 2.304851551645182 0.002722767839454223 0.0013990778760231738 0.006650385126588998 4.213296378452469e-14 -1.314086583348393e-5
860 2.3320789932629267 0.0027224640313942123 0.0014989891192315845 0.007827372409836442 4.263256414560601e-14 -1.528787325818983e-5
870 2.3592969461765896 0.0027212782859099187 0.0015564397908499276 0.007288786775463518 4.3076653355456074e-14 -1.8601703756372656e-5
880 2.3865080057787242 0.002721233824800525 0.0014824849493220438 0.006469918752798509 4.368727601899991e-14 -1.767230100469669e-5
890 2.413727059598607 0.002722525324687282 0.0013925803416125165 0.005799133885353691 4.413136522884997e-14 -1.3871796294744054e-5
900 2.440957155303978 0.002723168925384573 0.0014420008566878837 0.00725377976408792 4.4575454438700035e-14 -1.3164074774380669e-5
910 2.4681849089785532 0.002722294295946843 0.0015563972032514124 0.007665282277152796 4.518607710224387e-14 -1.6592809186822752e-5
920 2.4954023341215095 0.0027214555133169786 0.0015659681814976986 0.006650305530233713 4.5630166312093934e-14 -1.8642853914117288e-5
930 2.522619303569255 0.002722121992929491 0.001466232731717354 0.006076478451155332 4.6129766673175254e-14 -1.6065965207425273e-5
940 2.549847622979966 0.002723326860652531 0.0014214220848577021 0.006237632519307645 4.6629367034256575e-14 -1.3022048995140964e-5
950 2.577081830221325 0.0027232509442676636 0.0015117180055826086 0.0075919397911689 4.701794509287538e-14 -1.4397221409872402e-5
960 2.6043085356305857 0.002722182682836994 0.0015906577347595124 0.007255485603906986 4.757305660518796e-14 -1.7986557301546274e-5
970 2.6315278662309396 0.0027219624547734672 0.0015391546069158269 0.0067160358812501375 4.807265696626928e-14 -1.8039556700150464e-5
980 2.658753021462391 0.002723071944498187 0.0014366186491824484 0.005516810025673613 4.8683279629813114e-14 -1.444021596189865e-5
990 2.6859889014103855 0.002723815061278695 0.001453523250336308 0.0068420250725780285 4.8905324234738146e-14 -1.286311633764102e-5
1000 2.713224322334743 0.002723148573748703 0.0015695713742496034 0.007442503673086631 4.9460435747050724e-14 -1.5712008289988245e-5
1010 2.740450467860322 0.002722299552676401 0.00161161351938445 0.006672565265348762 5.029310301551959e-14 -1.831835135511061e-5
1020 2.7676747411832827 0.002722754277569372 0.0015353366427798912 0.006440999595832164 5.079270337660091e-14 -1.645348845681963e-5
1030 2.7949088090674152 0.0027238976335603408 0.001480263202545316 0.0062199482763840575 5.101474798152594e-14 -1.3081465459913321e-5
1040 2.8221495544759283 0.002723993251093978 0.0015583421282136267 0.007739824094368131 5.1514348342607263e-14 -1.361411260712634e-5
1050 2.849384555661555 0.0027230531699478163 0.0016569530243789512 0.007589599453584395 5.2013948703688584e-14 -1.7271773553269208e-5
1060 2.876612154724456 0.002722720731791163 0.0016350945863722861 0.006934412560465675 5.229150445984487e-14 -1.8360096938559953e-5
1070 2.9038438317473725 0.0027236598097226316 0.0015302687132661519 0.006555594058602732 5.290212712338871e-14 -1.5362237881189742e-5
1080 2.931085672781574 0.00272445405754703 0.0015065003123799882 0.007256301202810067 5.362377208939506e-14 -1.329308953971218e-5
1090 2.958328462400342 0.0027239609175469227 0.00159455492974813 0.008027400610531976 5.412337245047638e-14 -1.5616413311264768e-5
1100 2.985563039634407 0.0027231305901118524 0.0016385124428153956 0.007180254617759729 5.4567461660326444e-14 -1.8665616599162108e-5
1110 3.0127947699667508 0.0027234151772295933 0.0015589417752801416 0.006835547545700815 5.512257317263902e-14 -1.750052507315786e-5
1120 3.0400348391973284 0.0027244800670715085 0.0014705303684008236 0.005765220671157367 5.56776846849516e-14 -1.3788058478835197e-5
1130 3.067282005730918 0.0027247040382314854 0.0015207830261394731 0.0065937117655821 5.623279619726418e-14 -1.3152544910818416e-5
1140 3.0945249272927486 0.002723889590304755 0.0016369838878762528 0.006628167126702222 5.67323965583455e-14 -1.6256592727115174e-5
1150 3.121760678597575 0.0027234889306977173 0.001657480723163852 0.006969248030056163 5.71209746169643e-14 -1.7857131113111072e-5
1160 3.14899912405846 0.0027242736809459612 0.001580285654409074 0.006270266404010072 5.762057497804562e-14 -1.5274765753383483e-5
1170 3.176247015267611 0.0027250829081925543 0.0015561316965664188 0.006798733898292553 5.806466418789569e-14 -1.2674574218369591e-5
1180 3.20349686088176 0.0027247321247499336 0.0016490831599184719 0.007745434376812965 5.873079800267078e-14 -1.4363569249170721e-5
1190 3.230739543897786 0.002723947074217861 0.0017230797420032039 0.007071329006518856 5.906386491005833e-14 -1.7849920603090028e-5
1200 3.2579788721691902 0.0027241119193664653 0.0016725419767420696 0.007079444648184885 5.956346527113965e-14 -1.7789804041321738e-5
1210 3.285225317631484 0.00272509463447352 0.0015755796651973286 0.006041759837751126 6.017408793468348e-14 -1.446934449461602e-5
1220 3.3124789659877254 0.002725400150050928 0.0015867654833732162 0.0072413185666808655 6.056266599330229e-14 -1.3288515886747572e-5
1230 3.339729476282252 0.0027246871988055215 0.0016850754037756935 0.007438448056199531 6.111777750561487e-14 -1.6116474079373028e-5
1240 3.3669731146782267 0.0027242476353445872 0.0017126362920760736 0.007094253112317039 6.167288901792745e-14 -1.8348575053908633e-5
1250 3.394218451146525 0.002724910438102628 0.0016317067897464058 0.006745269297367407 6.211697822777751e-14 -1.6330515920249394e-5
1260 3.4214725896439386 0.0027257228927067756 0.0015760987889254041 0.006346353071513433 6.261657858885883e-14 -1.3212269310166475e-5
1270 3.4487294149777323 0.0027254809372718376 0.0016478809198311921 0.007460078787596136 6.311617894994015e-14 -1.3908201470005585e-5
1280 3.475979930029496 0.0027247369016962105 0.0017389671695185788 0.006945920664006788 6.367129046225273e-14 -1.7245112068207946e-5
1290 3.503226759342336 0.0027248139427801356 0.0017184821113792321 0.007275102892719043 6.417089082333405e-14 -1.787043643810128e-5
1300 3.530479708204464 0.0027257215804153442 0.001627714143448972 0.006217059772700928 6.467049118441537e-14 -1.4811955755381079e-5
1310 3.5577398742446396 0.002726087064681327 0.0016202716019534874 0.007023405925244086 6.505906924303417e-14 -1.2993982186054048e-5
1320 3.584997780393713 0.0027254596982830915 0.0017147058580902726 0.007386258756241659 6.566969190657801e-14 -1.5331240889798065e-5
1330 3.6122491387826123 0.0027250000755795613 0.0017628596710514955 0.00706215545906097 6.600275881396556e-14 -1.8069349517780067e-5
1340 3.6395014858051633 0.002725568038464371 0.0016955570416213085 0.007089725149859949 6.655787032627813e-14 -1.6814209626941218e-5
1350 3.6667620507520278 0.0027263726513017603 0.0016225028320371979 0.005970527598825548 6.716849298982197e-14 -1.354681814038413e-5
1360 3.694025793777866 0.002726210456448689 0.0016716878686946512 0.0072508240188641215 6.772360450213455e-14 -1.3434432701189217e-5
1370 3.7212838766868805 0.002725501544884798 0.0017726384582668069 0.006891503839383306 6.800116025829084e-14 -1.65669085758287e-5
1380 3.7485380813226366 0.0027255207942650382 0.0017811896945164715 0.007405174753767563 6.866729407306593e-14 -1.785587431317394e-5
1390 3.775797683998691 0.002726369279059222 0.0017031117756409705 0.006540686101254745 6.905587213168474e-14 -1.5205747394092187e-5
1400 3.8030645002293086 0.0027267794588499445 0.0016813451384072957 0.0071120651967527815 6.966649479522857e-14 -1.2856710762524805e-5
1410 3.8303296920268153 0.0027262119730469456 0.0017690246150918354 0.007636731357449245 7.016609515630989e-14 -1.4590123405280241e-5
1420 3.8575885483900096 0.002725736000493148 0.001836166036635754 0.0069769895887690225 7.049916206369744e-14 -1.7689238581411652e-5
1430 3.884847898723444 0.0027262371500912305 0.0017870945459691364 0.007401828431441548 7.122080702970379e-14 -1.7314420901972158e-5
1440 3.912115077405869 0.002727043101987575 0.0016994962631065142 0.006836002109645745 7.149836278586008e-14 -1.4225176753909449e-5
1450 3.9393858482681092 0.0027269405659376775 0.001712831017224633 0.007592732531522373 7.194245199571014e-14 -1.3509023302984886e-5
1460 3.9666513771181497 0.002726245691683404 0.0017994597309029625 0.0073784617714407474 7.244205235679146e-14 -1.638783804918304e-5
1470 3.993912772074208 0.002726213315899215 0.0018151119227100866 0.007517667957980034 7.294165271787278e-14 -1.825092262249539e-5
1480 4.021179013077325 0.0027270198643487118 0.001732991837071401 0.007007187089307587 7.338574192772285e-14 -1.6038530832443365e-5
1490 4.04845254436183 0.0027274757298434704 0.0016852304122278925 0.0061590047431197 7.382983113757291e-14 -1.3130654830114235e-5
1500 4.075724999143921 0.0027269534125583584 0.001761111209643593 0.006850848108900465 7.432943149865423e-14 -1.395326949415464e-5
1510 4.102991202298533 0.002726454478855533 0.0018523505546949148 0.006735071935869086 7.494005416219807e-14 -1.6950571896569322e-5
1520 4.130257460008667 0.0027269047261257702 0.0018391619764159676 0.007573777985826702 7.538414337204813e-14 -1.7164735026574928e-5
1530 4.157531272829218 0.0027277167646447354 0.0017668064113726318 0.006302845979837768 7.593925488436071e-14 -1.4212798821728387e-5
1540 4.184809075079933 0.0027276657304051606 0.0017740477337961945 0.007451885693945615 7.638334409421077e-14 -1.2881926113683396e-5
1550 4.212081930448639 0.002726974149340305 0.0018660797396029723 0.007391086536509106 7.682743330406083e-14 -1.542147993460779e-5
1560 4.239350384734322 0.002726900050013057 0.0019057087876989266 0.007495682484654265 7.72715225139109e-14 -1.79126467048163e-5
1570 4.266623334374512 0.002727686930017664 0.0018373902937212781 0.007365961887803141 7.788214517745473e-14 -1.652055621151078e-5
1580 4.2939037552945365 0.0027281890988351187 0.0017692171634029834 0.006572511002707504 7.821521208484228e-14 -1.3586283500518527e-5
1590 4.321183528833769 0.0027276912878220418 0.0018135842318043383 0.00742435594965285 7.888134589961737e-14 -1.3841642213719384e-5
1600 4.348456907118556 0.0027271496731188917 0.0018989191575243644 0.006673164507669416 7.938094626069869e-14 -1.6832953501237646e-5
1610 4.375729858284311 0.0027275608431855413 0.0018948244460812033 0.0077903080507709666 7.988054662178001e-14 -1.7698884030440884e-5
1620 4.403010278635416 0.0027283972372414904 0.0018155164190832474 0.006717930254865501 8.043565813409259e-14 -1.4990697753482912e-5
1630 4.430295230637761 0.0027284040092074376 0.0017977859212321816 0.007144015248444657 8.087974734394265e-14 -1.2992923971555381e-5
1640 4.457575456636202 0.0027276974500496753 0.001882214748468607 0.00723356610139958 8.149037000748649e-14 -1.4853169136224559e-5
1650 4.484850820474239 0.002727565495726742 0.001943124483081805 0.00740331848426945 8.193445921733655e-14 -1.7554199529968423e-5
1660 4.512130314130968 0.0027283408959338615 0.001897165519904727 0.007675504353057472 8.248957072964913e-14 -1.677237781562077e-5
1670 4.539417594184244 0.0027289050873887735 0.0018257538191047001 0.0065270123188047036 8.293365993949919e-14 -1.3788372896323883e-5
1680 4.566704751248233 0.0027284330033907653 0.0018534468687733219 0.007382506959156765 8.337774914934926e-14 -1.3403676129262326e-5
1690 4.593985292604232 0.00272783688552731 0.0019412528683468502 0.006760700518970819 8.398837181289309e-14 -1.6227251423642924e-5
1700 4.62126483653975 0.002728206876780312 0.0019555940484752153 0.007883006382262026 8.448797217397441e-14 -1.771900185660452e-5
1710 4.64855183630946 0.0027290780661298627 0.0018810653379832743 0.007163806015352603 8.515410598874951e-14 -1.547607174247692e-5
1720 4.675843993078977 0.0027291492139065233 0.0018437459309094619 0.00694370545717049 8.520961713998076e-14 -1.306730339419547e-5
1730 4.703131620289434 0.002728418052925731 0.0019160266064188619 0.0071879684977902425 8.565370634983083e-14 -1.4299188984221237e-5
1740 4.730413780770499 0.002728215436557025 0.001992775013590137 0.007238984086343159 8.62088178621434e-14 -1.7128889513355703e-5
1750 4.757699686246622 0.002728988261984286 0.001970366432253451 0.007929682278335792 8.698597397938101e-14 -1.6978495172494926e-5
1760 4.7849938245555705 0.0027296292502922083 0.001901534362345734 0.0064072499598124555 8.72635297355373e-14 -1.4079897627886773e-5
1770 4.812288476190795 0.002729187038204068 0.001914299151758557 0.007603202793970754 8.781864124784988e-14 -1.309081320342769e-5
1780 4.839576197644344 0.002728517798223196 0.0020015594399473285 0.007112035616397616 8.820721930646869e-14 -1.5618246770880977e-5
1790 4.866862186670661 0.0027288365323829915 0.0020330280799742886 0.007920277991120717 8.876233081878127e-14 -1.7663006362065287e-5
1800 4.894155673281257 0.0027297571286831143 0.001965298410670011 0.007580495033784718 8.915090887740007e-14 -1.604189585629074e-5
1810 4.921455123298617 0.0027299113168013918 0.0019057511288783915 0.007094894892128778 8.959499808725013e-14 -1.346043602176365e-5
1820 4.94875030947125 0.002729148893745495 0.0019505353993241868 0.007494499139414912 9.020562075079397e-14 -1.413110066422653e-5
1830 4.976039229346129 0.0027288487743568463 0.0020239393753069216 0.007033806149420174 9.08162434143378e-14 -1.699266667998939e-5
1840 5.003331321059098 0.0027296124488721974 0.00200996502677475 0.008153956618323743 9.137135492665038e-14 -1.742339268757346e-5
1850 5.0306321624386605 0.002730346122402034 0.001934520546711264 0.006828950926337063 9.164891068280667e-14 -1.4651723286578687e-5
1860 5.057934371889522 0.002729953048950911 0.001928310197670552 0.006924602034153349 9.225953334635051e-14 -1.2991427604148416e-5
1870 5.085229383560531 0.002729202046782122 0.0020166581538564854 0.006570829510763376 9.275913370743183e-14 -1.4938550826030004e-5
1880 5.1125217302887735 0.0027294473913966402 0.0020755932739506006 0.00782788063112727 9.325873406851315e-14 -1.7223622529318863e-5
1890 5.139821510789815 0.002730418231975079 0.002035343539847707 0.007890163037523601 9.364731212713195e-14 -1.6111943874428204e-5
1900 5.167128168170393 0.0027306733381955856 0.001980120670437014 0.007064014665389751 9.431344594190705e-14 -1.339954660074472e-5
1910 5.19443098645941 0.0027298890558176796 0.002017441658816796 0.007633288623652423 9.486855745421963e-14 -1.3505822512407454e-5
1920 5.221726693372666 0.0027294788932423525 0.0020985088775096646 0.00672218015056425 9.54236689665322e-14 -1.635116556463357e-5
1930 5.249024876284889 0.002730229216420432 0.002102353126391 0.00827862803644186 9.586775817638227e-14 -1.7477419448010405e-5
1940 5.27633238391429 0.0027310669330914013 0.0020273320126910563 0.007300177333480373 9.642286968869485e-14 -1.5175581229771428e-5
1950 5.303642267163423 0.002730737238022716 0.00199534599317678 0.007328610495056176 9.692247004977617e-14 -1.3192573610070445e-5
1960 5.330944684427683 0.0027298899029547766 0.0020623834168938425 0.007112267609690748 9.747758156208874e-14 -1.4697821704768611e-5
1970 5.358243259031696 0.0027300342591903386 0.002123871911410864 0.007737894652500854 9.792167077193881e-14 -1.7218759037981174e-5
1980 5.3855490672620485 0.0027310552140871968 0.002091162918834705 0.008219092691874041 9.836575998178887e-14 -1.665266193687405e-5
1990 5.412862841134166 0.0027314410340945256 0.002025510592737795 0.006706261203669017 9.886536034287019e-14 -1.3862432576481482e-5
2000 5.440173470634008 0.002730651669149402 0.0020449645490411015 0.007449048595750907 9.947598300641403e-14 -1.3286977550441142e-5
2010 5.467476089847307 0.0027301072207288482 0.0021293742291968293 0.006526414571258132 9.992007221626409e-14 -1.5811355695311002e-5
2020 5.4947801816539 0.0027308156214752746 0.0021552316066492565 0.008328842238262135 1.0041967257734541e-13 -1.7369859938455665e-5
2030 5.522094090056499 0.0027317655731814963 0.0020933921957393235 0.0077236853507536285 1.0075273948473296e-13 -1.547783208945188e-5
2040 5.5494116117977335 0.002731530450316908 0.002051510833876112 0.007283586761908545 1.0130785099704553e-13 -1.3198046567906505e-5
2050 5.576721617616804 0.002730595252335185 0.00210682779977876 0.007216229090522441 1.0186296250935811e-13 -1.4196942156690512e-5
2060 5.604026476431871 0.0027306138643194214 0.0021762562048034625 0.007539621639104932 1.0241807402167069e-13 -1.6855858454154632e-5
2070 5.631338149657309 0.0027316737360552003 0.0021577932388279443 0.008453041195573663 1.0264011862659572e-13 -1.689297552347202e-5
2080 5.65865890084568 0.0027322039984192434 0.0020886939740003534 0.006831142325191941 1.0341727474383333e-13 -1.4234636601287431e-5
2090 5.685977430898626 0.0027314312955123363 0.002090277509646125 0.007406610949352022 1.0380585280245214e-13 -1.312086611513115e-5
2100 5.713287092793759 0.002730741509517617 0.002172523902181725 0.0066177938683451565 1.0419443086107094e-13 -1.5288974114587624e-5
2110 5.74059698845759 0.0027313823533068023 0.0022172303095013696 0.008314252356732221 1.0480505352461478e-13 -1.7212463593444948e-5
2120 5.767917083859105 0.002732448022076072 0.0021714336458781183 0.00810557721196703 1.0502709812953981e-13 -1.5787952910807624e-5
2130 5.795242215680104 0.002732336046030759 0.002124123105105616 0.007478075452070909 1.0580425424677742e-13 -1.3313359263859777e-5
2140 5.822560000931668 0.0027313209524566597 0.002167339189740477 0.007568418230439522 1.0635936575909e-13 -1.3781861573772577e-5
2150 5.849871210913814 0.002731186694417933 0.0022416201918337027 0.0072823315235005515 1.0658141036401503e-13 -1.646500201032715e-5
2160 5.8771885563274795 0.0027322697149932216 0.002236378368003839 0.00863585647234244 1.0730305533002138e-13 -1.7104134338082875e-5
2170 5.904516123694424 0.002732962001436343 0.002163317293383203 0.0073476855768927485 1.0769163338864018e-13 -1.4741202100627207e-5
2180 5.931842681537269 0.0027322346198826847 0.0021400916554550338 0.0075697235932782325 1.0824674490095276e-13 -1.32291125015411e-5
2190 5.959159606416597 0.002731387260750616 0.002205024319189547 0.006951042216534198 1.0869083411080283e-13 -1.5010343777138106e-5
2200 5.986475220234362 0.0027319217778040265 0.002253888490723007 0.008247328993763903 1.092459456231154e-13 -1.719642428556481e-5
2210 6.013801170369554 0.00273309626486517 0.002214572011571557 0.008453724338225943 1.0969003483296547e-13 -1.6223993163758753e-5
2220 6.041133745015104 0.002733141067526642 0.0021581961118221087 0.006830496832422872 1.1024514634527804e-13 -1.357752332931037e-5
2230 6.068459494607492 0.002732072741585175 0.002190380016871631 0.007089444160638059 1.1068923555512811e-13 -1.3405343457163158e-5
2240 6.0957772281996645 0.0027317627521432947 0.0022757958628291945 0.007170240258928873 1.1107781361374691e-13 -1.58715906292289e-5
2250 6.123100075810343 0.0027328368944034244 0.0022977947325290883 0.008710101892473343 1.1157741397482823e-13 -1.694309714058877e-5
2260 6.150434167480057 0.002733697265994988 0.0022423154090576566 0.007783626571240654 1.1224354778960333e-13 -1.4891224271731039e-5
2270 6.177768713424525 0.00273305041816062 0.002215522475081385 0.007801466221157294 1.1268763699945339e-13 -1.3058410660639303e-5
2280 6.205093099526505 0.002732054084891972 0.0022752453246753282 0.007249103570880933 1.1318723736053471e-13 -1.445511960364621e-5
2290 6.232414491174056 0.002732455556414647 0.0023337602191324633 0.008098787009838682 1.1368683772161603e-13 -1.6907409038757813e-5
2300 6.259746136038744 0.002733726004031975 0.0023048527841406643 0.008735363647405403 1.141309269314661e-13 -1.654840196696559e-5
2310 6.2870860640075374 0.0027339504996245034 0.00223805126615704 0.007086899744454311 1.1474154959500993e-13 -1.4007993465412708e-5
2320 6.314419948407369 0.0027328482133551955 0.002245183191170817 0.007521334733310514 1.1513012765362873e-13 -1.3377862324353597e-5
2330 6.3417443449639475 0.002732338719632619 0.0023198861336479375 0.0069739322875758125 1.1574075031717257e-13 -1.5627082554373756e-5
2340 6.369072488179583 0.002733369231379064 0.0023490860904724457 0.008769536911417686 1.1618483952702263e-13 -1.708133923517159e-5
2350 6.396412777848164 0.002734406402989636 0.0022969122030855427 0.008228436356284174 1.166289287368727e-13 -1.5355426815581025e-5
2360 6.4237552930282895 0.002733883062400687 0.002257715183659148 0.007568302391026349 1.172950625516478e-13 -1.3190521691790191e-5
2370 6.451087428676785 0.00273274817319081 0.0023077769407598737 0.007158150882046299 1.177946629127291e-13 -1.4037038508966579e-5
2380 6.478414687126503 0.002732976884163575 0.0023774727074801763 0.007865620059418266 1.1823875212257917e-13 -1.651125806161318e-5
2390 6.505751725071047 0.0027343176769560914 0.002367764303723016 0.008942162942801035 1.1862733018119798e-13 -1.6640827854536282e-5
2400 6.533098707475547 0.002734744410346508 0.002304710096897578 0.007295750462927575 1.1918244169351055e-13 -1.4241251910891359e-5
2410 6.560440823275833 0.002733649723928215 0.0022992576412146828 0.007628220826315979 1.1973755320582313e-13 -1.3191239921352821e-5
2420 6.587772159529359 0.002732935247025171 0.0023689465131424745 0.00709899676690573 1.2023715356690445e-13 -1.5173252297127904e-5
2430 6.615105581442663 0.002733883062079302 0.002409176448337259 0.008739585085942636 1.2073675392798577e-13 -1.6983226780583824e-5
2440 6.642451793601072 0.0027350890168711616 0.0023652065807857076 0.008604561331372662 1.212363542890671e-13 -1.5696206790078923e-5
2450 6.669802160414955 0.00273472230517885 0.002316387264545393 0.0074983161097818 1.2179146580137967e-13 -1.336398839416747e-5
2460 6.697142251683753 0.0027334697442400074 0.002353949651098624 0.0072425395525749225 1.2212453270876722e-13 -1.3704350573392598e-5
2470 6.724475519943489 0.0027334975072627393 0.0024299212829770375 0.007573092683418325 1.2262413306984854e-13 -1.6126149172221655e-5
2480 6.751817747489779 0.0027348806331912445 0.0024385305825731737 0.009095179948090615 1.2317924458216112e-13 -1.6713414311216642e-5
2490 6.7791715225362665 0.0027355233842350584 0.0023827449609809806 0.007792465955145489 1.2378986724570495e-13 -1.4529618709317797e-5
2500 6.806521941169516 0.00273447465748164 0.002367305470826473 0.007976651865922557 1.2417844530432376e-13 -1.3114132827395211e-5
2510 6.833860484193263 0.0027335517013010934 0.002430285226020822 0.006992851423182067 1.2501111257279263e-13 -1.47681040144834e-5
2520 6.8611991826472645 0.0027343770277367106 0.0024786425965159656 0.008651950431353472 1.251776460264864e-13 -1.6860125419991048e-5
2530 6.888551034032044 0.002735740941800324 0.0024415415397667875 0.008939371195175405 1.2578826869003024e-13 -1.60677079303751e-5
2540 6.9159091247726465 0.00273556595172033 0.0023801162104473018 0.007523730156819508 1.2639889135357407e-13 -1.370479309432046e-5
2550 6.943257414976204 0.0027342227822396057 0.0023953139239865726 0.007431962813147175 1.2684298056342413e-13 -1.3583398031838765e-5
2560 6.970596889409101 0.0027340196497541514 0.002464138515853506 0.007468770391697466 1.2745360322696797e-13 -1.5865625334756034e-5
2570 6.997944066573911 0.002735403320538407 0.00248048612112747 0.009192195426426908 1.279532035880493e-13 -1.6827005539929965e-5
2580 7.025304241741967 0.0027362725099888694 0.0024271019144031128 0.008258138950588079 1.283417816466681e-13 -1.4859232566059033e-5
2590 7.052662935105134 0.0027353196368148733 0.002402044213968641 0.007503707053557518 1.2895240431021193e-13 -1.3060692528411389e-5
2600 7.080009000129844 0.0027342004946616016 0.0024628404565681474 0.007515794063669312 1.2945200467129325e-13 -1.4248747311976344e-5
2610 7.107353070249824 0.002734860398107233 0.0025290920096357836 0.008461503096941492 1.297850715786808e-13 -1.645096450327676e-5
2620 7.134710245468161 0.002736352882889411 0.0025152151469677885 0.00918379606136338 1.3039569424222464e-13 -1.611213243468991e-5
2630 7.16207576784975 0.002736398523555711 0.002461263963051972 0.0077974640724640665 1.3089529460330596e-13 -1.3813304458631745e-5
2640 7.189432378138669 0.002735004053252042 0.0024692628287688876 0.007886468957329362 1.3145040611561853e-13 -1.3315488538097059e-5
2650 7.216778328392662 0.0027345595644923215 0.0025371795327122047 0.007338980734212575 1.318944953254686e-13 -1.5476506833391824e-5
2660 7.244130422013571 0.002735906132589876 0.0025631815257917464 0.009232162839820868 1.3244960683778118e-13 -1.6872877256607767e-5
2670 7.271496757727266 0.0027369993241417763 0.0025116312881969913 0.008689032416775877 1.3289369604763124e-13 -1.5301219478874428e-5
2680 7.298863699950921 0.00273617841412865 0.0024690741669107135 0.007835722776084464 1.3339329640871256e-13 -1.3307894144957023e-5
2690 7.326217539614671 0.0027348734799067607 0.002510424072498825 0.007483962312832215 1.3383738561856262e-13 -1.4073440586115198e-5
2700 7.3535670427367945 0.0027353285365354337 0.002574999374601172 0.008243543043593204 1.3422596367718143e-13 -1.630465741991015e-5
2710 7.38092921035129 0.0027369239708866303 0.0025690099364913 0.009408539033424979 1.3483658634072526e-13 -1.635420495349829e-5
2720 7.408301864463121 0.0027372182810743856 0.002513014628478136 0.007679581696482696 1.3533618670180658e-13 -1.4103702245433364e-5
2730 7.435666950990397 0.0027358188317352455 0.0025094506773915685 0.007764241317409826 1.3578027591165664e-13 -1.315285529076074e-5
2740 7.46301970382892 0.0027351211716297296 0.002576488680021216 0.0076514978549783175 1.3639089857520048e-13 -1.5010390685436456e-5
2750 7.490376637664367 0.002736378952477556 0.002617729947187136 0.00918271371017887 1.3683498778505054e-13 -1.6680962919111454e-5
2760 7.517748718986829 0.0027376865301103385 0.0025792766628934846 0.009048529263752492 1.3733458814613186e-13 -1.5493422461253584e-5
2770 7.545123727206281 0.0027370437865765875 0.0025325721047025638 0.007913366824252699 1.376676550535194e-13 -1.3386843404050372e-5
2780 7.572485616327562 0.002735584682347082 0.0025629895226257815 0.007444064759770996 1.38222766565832e-13 -1.3763991263619768e-5
2790 7.599840799384685 0.00273580381000942 0.002629353465241511 0.008013726366483342 1.3866685577568205e-13 -1.6002490147583315e-5
2800 7.627207775996748 0.0027374629950289286 0.002634168328055697 0.009562646770809757 1.3916645613676337e-13 -1.647942985526056e-5
2810 7.654587238452927 0.0027380160264834164 0.0025793235925554254 0.008179503404263544 1.3983258995153847e-13 -1.4408014723405263e-5
2820 7.681960832246251 0.0027366561024110138 0.0025637418525035387 0.007833986182142705 1.4038770146385104e-13 -1.3101665061856886e-5
2830 7.709320683542944 0.002735707181004362 0.002625833250770089 0.00782161201105569 1.4049872376631356e-13 -1.4627369615021011e-5
2840 7.736682485605906 0.00273683243832586 0.0026790337375184824 0.009079292774048509 1.4155343563970746e-13 -1.6499106448315337e-5
2850 7.764059990342652 0.002738336584615919 0.0026547514475316635 0.009368678785517448 1.4194201369832626e-13 -1.5704161101890086e-5
2860 7.791442872525507 0.0027379087343905512 0.002607086959562373 0.00823282171633366 1.4233059175694507e-13 -1.3552181445391977e-5
2870 7.818813040754762 0.002736329513030756 0.0026271193471167098 0.007754536525086175 1.4277468096679513e-13 -1.3547410888917408e-5
2880 7.846174152649534 0.002736288044589681 0.0026928412998639727 0.007952047213516278 1.433297924791077e-13 -1.5725771803197215e-5
2890 7.873545777844726 0.0027379701509477605 0.0027059526357526014 0.009666111480544526 1.4377388168895777e-13 -1.660943391429016e-5
2900 7.900931728762874 0.0027387909198263224 0.0026500001543389115 0.008651925630030532 1.4455103780619538e-13 -1.4801675915203044e-5
2910 7.92831385515 0.002737517532169795 0.0026168716852737446 0.007931404160255173 1.4488410471358293e-13 -1.322213713859112e-5
2920 7.955681128665852 0.0027363239244194365 0.0026631047133038443 0.008249562671406752 1.4516166046973922e-13 -1.4381309726592703e-5
2930 7.983047841437173 0.002737267182016434 0.0027173462960177353 0.008912367884476247 1.4566126083082054e-13 -1.6347104539280117e-5
2940 8.010430369478062 0.002738938809169481 0.0027004952980500055 0.009635942407065501 1.4632739464559563e-13 -1.5885236724614033e-5
2950 8.037820809165035 0.0027387646290083713 0.002650738940169892 0.007713235253193118 1.467714838554457e-13 -1.3678854815591548e-5
2960 8.065199448931562 0.0027371114184255784 0.0026637686293781316 0.007409622819055772 1.4749312882145205e-13 -1.3229626297540957e-5
2970 8.092566819608 0.0027367908158878068 0.002735989266187636 0.008447921716281281 1.479372180313021e-13 -1.5213760933080514e-5
2980 8.11994298655074 0.002738442843706764 0.0027696773752250285 0.009675956680508468 1.4854784069484595e-13 -1.6422271387656667e-5
2990 8.147335009813101 0.0027395259388499076 0.0027297703805760952 0.009050769130371783 1.4893641875346475e-13 -1.4939959305718359e-5
3000 8.17472553051046 0.0027383877849582808 0.0026957817637469545 0.008424357574791208 1.4943601911454607e-13 -1.3219260051620422e-5
3010 8.202100519304615 0.0027369756470904992 0.0027355522021567597 0.007772812678805252 1.5015766408055242e-13 -1.4095923382487761e-5
3020 8.229472354393595 0.0027377040231425704 0.0027931579020002077 0.008705965228695156 1.503241975342462e-13 -1.6204114291611517e-5
3030 8.256859722743204 0.002739512275613011 0.002782989106690814 0.009871143640210633 1.5087930904655877e-13 -1.618357118459443e-5
3040 8.284257478459947 0.0027396092605803703 0.0027264174711634417 0.007989735869849468 1.5143442055887135e-13 -1.4083963452070532e-5
3050 8.31164471316255 0.002737921332737559 0.0027200294709148224 0.007823183674076306 1.5187850976872141e-13 -1.3274618047806261e-5
3060 8.339018603531658 0.0027373097987010964 0.002781110148197397 0.00819865650497198 1.5232259897857148e-13 -1.5003974048779546e-5
3070 8.366399195082959 0.0027388838212356 0.0028190764529874243 0.00965389675781092 1.5287771049088406e-13 -1.641899013705983e-5
3080 8.393796880057504 0.0027402238987596535 0.0027841707141767723 0.009434249121824834 1.5332179970073412e-13 -1.5188762420820234e-5
3090 8.421195664389867 0.0027392712460990545 0.0027439015312517106 0.008244617393584286 1.5371037775935292e-13 -1.3268773094432529e-5
3100 8.448578693577542 0.002737667282261217 0.0027761589625557 0.008039648911293051 1.5432100042289676e-13 -1.3737176456685846e-5
3110 8.475955866819765 0.002738139764870456 0.0028405447046994784 0.008542114258692113 1.5487611193520934e-13 -1.5827832373645212e-5
3120 8.503347783117597 0.002740040317417582 0.0028454385402801284 0.01001748600152097 1.553202011450594e-13 -1.6182223234278287e-5
3130 8.530752446636738 0.0027404271722693495 0.002794084986211655 0.008476419144994862 1.5581980150614072e-13 -1.4255624106163794e-5
3140 8.558148325917553 0.002738758897210909 0.0027790240049569404 0.00803900386407963 1.563749130184533e-13 -1.317934809426033e-5
3150 8.585529108445048 0.0027378607328040153 0.002834131133172732 0.008314805028422856 1.567634910770721e-13 -1.4685789196451637e-5
3160 8.612914196713671 0.002739307205752592 0.0028787638865168303 0.009566959476560055 1.5731860258938468e-13 -1.632586909856848e-5
3170 8.64031720324582 0.0027408815518353683 0.002851150115430948 0.009766368721921936 1.5770718064800349e-13 -1.543269280617106e-5
3180 8.667724025422975 0.002740152174607245 0.0028056536117052984 0.00826649037447924 1.585953590677036e-13 -1.342398766258305e-5
3190 8.695115318071895 0.0027383939197292333 0.0028281324665712752 0.00802758670291892 1.5881740367262864e-13 -1.3510316745833119e-5
3200 8.72249809113358 0.0027385861589128762 0.002895325135762642 0.008501742864399642 1.59539048638635e-13 -1.551858661267224e-5
3210 8.749894387132395 0.002740535546255949 0.002913962139974342 0.01011962916079101 1.6009416015094757e-13 -1.6202179793855685e-5
3220 8.777305601520085 0.002741219264542812 0.002869903240669163 0.00894044661467891 1.6048273820956638e-13 -1.4482905655774375e-5
3230 8.804710125732111 0.0027396203165153403 0.0028482730747848867 0.008515079305700723 1.6081580511695392e-13 -1.3181469878993809e-5
3240 8.832098134546962 0.00273844452501578 0.002896453848066059 0.00822041374691207 1.6142642778049776e-13 -1.4438645241374856e-5
3250 8.85948781739731 0.002739718461975699 0.0029450015836300423 0.0094312477283085 1.6170398353665405e-13 -1.625796950641872e-5
3260 8.886895836493823 0.0027415003981828036 0.002922277458976075 0.010059718489885405 1.6237011735142914e-13 -1.5729067899506318e-5
3270 8.91431046562885 0.0027410296266265986 0.002868019088553068 0.00826383982854706 1.6298074001497298e-13 -1.3710199851499222e-5
3280 8.941710235389687 0.002739154904371216 0.002872917367285927 0.00844353873839665 1.6342482922482304e-13 -1.3429341754283987e-5
3290 8.969098879933496 0.002739042214747986 0.0029327150504473323 0.008516873796344249 1.638689184346731e-13 -1.5268161906653818e-5
3300 8.99649935863571 0.002740988184124985 0.0029570434216927336 0.01015869068395825 1.6442402994698568e-13 -1.617880041090818e-5
3310 9.023916669895973 0.002741972361251985 0.00291714838135058 0.009359893519524876 1.648126080056045e-13 -1.4620697608529058e-5
3320 9.051329754367945 0.0027404987845297837 0.0028906820395348744 0.008134855197868163 1.655897641228421e-13 -1.305712757659463e-5
3330 9.07872534751199 0.0027390675510357105 0.0029374840135047795 0.008702736509943465 1.6592283103022964e-13 -1.3973773458048643e-5
3340 9.106119802447408 0.002740123406370154 0.0029993060173219934 0.009206030712310409 1.6642243139131097e-13 -1.5878485433371512e-5
3350 9.133532510467424 0.0027420748722262805 0.00299531220535201 0.010270191826593611 1.6686652060116103e-13 -1.5727739566599083e-5
3360 9.16095457687076 0.002741888472957774 0.002948401996896408 0.0087449358332361 1.676991878696299e-13 -1.3828782063044035e-5
3370 9.1883629332047 0.002739949144672079 0.0029479178105580074 0.008174745299852959 1.6786572132332367e-13 -1.3321597611668075e-5
3380 9.21575780429797 0.0027395271576133675 0.00300499097775424 0.008612706124651814 1.68365321684405e-13 -1.5078892035132521e-5
3390 9.243162494489654 0.002741423173510478 0.003034799268554383 0.01017478260758975 1.6903145549918008e-13 -1.6301510860881625e-5
3400 9.27058560647506 0.002742694861922271 0.0029958207068029644 0.00977231291456121 1.6936452240656763e-13 -1.503341521356949e-5
3410 9.29800714041744 0.00274138620633284 0.00295598764428642 0.008485213648532608 1.699196339188802e-13 -1.3313328392661194e-5
3420 9.32541057106887 0.0027397201624090603 0.002986730616906668 0.008711358443787676 1.7047474543119279e-13 -1.3872678131450142e-5
3430 9.352809933133413 0.002740520478801334 0.0030456808068100713 0.009103821041761329 1.7091883464104285e-13 -1.573737526878137e-5
3440 9.380227020802836 0.002742604880601021 0.0030478645915298103 0.01045303654678964 1.7158496845581794e-13 -1.5835413301240955e-5
3450 9.407656173417944 0.0027427281866942393 0.0030010790125479638 0.008668211882042642 1.7186252421197423e-13 -1.3968228941590999e-5
3460 9.4350732360952 0.0027407758097035 0.002993016144331512 0.008106747479096343 1.7247314687551807e-13 -1.3132577340261437e-5
3470 9.462474695843426 0.0027400389567467367 0.0030491059642711706 0.008875401421969631 1.7302825838783065e-13 -1.4665508065378474e-5
3480 9.48988357131208 0.0027418298305654544 0.003090284633615958 0.010094974925814681 1.733613252952182e-13 -1.6097029932087264e-5
3490 9.517312050387064 0.002743372362297759 0.0030620928229141467 0.01010134652728406 1.7408297026122455e-13 -1.5139911951628747e-5
3500 9.544741805938092 0.0027422763401269514 0.0030200868460787582 0.008658562311108065 1.7436052601738083e-13 -1.3370382880293838e-5
3510 9.57215335691847 0.0027404150539498406 0.0030422453243480526 0.00867070207615006 1.7486012637846216e-13 -1.3659458152775333e-5
3520 9.5995579254779 0.0027409302285305334 0.003101436050167837 0.009071228650641583 1.7541523789077473e-13 -1.5525123405343844e-5
3530 9.626979222357955 0.002743101278185461 0.0031115849389841263 0.01058357739084137 1.7591483825185605e-13 -1.5930948996016256e-5
3540 9.654415088102379 0.002743540708770449 0.003066469863414583 0.00914656735030045 1.7646994976416863e-13 -1.419448864557922e-5
3550 9.681840854140091 0.0027416247166527764 0.0030499397443154866 0.008257838581057109 1.7669199436909366e-13 -1.3093639894336782e-5
3560 9.709249230584932 0.0027405811234263292 0.003101842886872391 0.009050621958551663 1.775801727887938e-13 -1.4372400046890055e-5
3570 9.736662370840731 0.0027422208181057434 0.0031516770112122814 0.00997467491658488 1.7780221739371882e-13 -1.5946497350130453e-5
3580 9.764095885699152 0.002744009250769924 0.003134686569364173 0.010399621252534685 1.7846835120849391e-13 -1.5289086158469284e-5
3590 9.791533622620923 0.0027431620024231905 0.0030926330603485794 0.009098143534284509 1.7891244041834398e-13 -1.3508966701768365e-5
3600 9.818953510328825 0.002741144985698943 0.0031067174323784353 0.008517889639027776 1.7946755193065655e-13 -1.3538322526188352e-5
3610 9.84636357666424 0.002741353973972621 0.0031642635181381145 0.008998903398580116 1.7991164114050662e-13 -1.537072609348028e-5
3620 9.87378895581583 0.0027435657118770394 0.0031797442257285955 0.010672808087863972 1.8024470804789416e-13 -1.6075861066842e-5
3630 9.901231187301235 0.0027443255551066557 0.0031333621224868655 0.009601246207604497 1.8102186416513177e-13 -1.4522700852460201e-5
3640 9.928665637426777 0.002742494128912392 0.0031031579501800332 0.008366039195828456 1.8118839761882555e-13 -1.3198320237569928e-5
3650 9.956081246038098 0.002741155073970548 0.0031421748460263473 0.009459587336128616 1.8196555373606316e-13 -1.4174848639806342e-5
3660 9.983498718788477 0.0027425957031700786 0.003192198530033804 0.009791258146872761 1.8252066524837574e-13 -1.578094993972273e-5
3670 10.010936878670583 0.0027445978068825283 0.003181436967051239 0.010641427255928315 1.8279822100453202e-13 -1.5334984137108845e-5
3680 10.038382270468373 0.0027440374081899458 0.003139220767134967 0.008650476235728233 1.8340884366807586e-13 -1.3493944017839568e-5
3690 10.065810684758551 0.002741912562921604 0.0031492512854950487 0.008478777745764998 1.8390844402915718e-13 -1.3196404943511374e-5
3700 10.093226597053047 0.0027417983363314446 0.0032123797524042765 0.009643280834468415 1.8435253323900724e-13 -1.4907548889432476e-5
3710 10.120655964733313 0.0027439957447735253 0.0032442058702395094 0.010676546030945588 1.8485213360008856e-13 -1.5886944771387646e-5
3720 10.148104131173636 0.002745069004770185 0.0032107947110160562 0.009985395141899278 1.8529622280993863e-13 -1.461396590735116e-5
3730 10.17554711680177 0.0027433728207481157 0.003180313014519506 0.009021864709720107 1.8596235662471372e-13 -1.3229523507252838e-5
3740 10.202970269334578 0.0027417675307332776 0.003214004689916058 0.009007045629160548 1.8640644583456378e-13 -1.4041550973867533e-5
3750 10.230392321330466 0.0027429757130172316 0.003265597189721686 0.00968866631815879 1.8696155734687636e-13 -1.578111695423902e-5
3760 10.257834945633979 0.00274515561918214 0.0032589058927954126 0.010878576076247426 1.8746115770795768e-13 -1.5659229989866785e-5
3770 10.28528771446883 0.0027448975973915096 0.0032106282094148944 0.008924943201822466 1.8801626922027026e-13 -1.3869237713439765e-5
3780 10.312724744460375 0.002742706294550125 0.003205164566639589 0.008660764288500489 1.8846035843012032e-13 -1.3271238588006586e-5
3790 10.34014676407521 0.002742260986165492 0.0032590526346597563 0.009393496447928196 1.8907098109366416e-13 -1.4762980516390065e-5
3800 10.367580031283785 0.0027443970061898026 0.0032937870490983975 0.010650836580804679 1.8945955915228296e-13 -1.586076265952356e-5
3810 10.39503373765216 0.0027457753630728376 0.003264449497652603 0.010352432953057766 1.9001467066459554e-13 -1.4735970795671377e-5
3820 10.42248512528877 0.002744262831252007 0.003229874287355866 0.00890737435118838 1.9040324872321435e-13 -1.3180266687375097e-5
3830 10.449916131004167 0.002742417826401427 0.0032584659717178562 0.009289173242827076 1.9106938253798944e-13 -1.3697111778992327e-5
3840 10.477342973715553 0.0027433543876557204 0.003315596519477304 0.009685344974816323 1.9156898289907076e-13 -1.5449308475728313e-5
3850 10.504789778746252 0.0027456678447810405 0.003320651088846001 0.011022380445267821 1.9184653865522705e-13 -1.5623944567740413e-5
3860 10.532249527975075 0.0027457320952700625 0.0032764464719521927 0.009230521359655852 1.9262369477246466e-13 -1.396982895692997e-5
3870 10.55969523096595 0.0027435281686838094 0.0032644050447662087 0.008465831828702197 1.929567616798522e-13 -1.3188614856142478e-5
3880 10.587123727201645 0.0027427554472790974 0.0033136797213703002 0.009553608325069463 1.9351187319216478e-13 -1.4540187211340566e-5
3890 10.614560961941816 0.002744780668087124 0.003353398393640077 0.010577815572512361 1.9406698470447736e-13 -1.5816430305981913e-5
3900 10.642019863676069 0.0027464418275717118 0.0033295585712785 0.010681962581746307 1.9434454046063365e-13 -1.4923908004099012e-5
3910 10.669479426217018 0.0027451510685879074 0.0032910489353452257 0.009008906134595929 1.949551631241775e-13 -1.327633210783559e-5
3920 10.696918506632972 0.002743103621151192 0.0033125536872713243 0.009309802109746856 1.954547634852588e-13 -1.350646608392573e-5
3930 10.724350401110962 0.0027437446551091186 0.003372128079558586 0.009624085036837204 1.957323192414151e-13 -1.5213743756909608e-5
3940 10.75180122517149 0.0027461487592455305 0.003387831118421322 0.011134067623503108 1.9645396420742145e-13 -1.5640867428951184e-5
3950 10.77926760080313 0.0027465409846759727 0.0033490353512166194 0.009685725930337619 1.9700907571973403e-13 -1.413623568051738e-5
3960 10.806721974895275 0.00274437185142093 0.003331817373849971 0.008890477466665603 1.9761969838327786e-13 -1.3197883644938541e-5
3970 10.834157270832605 0.0027432806879783235 0.0033757161800149296 0.0094144734885786 1.9789725413943415e-13 -1.4399099135566105e-5
3980 10.861598571270518 0.00274515192900861 0.0034180146929212035 0.010468248025165106 1.98507876802978e-13 -1.5835466766571056e-5
3990 10.889062371034484 0.00274707105029758 0.003396995177520691 0.01098213183522595 1.990074771640593e-13 -1.5200710972952393e-5
4000 10.916529884212544 0.0027460348294213476 0.003350746188009766 0.009053833943910683 1.9939605522267811e-13 -1.350748006939199e-5
4010 10.943977232121947 0.002743820607502733 0.003358328090948983 0.009733314075857757 2.000621890374532e-13 -1.3439126200604469e-5
4020 10.971414416394232 0.0027441424739241818 0.0034122734827486297 0.009554424389621508 2.0061730054976579e-13 -1.5008894887561983e-5
4030 10.998869062033318 0.00274658982035685 0.0034325104657973483 0.011185740176917758 2.0083934515469082e-13 -1.5576204732081946e-5
4040 11.026341647905044 0.0027473163452561016 0.0033971854920651985 0.010095417946021534 2.0133894551577214e-13 -1.4141663267126137e-5
4050 11.053804643957612 0.0027452354337741186 0.0033770619717043236 0.008569280341783392 2.020605904817785e-13 -1.2979847714188295e-5
4060 11.08124708529254 0.0027438432615752165 0.0034212131997134114 0.010014371078112538 2.025601908428598e-13 -1.3950748793606307e-5
4070 11.10869259517404 0.0027455152912002193 0.0034748445652998277 0.01027651621699699 2.0300428005270987e-13 -1.5498246002916574e-5
4080 11.136160962747221 0.0027476552432529064 0.0034685923001987113 0.011204736728235465 2.0344836926255994e-13 -1.5175331262123516e-5
4090 11.163636090767964 0.0027469040618461967 0.0034277019353677095 0.009661594293323583 2.0400348077487251e-13 -1.3589526295612954e-5
4100 11.19109183958559 0.002744570152209879 0.0034310492600697347 0.009140331452191397 2.0444756998472258e-13 -1.3393674078206514e-5
4110 11.218534660404666 0.002744565938344145 0.003482979629207621 0.009824620044559862 2.0500268149703516e-13 -1.4961196374428676e-5
4120 11.24599314152278 0.002747010814843851 0.003506930913662865 0.011239368262016991 2.0550228185811648e-13 -1.5786308617431904e-5
4130 11.273471639508488 0.0027480610373106194 0.0034709970303324375 0.010519444124354238 2.060018822191978e-13 -1.4536746165760362e-5
4140 11.300943146213722 0.002746106085929959 0.0034394179546562154 0.008983622212115794 2.0661250488274163e-13 -1.321112473099675e-5
4150 11.328392959765832 0.0027444321345754005 0.0034710474334247307 0.009939364928758243 2.0694557179012918e-13 -1.3895838430479437e-5
4160 11.355842789355998 0.002745870405453722 0.003522646305868064 0.01030975412542856 2.074451721512105e-13 -1.540437591041749e-5
4170 11.383315438653621 0.002748201422041401 0.0035210127209570827 0.011405998141794271 2.0794477251229182e-13 -1.5229384498650217e-5
4180 11.410797880454146 0.0027477596936543217 0.0034799401513110496 0.009486227487811028 2.0844437287337314e-13 -1.361380806854523e-5
4190 11.438262162831938 0.002745351631750701 0.0034778683225397157 0.009257659827952014 2.0911050668814823e-13 -1.3158292987987263e-5
4200 11.465710934728039 0.0027450119977572864 0.0035301180181201734 0.010074383408802623 2.0966561820046081e-13 -1.45946377990442e-5
4210 11.493173189710541 0.002747403905576601 0.0035634066235792593 0.011197567079425541 2.1005419625907962e-13 -1.5611339075444815e-5
4220 11.520657195915458 0.002748765907471214 0.0035353550144285257 0.010857933458410296 2.1066481892262345e-13 -1.459168224110692e-5
4230 11.54813704357053 0.0027469835826048235 0.0035014665413401294 0.009236029800326784 2.10997885830011e-13 -1.3219936953473219e-5
4240 11.575594511939622 0.002745058050581316 0.003526733116110224 0.009955343083874801 2.1160850849355484e-13 -1.3728947720326873e-5
4250 11.60304890983882 0.002746231386182253 0.0035791907864363873 0.010315063439615413 2.1194157540094238e-13 -1.5277058092861423e-5
4260 11.63052564646777 0.002748711070973435 0.003583647489574243 0.011569171287743374 2.1255219806448622e-13 -1.5328357373677742e-5
4270 11.658015061068244 0.002748591626069783 0.0035431988682030876 0.009641132024703292 2.1316282072803006e-13 -1.376574022213771e-5
4280 11.685487904545703 0.002746155293459646 0.003534651164930444 0.009130107872567406 2.1360690993788012e-13 -1.308821439693214e-5
4290 11.712942929367106 0.002745484236496393 0.0035846005849695826 0.01030170308817191 2.1405099914773018e-13 -1.4359874831448849e-5
4300 11.740408999975335 0.002747779949163146 0.0036252722440796733 0.01112785343515088 2.1460611066004276e-13 -1.5512206513848743e-5
4310 11.767898195838864 0.002749435163152384 0.003605408047540462 0.011176266192496398 2.149391775674303e-13 -1.4707354870957144e-5
4320 11.795386189262553 0.0027478614498299735 0.0035706216124777226 0.009775217296794314 2.1554980023097414e-13 -1.331083551043168e-5
4330 11.82285152955395 0.002745718025052565 0.0035896848317267774 0.009862787879648893 2.1582735598713043e-13 -1.3652949196411775e-5
4340 11.850310741466673 0.002746603070565989 0.003641324938622099 0.010294099772303666 2.1643797865067427e-13 -1.52290414832566e-5
4350 11.877791424856438 0.002749192249141825 0.0036494210934789858 0.011703199725378144 2.1699309016298685e-13 -1.551527781082427e-5
4360 11.90528750197266 0.002749401082194579 0.0036064182772962807 0.010104035540359935 2.173261570703744e-13 -1.4044149085729266e-5
4370 11.932768911700665 0.002746977769339315 0.0035862790572484034 0.009639916186019337 2.1804780203638074e-13 -1.315669916490378e-5
4380 11.960230454429215 0.0027459791490416995 0.003626728264927767 0.010526053213564701 2.1832535779253703e-13 -1.4200271983684818e-5
4390 11.987700351720822 0.0027481353660300805 0.003668236450386968 0.011001244367219054 2.1904700275854339e-13 -1.5374327704574938e-5
4400 12.01519437623963 0.002750062961480201 0.0036531274033515812 0.011443242510220497 2.195466031196247e-13 -1.467952931835662e-5
4410 12.04269027696716 0.002748735562685712 0.0036180515564370416 0.009399427327770549 2.1999069232947477e-13 -1.3177720485944964e-5
4420 12.070163702123631 0.0027464123389400147 0.003635064899060745 0.009893390230747756 2.2054580384178735e-13 -1.3274299327975184e-5
4430 12.097628007906877 0.002746987833976907 0.0036927910557215675 0.010663389866421902 2.2104540420286867e-13 -1.4816068693622154e-5
4440 12.125112494027826 0.00274963960500269 0.0037143367812793224 0.011758209949507492 2.2148949341271873e-13 -1.5352526681709453e-5
4450 12.152614845301226 0.002750178240438097 0.0036806563029461166 0.010500069974627546 2.2198909377380005e-13 -1.4095326966681201e-5
4460 12.180104747321954 0.00274781634733441 0.0036595354863240676 0.009260507665314388 2.2237767183241886e-13 -1.3177091629669844e-5
4470 12.207573117888643 0.0027465099226532006 0.003696288452089268 0.010287773036881664 2.2315482794965646e-13 -1.4158499327775032e-5
4480 12.235047031252732 0.002748491419775794 0.0037394709032438867 0.01090727322814955 2.2354340600827527e-13 -1.549069374450423e-5
4490 12.262545681666326 0.0027506589859776012 0.003726529394475144 0.01172514445763484 2.241540286718191e-13 -1.502784513168049e-5
4500 12.290049245915002 0.002749598155821547 0.0036849330593688406 0.009763741862705011 2.245426067304379e-13 -1.3504150590685441e-5
4510 12.317530848839183 0.002747128583102828 0.0036894321195132416 0.010124676796158583 2.250977182427505e-13 -1.3342362266818494e-5
4520 12.34500045319417 0.0027473827412226918 0.003740792513997204 0.010463296065775785 2.255973186038318e-13 -1.4727752989631554e-5
4530 12.372488625422019 0.002750057632215896 0.00376498097697247 0.011793946020133061 2.2604140781368187e-13 -1.5341017460306083e-5
4540 12.399996918483803 0.0027509264017323122 0.0037336977598630195 0.010887082558407313 2.2659651932599445e-13 -1.413493581167713e-5
4550 12.427495252203911 0.00274866866522535 0.0037089816008671088 0.009229361332449004 2.270406085358445e-13 -1.304145566962539e-5
4560 12.454970729254699 0.0027470709178432483 0.0037428585115480127 0.010509362261809874 2.275957200481571e-13 -1.3825157435577023e-5
4570 12.482448782234925 0.002748840095511195 0.0037916482126901497 0.010966510212144787 2.2803980925800715e-13 -1.5222370215850663e-5
4580 12.509951767597057 0.0027512158419016777 0.0037876446037158258 0.011917058593922447 2.2859492077031973e-13 -1.4994117403545164e-5
4590 12.537462687742698 0.002750446945572936 0.003747919184302221 0.009955276179616113 2.2898349882893854e-13 -1.354458739161353e-5
4600 12.564952582172245 0.002747874847179036 0.0037469480034968915 0.010007435698131562 2.2964963264371363e-13 -1.324830047634909e-5
4610 12.592427795662399 0.002747800959068951 0.0037958465822662615 0.010711960687031619 2.299271883998699e-13 -1.4577649374333812e-5
4620 12.619919644284865 0.0027504540389612546 0.0038245929625179394 0.01179515524287389 2.30593322214645e-13 -1.5350823888824264e-5
4630 12.647433551062237 0.0027516402721742706 0.003796821854043641 0.01124787839891539 2.311484337269576e-13 -1.4278291048504255e-5
4640 12.674940165985262 0.0027495247176075608 0.0037681959636078747 0.009402795562988397 2.314259894831139e-13 -1.3065220842107227e-5
4650 12.702422973107117 0.002747661362830485 0.0037974368252121173 0.010608536551926395 2.319255898441952e-13 -1.3644548315280489e-5
4660 12.729905351240285 0.0027491909306147973 0.0038495743370952906 0.010974675004076673 2.324251902052765e-13 -1.505614688497971e-5
4670 12.75741248035822 0.0027517406752086576 0.0038538678829025137 0.012088464011884292 2.330913240200516e-13 -1.5027101337426274e-5
4680 12.784930464536032 0.0027512772066232544 0.0038169596827652575 0.010433304139621513 2.335354132299017e-13 -1.3657490408535783e-5
4690 12.812428701469633 0.0027486433608872006 0.003811284861862509 0.009828227252977162 2.339239912885205e-13 -1.3242937195078541e-5
4700 12.83990980094416 0.002748243169897195 0.0038568797797934877 0.010714202910532156 2.345901251032956e-13 -1.451647662056988e-5
4710 12.867405356348575 0.0027508359930162414 0.003888032126671198 0.011771946579893555 2.3514523661560816e-13 -1.545283295941807e-5
4720 12.89492460001789 0.0027523246257122663 0.0038610160034136757 0.011590692666445246 2.354783035229957e-13 -1.4542182513786495e-5
4730 12.922439343944667 0.0027503834379563725 0.0038245460182229868 0.009544202301690174 2.358668815816145e-13 -1.3233018132732144e-5
4740 12.949929663742132 0.0027482772758105024 0.003843030344883923 0.011075017241970908 2.3658852654762086e-13 -1.3573105103884513e-5
4750 12.97741651361902 0.00274954056601267 0.003892133961446136 0.010986472216672483 2.3697710460623966e-13 -1.4899818237809513e-5
4760 13.004927564612686 0.0027522294942952776 0.0039003574024726777 0.012208342604260736 2.37476704967321e-13 -1.495303508559502e-5
4770 13.032452293404853 0.002752086345324853 0.003865421540456648 0.010302610298356774 2.380873276308648e-13 -1.3565009760682639e-5
4780 13.059958912451469 0.002749434108463378 0.003857682187095613 0.009688965394748172 2.3858692799194614e-13 -1.2947391248916459e-5
4790 13.087446191689438 0.002748710674118967 0.003905362896799189 0.01133104473405444 2.3908652835302746e-13 -1.4094078234424006e-5
4800 13.114945490878092 0.002751200545543662 0.0039469088600792065 0.011672826933625813 2.3964163986534004e-13 -1.5178821685629491e-5
4810 13.14246974377922 0.002752970874836847 0.003930899721704101 0.011862171973742508 2.400857290751901e-13 -1.4514681477181239e-5
4820 13.169992388103177 0.0027512376288025336 0.003897092102799016 0.010202457331282555 2.405853294362714e-13 -1.3275090430144154e-5
4830 13.19749040562753 0.00274892548519586 0.003912192360343147 0.010636482231688227 2.4108492979735274e-13 -1.3558097702079603e-5
4840 13.224982005143037 0.002749908031525812 0.003960843714312362 0.010943014163909526 2.4147350785597155e-13 -1.4957687518208339e-5
4850 13.252496922165886 0.0027526984600169807 0.003971857417726704 0.01234621820904025 2.4213964167074664e-13 -1.5226963324827696e-5
4860 13.280028121001255 0.002752872200994198 0.003934504013992095 0.010755561465225216 2.425837308805967e-13 -1.3921741943217223e-5
4870 13.307543064143928 0.0027502348533598726 0.003916459043798876 0.010050145591888215 2.43083331241678e-13 -1.3125220942753358e-5
4880 13.33503671327645 0.002749196887269277 0.0039552024952760395 0.011000849810917868 2.4358293160275934e-13 -1.4061117387813987e-5
4890 13.362539791702227 0.0027515520027723834 0.0039963663396985535 0.011560781936851838 2.4408253196384067e-13 -1.513243803544402e-5
4900 13.39006878984259 0.0027535853100232855 0.003983535621873212 0.012123632918654759 2.44582132324922e-13 -1.4537904562817242e-5
4910 13.417599143425917 0.0027520880473109535 0.003948412643976172 0.010139216980427634 2.4502622153477205e-13 -1.3208273504913826e-5
4920 13.445105020639938 0.0027496004869791333 0.003959636444551845 0.010822287209321657 2.4569235534954714e-13 -1.329064276184809e-5
4930 13.472601584109066 0.002750284340149873 0.0040103510857388445 0.011028936416040969 2.4591439995447217e-13 -1.465195078423874e-5
4940 13.500120231066951 0.0027531371378757535 0.004029256295737751 0.01239540596528732 2.4658053376924727e-13 -1.5103542644102261e-5
4950 13.52765756787359 0.0027536307237774125 0.003996634645724466 0.011128537643209868 2.4713564528155985e-13 -1.3944552854715242e-5
4960 13.555180780717436 0.0027510501816691 0.003975461560862715 0.009921085261746398 2.474687121889474e-13 -1.3087995098906222e-5
4970 13.582681066617383 0.002749713120370126 0.0040100919036476276 0.011134724049913558 2.481348460037225e-13 -1.3928261594187141e-5
4980 13.610188058935902 0.0027518996636648387 0.004053419138701435 0.011639041022208363 2.4857893521357255e-13 -1.5079320716086808e-5
4990 13.63772157101121 0.0027541664190157094 0.00404508829508869 0.01235810839889201 2.4913404672588513e-13 -1.4637824846364458e-5
5000 13.665259380049411 0.0027529261349511077 0.0040090016642229335 0.010261317097737588 2.4935609133081016e-13 -1.3283518766741588e-5
5010 13.692773205611946 0.002750297978385124 0.004015318875859726 0.010801218035977111 2.5018875859927903e-13 -1.3181307665875545e-5
5020 13.72027496766856 0.0027506762484880622 0.004065978658954124 0.011341397291584565 2.5041080320420406e-13 -1.446864014376212e-5
5030 13.747797300754927 0.0027535543518638394 0.004091584251049529 0.012427213904726453 2.510214258677479e-13 -1.5058856910401446e-5
5040 13.77534049019167 0.0027543616228799155 0.004064055752406791 0.011491223750581314 2.517985819849855e-13 -1.4034870823626569e-5
5050 13.802871875278955 0.0027518724888530317 0.004040674599350066 0.009862564340103797 2.5202062658991053e-13 -1.3131776465674187e-5
5060 13.830379012319 0.0027502556305303402 0.004070969129155712 0.011130203999830002 2.5263124925345437e-13 -1.3885874300295656e-5
5070 13.857890068450223 0.0027522481107651858 0.004114823738595894 0.01171948168459247 2.532418719169982e-13 -1.5121956361034773e-5
5080 13.885427920862002 0.0027547205470267082 0.004108647397617504 0.012575338689496063 2.535194276731545e-13 -1.4854475117893423e-5
5090 13.912972953729833 0.0027537523248683956 0.004068335845725957 0.010373029436164138 2.540190280342358e-13 -1.3502163198363e-5
5100 13.940494783226322 0.002751014308720962 0.004064738457542765 0.011129011217127616 2.546851618490109e-13 -1.3202689709748481e-5
5110 13.968001931029827 0.0027510798863308633 0.004109479440798144 0.011164703016360522 2.5490720645393594e-13 -1.4338956864291256e-5
5120 13.995527876795784 0.0027539479948405538 0.004136957792181959 0.012411643871520939 2.5568436257117355e-13 -1.495263759404076e-5
5130 14.023076619006602 0.002755063724712004 0.004112544602149522 0.011812088245390373 2.5596191832732984e-13 -1.395237660026112e-5
5140 14.050616073030355 0.002752701641941203 0.0040882183969408355 0.01015734948257807 2.566835632933362e-13 -1.2908187464261481e-5
5150 14.07813028369813 0.002750825338112522 0.0041182823499415514 0.011515440345214789 2.5685009674702997e-13 -1.34974157994018e-5
5160 14.105645557512313 0.0027525959499184066 0.004169077634862728 0.011715478396402301 2.5740520825934254e-13 -1.4781895970798541e-5
5170 14.133187543311422 0.002755242292395147 0.0041736546360087255 0.01272112560347921 2.5790480862042386e-13 -1.4736757231252427e-5
5180 14.160739504662518 0.0027545593880401406 0.0041388489701753494 0.010938422724810826 2.585154312839677e-13 -1.3525211653574104e-5
5190 14.18826937515138 0.002751751384146617 0.004133464775824353 0.010620805600325411 2.5912605394751154e-13 -1.3209985222591249e-5
5200 14.215782183734808 0.0027515096761222975 0.004176425275675568 0.011599747500377178 2.5934809855243657e-13 -1.4367931345226058e-5
5210 14.243311819029934 0.0027543338224264792 0.004206062995408801 0.01241855238909173 2.6001423236721166e-13 -1.5152083432837563e-5
5220 14.2708658898816 0.0027557388413563745 0.0041819039919484624 0.012159425341951191 2.6056934387952424e-13 -1.4291083393678941e-5
5230 14.298413244369499 0.0027535273401460385 0.004150343725132223 0.010028839928117317 2.610134330893743e-13 -1.3159140458041032e-5
5240 14.325934637024547 0.002751412978769625 0.004170804553748094 0.011572123345557905 2.6145752229922437e-13 -1.3538622092363305e-5
5250 14.35345424872097 0.0027529447465145995 0.0042183512112001186 0.011736159086306208 2.619571226603057e-13 -1.4735546136995098e-5
5260 14.38100021713959 0.0027557379738279045 0.004225409568608057 0.01285952965761994 2.62456723021387e-13 -1.4736844773256125e-5
5270 14.408558871306838 0.0027553507717064433 0.004191083189596208 0.010841701663952708 2.630118345336996e-13 -1.3495896653420436e-5
5280 14.43609681428081 0.002752505328390819 0.004182304544799309 0.010739957574646741 2.6345592374354965e-13 -1.3013283208022225e-5
5290 14.463615498213889 0.0027519570138475782 0.004224715365061853 0.011728644234057173 2.6401103525586223e-13 -1.4069627630165088e-5
5300 14.491148825108501 0.002754703047745773 0.004260165774024608 0.012342428519101611 2.645661467681748e-13 -1.4962687132869142e-5
5310 14.518707947988023 0.002756383758961042 0.0042420308212547785 0.01242637129721702 2.650657471292561e-13 -1.4269895484715807e-5
5320 14.546263032555546 0.002754352115364508 0.004209961438401847 0.010290664964887508 2.6567636979279996e-13 -1.3150726191185277e-5
5330 14.573791772679288 0.0027520276851498967 0.004226174296816745 0.011585343564397665 2.660094367001875e-13 -1.3439137639556509e-5
5340 14.601315926021096 0.0027533030025586915 0.004273647780968716 0.011713875360482184 2.665645482125001e-13 -1.465080669043814e-5
5350 14.628865770147996 0.0027562095225853226 0.004284878662617898 0.012972997527906593 2.670641485735814e-13 -1.4784809066243146e-5
5360 14.656430843026714 0.0027561195458722923 0.004251857176042062 0.011167273875939965 2.6739721548096895e-13 -1.3584745579326221e-5
5370 14.683976816320762 0.0027532701407893515 0.004239197135009143 0.01069739026834271 2.67841304690819e-13 -1.296724612984742e-5
5380 14.711501579263658 0.002752425083330883 0.004279437843237117 0.011932274802956 2.6856294965682537e-13 -1.3904051035254494e-5
5390 14.739038669405998 0.00275506438851544 0.004319261924008172 0.01225484622575379 2.6900703886667543e-13 -1.4864164036915953e-5
5400 14.766602629457124 0.002757000724509227 0.004307005742387883 0.012682433039626184 2.69562150378988e-13 -1.4315843442352569e-5
5410 14.794165257163312 0.0027551704509616464 0.004275128531698764 0.01083329521616927 2.698397061351443e-13 -1.3214718746727892e-5
5420 14.821701453513775 0.0027526635237107282 0.004287297600489121 0.011524838471902221 2.706168622523819e-13 -1.3425384984832185e-5
5430 14.849230344113778 0.002753673305963379 0.004333666824704275 0.01168077063024886 2.7122748491592574e-13 -1.4661624566847375e-5
5440 14.876784007603563 0.0027566636284199575 0.004347064118254327 0.013072685578597865 2.715605518233133e-13 -1.4945943015633241e-5
5450 14.90435526688595 0.002756868892509796 0.004312544863750472 0.011561186212800834 2.720601521843946e-13 -1.3812768032339733e-5
5460 14.93190921182646 0.0027540428472898576 0.004291952312454685 0.011279164215909465 2.7255975254547593e-13 -1.3062549753511026e-5
5470 14.959440208467372 0.0027529091395810256 0.0043247859888620845 0.012103827433096348 2.7317037520901977e-13 -1.3825671546660152e-5
5480 14.986981098504407 0.0027554157168499815 0.004364133811454233 0.012390423692177133 2.737809978725636e-13 -1.4749649425064861e-5
5490 15.014549673736449 0.002757590066367799 0.004354986135468537 0.012898077752524995 2.7400304247748863e-13 -1.4230210158884387e-5
5500 15.042119662798834 0.0027559828659689434 0.004323458525580669 0.010765868598324069 2.7466917629226373e-13 -1.3043910627329958e-5
5510 15.069663432280754 0.002753321108798146 0.004334501736462384 0.011525204078921325 2.752242878045763e-13 -1.3091013506380175e-5
5520 15.097197253586835 0.0027540540293010864 0.004384816444795888 0.012241029554519223 2.7555735471196385e-13 -1.4299673957662476e-5
5530 15.124754652726857 0.002757094278865855 0.004407498151741986 0.013104300322697382 2.761679773755077e-13 -1.4751945924668394e-5
5540 15.152331816155817 0.002757592170416205 0.00438010090242588 0.011891871060152492 2.76667577736589e-13 -1.3792114773603723e-5
5550 15.17989364826407 0.0027548232994976714 0.004359756925617973 0.010627187127479898 2.7711166694643907e-13 -1.3076118897099084e-5
5560 15.20743108835068 0.002753420068690126 0.004390470231470848 0.012023706496206765 2.7766677845875165e-13 -1.3842587688411601e-5
5570 15.234975938156166 0.0027557708695916654 0.0044309453552874006 0.012476135631016905 2.7816637881983297e-13 -1.4887418712293944e-5
5580 15.262548993505614 0.0027581554233402695 0.004423373062613717 0.013139652541052371 2.785549568784518e-13 -1.452356257434736e-5
5590 15.29012612653541 0.0027567810564194644 0.0043875618348255385 0.010937627741589573 2.788880237858393e-13 -1.3327163419873597e-5
5600 15.317677476158586 0.002753989945446651 0.004389769143759574 0.011749962520057777 2.7960966875184567e-13 -1.3200597086379141e-5
5610 15.345216364087484 0.0027544440244590923 0.00443480168197078 0.012026152151272784 2.799982468104645e-13 -1.4278268023970586e-5
5620 15.372777456805666 0.0027575087101426496 0.004458477743944043 0.013133479275474591 2.8066438062523957e-13 -1.4736848413214251e-5
5630 15.400360313325253 0.0027582952488031847 0.0044325234566761455 0.012223730999756544 2.810529586838584e-13 -1.377848873167914e-5
5640 15.427929964279832 0.0027556094506350427 0.00440987451061827 0.010760055822533587 2.8171909249863347e-13 -1.2939906157780762e-5
5650 15.455474006327888 0.002753949511929533 0.004438568009525012 0.012141205363022767 2.82052159406021e-13 -1.3578864734071008e-5
5660 15.483022903439169 0.0027561223373808587 0.004482605560554212 0.012533290445509215 2.8255175976710234e-13 -1.4663563245704246e-5
5670 15.510600254850115 0.002758694821997966 0.004481103837361036 0.013304537510588854 2.8282931552325863e-13 -1.4453512349789106e-5
5680 15.53818431443534 0.0027575680194834138 0.004446871880508557 0.011146441983802435 2.83550960489265e-13 -1.3322317093149988e-5
5690 15.565743298290256 0.0027546771944391576 0.004445670857978143 0.011680285303123372 2.839395385478838e-13 -1.3133412324086574e-5
5700 15.59328745782663 0.0027548500043952573 0.004489108023098119 0.012298830790407944 2.844391389089651e-13 -1.4186346042888154e-5
5710 15.620852244573944 0.002757908655967702 0.004515904559511894 0.013141625320894468 2.8504976157250894e-13 -1.474031435181461e-5
5720 15.648440560213226 0.0027589727841436503 0.00449255493386123 0.01253693761954805 2.858824288409778e-13 -1.3856002904001283e-5
5730 15.676017895620685 0.0027563947934629573 0.0044675819319186065 0.010637845043258376 2.858824288409778e-13 -1.2937861886676803e-5
5740 15.70356866946179 0.0027544980533939596 0.004493230104975171 0.012251614673684741 2.866595849582154e-13 -1.344766289334198e-5
5750 15.731121744449359 0.0027564767300789494 0.004539381939633528 0.012552703851996139 2.873257187729905e-13 -1.4538484373483518e-5
5760 15.758703271033522 0.00275921267999792 0.004543377689150055 0.013460112846388095 2.8754776337791554e-13 -1.4452426893208747e-5
5770 15.786294042931692 0.0027583397029308644 0.004511138197436364 0.011622903910871396 2.881028748902281e-13 -1.3382524314915745e-5
5780 15.813860667038357 0.0027553771967036155 0.004506978940060277 0.011555507790174668 2.8899105330992825e-13 -1.3143704892545622e-5
5790 15.841410276671196 0.0027552733979044133 0.004548285651643038 0.012411680254476032 2.8926860906608454e-13 -1.4185511766977497e-5
5800 15.868978793973461 0.0027583007768968706 0.004576556808564342 0.01314104543935024 2.897126982759346e-13 -1.4851968490702087e-5
5810 15.896572385062075 0.0027596285826420163 0.004553402900986449 0.012842690772619236 2.901012763345534e-13 -1.406604488256931e-5
5820 15.92415727320384 0.0027571772587268468 0.004522764222425393 0.01114222629291628 2.907674101493285e-13 -1.307937162902841e-5
5830 15.951714863693523 0.002755060578310441 0.004540772909248681 0.012668208854557661 2.9137803281287233e-13 -1.3425821073272177e-5
5840 15.979272207593956 0.0027568313335710397 0.004584443008571973 0.012591122416182987 2.918221220227224e-13 -1.4436890649510409e-5
5850 16.00685778273498 0.002759709058691716 0.004590764629736763 0.013579464437271371 2.923217223838037e-13 -1.4363483639666789e-5
5860 16.034455070525233 0.0027590980602355156 0.004559801494481576 0.011313042023393005 2.927103004424225e-13 -1.3247362385111469e-5
5870 16.062029353204586 0.0027560904574337203 0.004554521598912657 0.011457580802072709 2.933764342571976e-13 -1.2867327784661993e-5
5880 16.08958458824503 0.0027557116671217134 0.0045976122015319995 0.012934870294858736 2.939315457695102e-13 -1.3835097821691357e-5
5890 16.11715684837407 0.002758680664089299 0.004633176166769395 0.013078215206104526 2.9426461267689774e-13 -1.4607699529215414e-5
5900 16.144755490811214 0.0027602594192733115 0.004617614932305704 0.013086448992667976 2.948752353404416e-13 -1.3994621793625384e-5
5910 16.17234777556366 0.002757957238822036 0.004589062692017858 0.010998730523872846 2.9543034685275416e-13 -1.3082901158787397e-5
5920 16.19991230268917 0.002755644488238953 0.0046053697019190765 0.012396401365972864 2.959299472138355e-13 -1.3436315165748437e-5
5930 16.22747410286596 0.0027571969329654856 0.004649267042718569 0.012585772020221264 2.964295475749168e-13 -1.452813969789711e-5
5940 16.25506368157493 0.0027601886498745338 0.004657560129492068 0.013724907100722272 2.9687363678476686e-13 -1.4601144412275152e-5
5950 16.28266727263574 0.0027598364773005935 0.004624631043027518 0.011712427111091217 2.974842594483107e-13 -1.3528914436461079e-5
5960 16.310249134141998 0.0027568062100654647 0.004612061431914018 0.011809972924988088 2.97983859809392e-13 -1.3025740000001222e-5
5970 16.33781009889312 0.002756161807295955 0.004648846086880978 0.01263950034074579 2.9848346017047334e-13 -1.3849355234578538e-5
5980 16.365386135890656 0.0027590543486193304 0.004683770342304603 0.013107665751750486 2.9898306053155466e-13 -1.458967460048026e-5
5990 16.392989678869597 0.0027608711359146773 0.004669827717415354 0.013333040500375093 2.9937163859017346e-13 -1.39855535845404e-5
6000 16.42058923829191 0.002758733724079767 0.004640053638641239 0.011080679425579998 2.9992675010248604e-13 -1.2992194231613297e-5
6010 16.448160787087403 0.0027562436974089347 0.004653851444097148 0.012567098260783283 3.003708393123361e-13 -1.3218627261564475e-5
6020 16.475727159455552 0.0027575678315246697 0.004699400455727564 0.012559429295883717 3.009259508246487e-13 -1.4298195683061163e-5
6030 16.503320649635672 0.002760650737439247 0.004712969710004496 0.013800458002683258 3.0148106233696126e-13 -1.4491461493292305e-5
6040 16.530930335079056 0.0027605580622327604 0.004682930489911827 0.012045142779431306 3.019806626980426e-13 -1.3511794634163063e-5
6050 16.558519742978433 0.0027575303381627563 0.004668213843137825 0.011732014005399805 3.0242475190789264e-13 -1.298157971584002e-5
6060 16.58608659822701 0.0027566290191444586 0.004702689849447595 0.012839725195320173 3.0309088572266774e-13 -1.3764487077957271e-5
6070 16.613666482228293 0.0027594232290351034 0.004739495200381144 0.013234748453712641 3.0359048608374906e-13 -1.4562183572276385e-5
6080 16.641274760156183 0.0027614598915836654 0.004728590094611142 0.013561714525797852 3.040900864448304e-13 -1.4039918275258328e-5
6090 16.66888141698829 0.0027595009561489246 0.004698022530090647 0.011140836093994466 3.038125306886741e-13 -1.3013698023486321e-5
6100 16.6964600312738 0.002756856254278742 0.004708774051807123 0.012601239820860366 3.0492275371329924e-13 -1.3124337002554543e-5
6110 16.724031116151306 0.002757947738959584 0.0047546674445221775 0.012688534092501369 3.0569990983053685e-13 -1.4168589257788564e-5
6120 16.751628479905637 0.002761098570366184 0.004772760913507054 0.013869597006807899 3.061439990403869e-13 -1.4452023500551741e-5
6130 16.779244067113826 0.002761261815629762 0.004745737896982132 0.012373532669359588 3.0647706594777446e-13 -1.3553807366214137e-5
6140 16.806840948955415 0.002758258940570309 0.004729375561205786 0.011661012601723031 3.0703217746008704e-13 -1.3005320598000962e-5
6150 16.834413822608425 0.002757112206212057 0.004761343631233843 0.012908591271476033 3.074762666699371e-13 -1.3762839874930247e-5
6160 16.861997643646585 0.002759791822650217 0.004798776337342632 0.013353553034477827 3.0792035587978717e-13 -1.4635683054784048e-5
6170 16.88961054034578 0.002762030170931026 0.004788879312449988 0.013784759778645683 3.08530978543331e-13 -1.4218150745012622e-5
6180 16.917224135310814 0.002760258033228619 0.004754664208674098 0.011354050206657362 3.090305789044123e-13 -1.3174852408082207e-5
6190 16.944809827441496 0.0027574774967985415 0.004758399939814832 0.012922922443754148 3.093081346605686e-13 -1.3151125904455891e-5
6200 16.972385721936497 0.002758333802853024 0.004800446996349634 0.012469390358277321 3.0991875732411245e-13 -1.4092872227945342e-5
6210 16.999986914560143 0.0027615329693755717 0.004819721541847368 0.013908499533821228 3.105293799876563e-13 -1.4365807873344331e-5
6220 17.027608236729417 0.002761949830155262 0.004794388586756849 0.012672917270018735 3.110289803487376e-13 -1.3442873053468444e-5
6230 17.055212542800327 0.0027589922624916127 0.004777322960116279 0.011444600238030622 3.115840918610502e-13 -1.2782322311701145e-5
6240 17.08279156028513 0.0027576108969967553 0.004809748344802858 0.013324370165488153 3.120836922221315e-13 -1.344480072108932e-5
6250 17.110379383219268 0.0027601575651310284 0.0048524916545422785 0.013409233593220327 3.1252778143198157e-13 -1.4368873235721732e-5
6260 17.137996747485474 0.0027625785358817434 0.004849819037467397 0.013949650243318013 3.131384040955254e-13 -1.410213698159291e-5
6270 17.16561710017091 0.002761004657192269 0.0048189987736242165 0.01178176511520923 3.1358249330537546e-13 -1.3157774476195191e-5
6280 17.1932099074811 0.0027581126366148477 0.004821854553744414 0.012633054543412237 3.1424862712015056e-13 -1.3154409826803837e-5
6290 17.220790783058085 0.0027587342137022483 0.004863592175133654 0.013107003345725565 3.145816940275381e-13 -1.4150002167379494e-5
6300 17.24839582824562 0.002761958199580555 0.00488471369938456 0.013973714447191976 3.151368055398507e-13 -1.4548028834004165e-5
6310 17.27602270979375 0.0027626172932100628 0.004859004388511031 0.012998754098188403 3.1558089474970075e-13 -1.3699333328341754e-5
6320 17.303634306127115 0.0027597206949604774 0.004836419218455673 0.011879505464834406 3.161915174132446e-13 -1.2965781375582925e-5
6330 17.33121951672588 0.002758119405017708 0.00486238710261495 0.013150583086559253 3.166911177743259e-13 -1.349334590403442e-5
6340 17.358811413182153 0.002760524753023141 0.004903106094770034 0.013493043054504161 3.171907181354072e-13 -1.4357807522224e-5
6350 17.386433164006316 0.0027631129564162087 0.004901661886229871 0.014120222360439583 3.177458296477198e-13 -1.4094116585436703e-5
6360 17.414060143796355 0.002761743616481792 0.004870438601054322 0.011818935998760494 3.181344077063386e-13 -1.3098814679188275e-5
6370 17.441660079850795 0.0027587565515523878 0.004870915748044982 0.012721111481911018 3.1857849691618867e-13 -1.2983671824503412e-5
6380 17.469246041924784 0.002759142493006422 0.004912907861050258 0.013205345255123735 3.191891195797325e-13 -1.3934521251000864e-5
6390 17.49685491771264 0.002762372002350641 0.004938147561716214 0.013977926453143996 3.1968871994081383e-13 -1.4414154659418222e-5
6400 17.524487191069614 0.0027632671219950484 0.0049159091405995186 0.013263165381008857 3.199662756969701e-13 -1.3664029090676086e-5
6410 17.552105991414 0.0027604495958921337 0.004892433096826209 0.011748169431018862 3.206324095117452e-13 -1.2934086401105924e-5
6420 17.579697497680673 0.0027586426137807085 0.004916014504721604 0.013244443220867708 3.211875210240578e-13 -1.3421160681086064e-5
6430 17.60729356585164 0.002760893925401169 0.004957540145978003 0.013548746906533515 3.215760990826766e-13 -1.431260354979591e-5
6440 17.63491960724038 0.00276363034358544 0.004958999416271001 0.014274913678715195 3.220756994437579e-13 -1.4123033796600501e-5
6450 17.662553033028374 0.0027624684275792013 0.004928156183189722 0.011940067745088156 3.22741833258533e-13 -1.312756923854512e-5
6460 17.690160073587958 0.0027594078861125134 0.004926080392839534 0.012697838065302447 3.2318592246838307e-13 -1.292069348963771e-5
6470 17.717751235896483 0.0027595620982444557 0.0049672967988491894 0.013456791724276163 3.235189893757706e-13 -1.381435563846357e-5
6480 17.7453639626739 0.002762778694230887 0.0049958636258338514 0.01397918745447202 3.2412961203931445e-13 -1.4349236973310421e-5
6490 17.773001480047583 0.00276389906642398 0.004977003382421878 0.013523245125970362 3.2479574585408955e-13 -1.3682538575761376e-5
6500 17.800627369737814 0.0027611748729178686 0.004953054683674247 0.011623166846253974 3.2529534621517087e-13 -1.2960600610443973e-5
6510 17.828225236532866 0.002759177993639968 0.004974258376884521 0.01331972389410252 3.257949465762522e-13 -1.3422211438914643e-5
6520 17.855825583075614 0.0027612683951424525 0.005015697473261341 0.013599870674950165 3.2623903578610225e-13 -1.4358999366516782e-5
6530 17.883455863960727 0.002764134878822074 0.005018383160718916 0.014426739437543856 3.2679414729841483e-13 -1.4265329647346554e-5
6540 17.911095583604414 0.0027631798433855694 0.004985436396816599 0.012195197565134763 3.2701619190333986e-13 -1.3287696655305658e-5
6550 17.9387096813271 0.0027600617593948012 0.004977403358069589 0.013167338881889035 3.2768232571811495e-13 -1.2981902031609173e-5
6560 17.966306118973094 0.002759990025507699 0.005014070659711751 0.013154362442945766 3.2823743723042753e-13 -1.3768723616350695e-5
6570 17.99392270859221 0.002763180316591704 0.005042662813795613 0.013957118722065287 3.2873703759150885e-13 -1.4272630435724768e-5
6580 18.02156535201433 0.0027645172212769015 0.0050254566231760995 0.013757987293098406 3.291811268013589e-13 -1.35898271281153e-5
6590 18.049198247242536 0.0027618988173685136 0.005001293056303982 0.012026340313512796 3.2951419370874646e-13 -1.278342862372055e-5
6600 18.07680254339113 0.002759724550368395 0.005022282549806986 0.01348088520048829 3.3018032752352156e-13 -1.3146950399170068e-5
6610 18.104407248276 0.0027616446948606098 0.005067347536379059 0.013598585517069162 3.306244167333716e-13 -1.409326280677978e-5
6620 18.132041683571746 0.0027646231754857313 0.005076405582057155 0.014526131951064003 3.3123503939691545e-13 -1.4118189297983902e-5
6630 18.159687528087083 0.002763877594832368 0.005047567164306301 0.012509549049029456 3.316791286067655e-13 -1.3246634505504846e-5
6640 18.18730865828374 0.0027607225923248603 0.005039565651486186 0.01265627791661006 3.320677066653843e-13 -1.2975220085185479e-5
6650 18.214910502677014 0.0027604320676243577 0.005075764609965887 0.013780071486721224 3.326228181776969e-13 -1.3800223074406234e-5
6660 18.242531019683955 0.002763579141781953 0.0051058855084373895 0.014025609469332512 3.330113962363157e-13 -1.440477973162728e-5
6670 18.270178662558163 0.0027651176288842573 0.005089246891404576 0.014015909857366837 3.33510996597397e-13 -1.3807825128623642e-5
6680 18.297818405763927 0.0027626130370220024 0.005061205598998629 0.011756939347080553 3.3401059695847835e-13 -1.2970046904424958e-5
6690 18.325429123932054 0.002760277276910683 0.00507618963536318 0.01363688588907408 3.344546861683284e-13 -1.3220819373338695e-5
6700 18.35303826357554 0.002762026370878985 0.00511828049182328 0.013626002619772537 3.3489877537817847e-13 -1.4094035074914413e-5
6710 18.380676832313316 0.00276510301634462 0.0051279142539087 0.014634522060044342 3.353983757392598e-13 -1.411148809845296e-5
6720 18.408328690891384 0.0027645648990521276 0.005099134766339495 0.01255368541410562 3.3595348725157237e-13 -1.3209065832485434e-5
6730 18.43595681821761 0.0027613860306419736 0.005089158997380219 0.012837516474495825 3.362865541589599e-13 -1.2846787878228322e-5
6740 18.463564142412597 0.002760882168198906 0.0051247416053781655 0.013803408722459332 3.368416656712725e-13 -1.3611505889151929e-5
6750 18.491188606549116 0.0027639731263848165 0.005157806723157709 0.014163796175975407 3.3745228833481633e-13 -1.4262634140277744e-5
6760 18.518841133845434 0.002765703153679875 0.005144651926831062 0.014219726085602236 3.377853552422039e-13 -1.375581958021517e-5
6770 18.546487618462795 0.002763322526192129 0.005116731929010907 0.011959494114742286 3.3845148905697897e-13 -1.2942697744246223e-5
6780 18.574104804447845 0.002760840848193476 0.0051296315324978 0.013685447522978067 3.3889557826682903e-13 -1.3161573873210486e-5
6790 18.601718475241615 0.002762414044694584 0.005171749746750609 0.013632334203984464 3.3939517862791035e-13 -1.4041231087832257e-5
6800 18.62936113645917 0.002765571166973996 0.005183885575826582 0.014729789379128277 3.4006131244268545e-13 -1.411797695915172e-5
6810 18.657018850557574 0.0027652367315429173 0.005156215852169322 0.012788601224253737 3.402833570476105e-13 -1.3234411155497658e-5
6820 18.684653902067588 0.0027620499363161 0.005144385851423922 0.012829550995629324 3.410605131648481e-13 -1.28064145661572e-5
6830 18.712266779121926 0.0027613420128601023 0.005178638852565243 0.014000128345948104 3.4139358007223564e-13 -1.3507428665050347e-5
6840 18.739895241551245 0.002764365590581543 0.0052139053472553465 0.014275939883080624 3.418376692820857e-13 -1.418461958112207e-5
6850 18.767552555047743 0.0027662737977602937 0.005204014553613921 0.014420049193553719 3.426148253993233e-13 -1.375188439369971e-5
6860 18.795205653664798 0.002764023946396003 0.005176485329477581 0.012142674110864338 3.4294789230671086e-13 -1.2964138930956318e-5
6870 18.822829317337884 0.002761411814586725 0.00518744541670025 0.013736818580529553 3.4350300381902343e-13 -1.3164566239046013e-5
6880 18.850447614983015 0.002762809808674873 0.005229030238161204 0.013637307333374649 3.44058115331336e-13 -1.4068946241297002e-5
6890 18.878094366016242 0.0027660329089998705 0.00524225253167136 0.014825292017627278 3.4466873799487985e-13 -1.4225774212056757e-5
6900 18.905757810854954 0.0027658953140261267 0.005213527877858669 0.013089390214824803 3.4522384950719243e-13 -1.3379736601482607e-5
6910 18.933399702800468 0.0027627112900441863 0.005196905443381536 0.013426684421270263 3.4561242756581123e-13 -1.2886676397512126e-5
6920 18.9610181711339 0.0027618086851997924 0.005226457124764386 0.013957884861673375 3.4611202792689255e-13 -1.3489485020502384e-5
6930 18.98865067325116 0.002764757627136383 0.0052607928251719605 0.014410529806813566 3.464450948342801e-13 -1.4122419629226501e-5
6940 19.016312708448808 0.0027668341345328594 0.005252223303073148 0.014599794158977775 3.4688918404413016e-13 -1.3674941255132625e-5
6950 19.0439723321986 0.0027647200617502378 0.005224853403032053 0.012474564869402016 3.4744429555644274e-13 -1.2825345717527278e-5
6960 19.07160249123514 0.002761989483985647 0.00523535951729801 0.013679627757063106 3.478883847662928e-13 -1.293535588272352e-5
6970 19.09922548685643 0.00276320983830038 0.0052792875639057395 0.014046613961100407 3.4833247397614286e-13 -1.3821634490778479e-5
6980 19.126876292985003 0.002766484201278239 0.0052978298750509575 0.014875298633601597 3.4877656318599293e-13 -1.4063178829760918e-5
6990 19.154545330246535 0.0027665404317443617 0.005273422750541051 0.013342826127736906 3.49220652395843e-13 -1.3317226573747731e-5
7000 19.182193999606465 0.0027633746136897838 0.005257629001735755 0.012842546946348676 3.4994229736184934e-13 -1.286806823924315e-5
7010 19.2098181448262 0.0027622870987038676 0.005286835934028774 0.01425456865940411 3.5044189772293066e-13 -1.3500707021601451e-5
7020 19.23745476465005 0.002765151170623347 0.005322381862177439 0.014511434611336638 3.510525203864745e-13 -1.4211460679089362e-5
7030 19.26512143972685 0.0027673795541931514 0.005314854216340098 0.014799544659313657 3.5149660959632456e-13 -1.3848724047238947e-5
7040 19.29278743055292 0.0027654027482632284 0.005284949477018377 0.012294060522709704 3.5216274341109965e-13 -1.2998007668806304e-5
7050 19.320424034023283 0.002762568754555849 0.005290230217252255 0.013944764997773529 3.5255132146971846e-13 -1.3022404379055101e-5
7060 19.348051788069125 0.0027636168229767575 0.005330684249982428 0.01383728268860318 3.529954106795685e-13 -1.3834266344591242e-5
7070 19.37570667016966 0.002766932244612483 0.0053491038974214835 0.014937514226327386 3.532729664357248e-13 -1.4058967504395128e-5
7080 19.403381223101363 0.0027671758241045647 0.0053249124932647175 0.013605886296140346 3.5399461140173116e-13 -1.3294070443006095e-5
7090 19.431036608946535 0.0027640360618494237 0.00530759768823812 0.013033532437583095 3.544942117628125e-13 -1.2775259398072059e-5
7100 19.458666464219753 0.002762772133279077 0.005335738049574359 0.014221677675923972 3.549938121238938e-13 -1.3344405634347495e-5
7110 19.486307239402624 0.0027655444866101363 0.005373217485553411 0.014603116077804179 3.555489236362064e-13 -1.4074310545314495e-5
7120 19.513978489095116 0.002767914164176175 0.0053688546176183976 0.014953861229696996 3.560485239972877e-13 -1.3785622682959547e-5
7130 19.541650745127733 0.0027660782412789625 0.005339733363485518 0.012537248426489844 3.567146578120628e-13 -1.2970434029868638e-5
7140 19.569293791702954 0.002763153412056299 0.005343407503570291 0.013963800898697976 3.5715874702191286e-13 -1.297392812689771e-5
7150 19.596926382020236 0.0027640303564977296 0.005383445246961965 0.014128640418296867 3.5771385853422544e-13 -1.3780380759716854e-5
7160 19.624585336524483 0.0027673732017660705 0.005403855598565618 0.014989618568692076 3.5832448119776927e-13 -1.4048105997109539e-5
7170 19.652265279578454 0.002767796606805228 0.005381133575598223 0.013855684540176771 3.5860203695392556e-13 -1.331035348203953e-5
7180 19.6799272821617 0.0027646931900138965 0.00536265613016376 0.012997345788199 3.592126596174694e-13 -1.2748878930824749e-5
7190 19.707562879531775 0.002763264489822402 0.005389336945652776 0.014379016483281881 3.5982328228101323e-13 -1.3257889533369732e-5
7200 19.73520786841415 0.0027659403793067906 0.005428101979928619 0.014674331159258203 3.603783937933258e-13 -1.39928827474435e-5
7210 19.762883638419982 0.0027684378401927785 0.005426587646966951 0.015105917467410857 3.6071146070071336e-13 -1.3763675171368274e-5
7220 19.79056203922027 0.002766743611896853 0.005398404715051055 0.012753797725769789 3.612110610617947e-13 -1.2982442105328616e-5
7230 19.818211498308045 0.0027637410335628514 0.005400696170953263 0.014007207111102593 3.6165515027164474e-13 -1.2976420296977247e-5
7240 19.845848994432366 0.0027644515458851247 0.005439997325295117 0.014358801019545342 3.6232128408641984e-13 -1.3794897219971025e-5
7250 19.87351204831451 0.002767810947929239 0.005461225189296463 0.015044940487407787 3.6254332869134487e-13 -1.412527061775979e-5
7260 19.901197291054615 0.002768405150953936 0.005438083891158327 0.014105019554999432 3.633204848085825e-13 -1.3433043962038615e-5
7270 19.928865810929338 0.0027653443176434323 0.005415883962514421 0.013555737722113048 3.6404212977458883e-13 -1.2834670625045399e-5
7280 19.956507152404246 0.002763761218238943 0.005438086267811175 0.014583100543423821 3.639311074721263e-13 -1.32614550447759e-5
7290 19.984156406322256 0.002766339467622191 0.005475245616639874 0.014768948335097454 3.6493030819428895e-13 -1.3946946629437762e-5
7300 20.011836677543833 0.0027689554818398246 0.005474580427016281 0.015242676292586022 3.65152352799214e-13 -1.3701697462996606e-5
7310 20.03952114746515 0.0027674028146086617 0.00544675670771161 0.012751230145207848 3.657629754627578e-13 -1.287584588198424e-5
7320 20.067176999813295 0.0027643309006475923 0.005448592964976701 0.013895919318260064 3.6626257582383914e-13 -1.2792352659461602e-5
7330 20.09481945028811 0.0027648774187421015 0.005489352527100883 0.014770323124303597 3.6665115388245795e-13 -1.3577201774277671e-5
7340 20.12248659996102 0.002768243079582534 0.005514849117634796 0.015062366875449151 3.6720626539477053e-13 -1.3961761538240011e-5
7350 20.150177040919566 0.002769001647009158 0.005495865732754963 0.014312429373265934 3.676503546046206e-13 -1.3355242383392146e-5
7360 20.177851998710878 0.002765992551608355 0.005475083612118882 0.012970380974039353 3.6837199957062694e-13 -1.2804033055248444e-5
7370 20.20549912588474 0.0027642664069897497 0.005497227057107318 0.014590961572880201 3.687050664780145e-13 -1.3255870414656483e-5
7380 20.233152717936246 0.002766742040055347 0.005535368999831521 0.014835438836778625 3.692046668390958e-13 -1.3999647235312166e-5
7390 20.260837445154117 0.0027694625616441187 0.005535915305266238 0.015396126223391815 3.6970426720017713e-13 -1.3830509734123449e-5
7400 20.288527839468482 0.0027680476344704346 0.005506559472388472 0.012935106860875512 3.701483564100272e-13 -1.3022838648278547e-5
7410 20.316190002481733 0.002764919208640138 0.005504058369230022 0.014138331818323358 3.7070346792233977e-13 -1.2880475567304123e-5
7420 20.343837445602382 0.0027653099429801376 0.005541219615400595 0.014529712706539022 3.7125857943465235e-13 -1.3598334778902599e-5
7430 20.371508737733787 0.0027686762572477247 0.005565986513318115 0.015094710308614867 3.717026686445024e-13 -1.3960595166184059e-5
7440 20.399204335218037 0.0027695905929370646 0.0055471573104118165 0.014530125268558847 3.72257780156815e-13 -1.3342013377940637e-5
7450 20.426885660124558 0.0027666358882936985 0.005525235556076794 0.013133987036465844 3.727573805178963e-13 -1.274012265793309e-5
7460 20.454538572919756 0.002764774822731627 0.005546175186215238 0.014678885172679346 3.7320146972774637e-13 -1.3133102856716442e-5
7470 20.48219654041464 0.002767146844984881 0.005585468599881566 0.01489793209521606 3.7375658124005895e-13 -1.3876997751829413e-5
7480 20.509885697217726 0.0027699629823467664 0.005588684504510931 0.01551352880366308 3.744782262060653e-13 -1.3763287023986579e-5
7490 20.537581931946654 0.0027686845636312094 0.005560461982040939 0.013073810751522252 3.747557819622216e-13 -1.2993588050383767e-5
7500 20.56525037666136 0.0027655090411989416 0.005556857295648891 0.01414259323671363 3.7519987117207165e-13 -1.2840118150638652e-5
7510 20.592902861743745 0.0027657486531648696 0.005593435697646528 0.014787717300313252 3.758104938356155e-13 -1.3546961549208009e-5
7520 20.62057831310634 0.002769106109354173 0.005619699216375645 0.015119873530889838 3.764211164991593e-13 -1.3937547465613098e-5
7530 20.64827897591395 0.0027701670303738614 0.005602415090134508 0.014735599919030284 3.7680969455777813e-13 -1.334717781290018e-5
7540 20.675966560984723 0.0027672720960861727 0.00557991605279354 0.013084329358313274 3.7703173916270316e-13 -1.2720764140616153e-5
7550 20.7036252523504 0.0027652871807457764 0.005599519666811437 0.014769453944862398 3.7797542873363454e-13 -1.3062669364111764e-5
7560 20.731287647879665 0.0027675553490152448 0.005639444873832444 0.014945310015546776 3.7836400679225335e-13 -1.3798655921469461e-5
7570 20.758981214072126 0.0027704563585000787 0.005644976931979931 0.01562994528932149 3.7875258485087215e-13 -1.3728822322906778e-5
7580 20.78668318687138 0.0027693109268105117 0.005617956137534473 0.013366738887711338 3.7941871866564725e-13 -1.299472789665646e-5
7590 20.814357854282463 0.0027660978459282184 0.005613512777752122 0.014192203502666367 3.7991831902672857e-13 -1.2839603547268346e-5
7600 20.842015423131507 0.002766194104877141 0.005649343842857651 0.015003365995141849 3.801403636316536e-13 -1.3551435530716499e-5
7610 20.869695074290888 0.0027695365884913173 0.005676156427879827 0.015245916102936574 3.806954751439662e-13 -1.3988469931513291e-5
7620 20.89740074361235 0.0027707334648586954 0.005658772192213934 0.014941415408834147 3.811950755050475e-13 -1.344373311925391e-5
7630 20.925094487179173 0.0027679000355250597 0.005633429635825017 0.01361682551711807 3.8163916471489756e-13 -1.2801661033011982e-5
7640 20.95275893078839 0.0027658015235390407 0.005648995408885846 0.015081545202457636 3.8202774277351637e-13 -1.3080214774744683e-5
7650 20.980425801788748 0.002767968842908421 0.005686917616867796 0.015016027170516422 3.82804898890754e-13 -1.3768293391235322e-5
7660 21.008123792419784 0.002770947417927521 0.0056928057053652024 0.01573640527103365 3.831379657981415e-13 -1.3681360845041454e-5
7670 21.03583144912351 0.0027699306543948633 0.005666182259236956 0.013200103462663315 3.8363756615922284e-13 -1.2915533651646452e-5
7680 21.063512297383937 0.00276668552806673 0.005661391349549328 0.01404166596567158 3.8430369997399794e-13 -1.2697689015890376e-5
7690 21.091174972795486 0.0027666431076570543 0.0056981259166864065 0.015361001501001281 3.8480330033507926e-13 -1.3369501443557852e-5
7700 21.118858836304486 0.0027699649136797943 0.005728273887934171 0.015374320190935209 3.8535841184739184e-13 -1.3835759550916351e-5
7710 21.146569445009987 0.002771290778033873 0.005714656976953401 0.015111530236183668 3.856359676035481e-13 -1.3358193154064974e-5
7720 21.17426926597303 0.002768523152566386 0.005691096171075932 0.013233780976370013 3.861910791158607e-13 -1.2760659046500919e-5
7730 21.20193946984159 0.002766320803923015 0.005706947798166582 0.015051396858075217 3.8680170177940454e-13 -1.306041833022952e-5
7740 21.229610873984914 0.0027683864275277717 0.00574573370011275 0.015064057509815543 3.871347686867921e-13 -1.3790554385607152e-5
7750 21.257313266461235 0.002771430342797288 0.005752836443109711 0.015855962950661162 3.876343690478734e-13 -1.3767323585827545e-5
7760 21.285026481820758 0.002770536349515785 0.005725360994290932 0.01361492382614149 3.88189480560186e-13 -1.3029969514695428e-5
7770 21.312713412031787 0.0027672682167818735 0.005717095000805194 0.014426283293045739 3.885780586188048e-13 -1.277669188511684e-5
7780 21.34038120788066 0.002767097616020108 0.005750375368482977 0.015101194171078136 3.8918868128234863e-13 -1.3394142298221723e-5
7790 21.368069342647548 0.0027703971381831173 0.005779341383406671 0.015517928716521578 3.897437927946612e-13 -1.3837158665310975e-5
7800 21.395784881248552 0.002771843345871743 0.005765686965869238 0.015292391949627171 3.9013237085328e-13 -1.3351955348329947e-5
7810 21.42349071237941 0.002769140068531229 0.005741256790680265 0.013281176451638843 3.906874823655926e-13 -1.2719767559975226e-5
7820 21.45116664749006 0.0027668405112654644 0.005755961988652998 0.015151876607330417 3.9113157157544265e-13 -1.296962436792698e-5
7830 21.47884261376013 0.002768807293446474 0.005795359068899739 0.01511266162938274 3.917421942389865e-13 -1.3688250665961493e-5
7840 21.50654941040835 0.0027719101996113217 0.005804568011290003 0.015949040795993463 3.9218628344883655e-13 -1.3702498144791027e-5
7850 21.534268123383338 0.0027711347902973707 0.005778328475774148 0.013724457346346641 3.926303726586866e-13 -1.2999661344279337e-5
7860 21.56196108870653 0.0027678493280115387 0.0057694106559118274 0.014415999138787439 3.931854841709992e-13 -1.2742283793800574e-5
7870 21.589634028017272 0.002767556461927985 0.005802131759373785 0.01533604665720567 3.938516179857743e-13 -1.3346910383946198e-5
7880 21.617326458314075 0.0027708284665043433 0.005832187541468653 0.015650483480436295 3.9418468489316183e-13 -1.380625273740381e-5
7890 21.645046865130567 0.002772385832134289 0.005819974445054858 0.01546229383079617 3.9479530755670567e-13 -1.3346132342014969e-5
7900 21.672758602018124 0.0027697482208783562 0.005795400915894751 0.013366794146471017 3.9523939676655573e-13 -1.2702529238736021e-5
7910 21.700440234323146 0.0027673616509058495 0.005809024512143584 0.015220946484654663 3.9585001943009956e-13 -1.2912559926654427e-5
7920 21.728120801751416 0.0027692322696026062 0.005848628524930114 0.01515107992578435 3.961830863374871e-13 -1.361673466959137e-5
7930 21.75583200412678 0.002772385966874601 0.005859629229059591 0.016042199662899437 3.967381978497997e-13 -1.3660659810852739e-5
7940 21.783556134303318 0.002771723385485643 0.005834635405798543 0.01396007416797651 3.971267759084185e-13 -1.299044422710334e-5
7950 21.811255061628103 0.002768426717057129 0.005825340378652676 0.014427210002431856 3.976263762694998e-13 -1.2736943005489445e-5
7960 21.83893315983507 0.002768020036545573 0.005857443625313651 0.015544209310339618 3.981814877818124e-13 -1.3342995041586604e-5
7970 21.866629928581553 0.0027712618087586617 0.005887826245608584 0.015778959138206372 3.9862557699166246e-13 -1.3834922070098743e-5
7980 21.894355170018482 0.0027729206681415403 0.005875619259567975 0.01563322762897379 3.992361996552063e-13 -1.3415846730886956e-5
7990 21.92207271688722 0.002770347159389452 0.005848872737965124 0.013664797521488303 3.996247777138251e-13 -1.277135786228973e-5
8000 21.949760000182106 0.002767882701609436 0.0058589903942444874 0.015501689868022694 4.0023540037736893e-13 -1.2936877105440869e-5
8010 21.977445207382754 0.0027696630399424993 0.005896427918004412 0.015211761120273892 4.0073500073845025e-13 -1.3599608616927075e-5
8020 22.005160854256534 0.002772862651085396 0.0059073312697410585 0.016130454363809332 4.0129011225076283e-13 -1.3626988532539889e-5
8030 22.0328903693802 0.0027723061875652147 0.0058826548289870745 0.01402632162789852 4.016231791581504e-13 -1.2934956746920418e-5
8040 22.060595205448024 0.0027690005130722476 0.005873152748415221 0.014286527009525485 4.0228931297292547e-13 -1.2633392063243505e-5
8050 22.088278460644155 0.00276848564181988 0.005905852790277229 0.01586312749464336 4.026778910315443e-13 -1.3199262572155947e-5
8060 22.115979586047374 0.0027716952723032344 0.005938801678309805 0.01588942145222083 4.0312198024139434e-13 -1.3701364982946437e-5
8070 22.14370962400277 0.0027734486983384266 0.005929858037927685 0.015775043801549204 4.036770917537069e-13 -1.3329852350424201e-5
8080 22.171432907986286 0.0027709399468251713 0.005905062244436576 0.013846633744498904 4.0417669211478824e-13 -1.2722785683541086e-5
8090 22.19912582524361 0.0027684056594959095 0.005915808056256097 0.015492368462691863 4.047318036271008e-13 -1.2905150863549883e-5
8100 22.226815711252254 0.0027700978286936268 0.005954083889140314 0.015254923411536891 4.050093593832571e-13 -1.3596359278285938e-5
8110 22.254535793052813 0.0027733339292647006 0.005966111203347925 0.016227884899093326 4.0545344859310717e-13 -1.3673636626897645e-5
8120 22.282270587024136 0.00277287598528125 0.005941009056023384 0.01423415951645296 4.061750935591135e-13 -1.301374086973674e-5
8130 22.30998122559489 0.002769567451878407 0.00592878562276256 0.01477682577030337 4.0650816046650107e-13 -1.269578716326606e-5
8140 22.337669632860354 0.0027689554777919003 0.0059583434908108334 0.01559480747656794 4.0717429428127616e-13 -1.3222236208294477e-5
8150 22.36537517738257 0.0027721344476449605 0.005989815411638709 0.016011358133837028 4.0756287233989497e-13 -1.370403199534194e-5
8160 22.39311002645635 0.002773974071669234 0.005980584662797298 0.01592763457812507 4.0800696154974503e-13 -1.3328542244481906e-5
8170 22.420838988166132 0.0027715256580835668 0.005955089205823115 0.013653320276686087 4.086730953645201e-13 -1.2700125507102145e-5
8180 22.44853749176769 0.0027689267808876407 0.00596484791807183 0.015565939062827883 4.0906167342313893e-13 -1.2843439263133041e-5
8190 22.476232073505738 0.0027705360735134897 0.006003395507883495 0.015302468167683325 4.0956127378422025e-13 -1.3517234176719031e-5
8200 22.503956611012217 0.0027738052746525996 0.006016985783644381 0.016308155281300807 4.0994985184283905e-13 -1.361631263136192e-5
8210 22.53169664551976 0.002773439755821093 0.005993053229077009 0.014419090409772795 4.1033842990145786e-13 -1.2983989270546822e-5
8220 22.559413032846244 0.0027701308496831767 0.0059805456671946575 0.014764651817816055 4.108380302625392e-13 -1.2665909286547344e-5
8230 22.58710659286405 0.0027694278833908952 0.006009683761633522 0.015815421106347594 4.113376306236205e-13 -1.3179636858012822e-5
8240 22.614816580725762 0.0027725742208893176 0.0060419364443558415 0.016126884681509468 4.121147867408581e-13 -1.3668500646508291e-5
8250 22.64255620120222 0.002774491614621532 0.006033942646153918 0.01607050552354916 4.123923424970144e-13 -1.3312966913451782e-5
8260 22.67029074428134 0.002772102044956129 0.006008588685392567 0.013798431367517405 4.132805209167145e-13 -1.268200470836648e-5
8270 22.69799478183686 0.002769446690921653 0.006017574761918409 0.015623697180772389 4.134470543704083e-13 -1.2796888447735768e-5
8280 22.72569408405286 0.002770978179393568 0.006056098152186497 0.015344227131625643 4.1405767703395213e-13 -1.3454265400736961e-5
8290 22.753423091934085 0.002774274775042492 0.006070998994186152 0.016389209325525456 4.1444625509257094e-13 -1.3571224883768816e-5
8300 22.781168305775886 0.002773995134738067 0.006048220205512188 0.014598522275498571 4.1505687775611477e-13 -1.2965940465484578e-5
8310 22.808890363644228 0.002770688816095024 0.006035695487117994 0.01478416025075957 4.155564781171961e-13 -1.2654782966682142e-5
8320 22.836589070299524 0.002769903234183964 0.006064418724687901 0.016021523202816135 4.1588954502458364e-13 -1.316816946462578e-5
8330 22.86430354071539 0.0027730168935330615 0.006096839569497475 0.016238875800577368 4.167222122930525e-13 -1.3678190790610304e-5
8340 22.892047917445648 0.002775003607960453 0.0060888240451503 0.016214784224565904 4.169997680492088e-13 -1.3356748045270447e-5
8350 22.919787956553694 0.002772669147557341 0.006061776664821185 0.013897746400298838 4.177769241664464e-13 -1.2734443628573796e-5
8360 22.947497469172255 0.002769964688439953 0.00606780056853727 0.015885710639684247 4.1783243531767766e-13 -1.2822024464191354e-5
8370 22.975201521941923 0.002771426181113922 0.006104163311024546 0.015406250715009229 4.1838754682999024e-13 -1.3447321136680641e-5
8380 23.002935054063755 0.002774747467872288 0.006118589706389901 0.01646987236928188 4.192202140984591e-13 -1.3550196228656675e-5
8390 23.03068543467679 0.0027745458330133083 0.00609597854167906 0.014771089291336748 4.193867475521529e-13 -1.293122197094229e-5
8400 23.058413104273487 0.0027712415246112705 0.006083381587731356 0.014629731571259907 4.1994185906446546e-13 -1.2585691096358848e-5
8410 23.086116936690832 0.002770379165991685 0.006112570861847359 0.016315439405424792 4.2049697057677804e-13 -1.306255928834331e-5
8420 23.11383590811059 0.0027734610769593513 0.0061469533296059035 0.016341917087566715 4.2088554863539684e-13 -1.3568934409667388e-5
8430 23.14158502527738 0.0027755111453908908 0.006141665534034714 0.016336517757106817 4.2155168245017194e-13 -1.3276296237880681e-5
8440 23.16933049768038 0.0027732298673691313 0.006116592015139055 0.014370271628221964 4.2216230511371577e-13 -1.268147344861107e-5
8450 23.19704545161942 0.0027704823478150262 0.006123551428710897 0.0159013180212626 4.224953720211033e-13 -1.2780530101299712e-5
8460 23.22475427571197 0.0027718768630327927 0.00616079093514975 0.01570937553904117 4.2310599468464716e-13 -1.3422625684252233e-5
8470 23.25249232723186 0.0027752158103954215 0.006176205271865964 0.016555479933004547 4.2349457274326596e-13 -1.3561581090640925e-5
8480 23.280247783969983 0.002775084677013916 0.006153397455891431 0.01494163203469423 4.242162177092723e-13 -1.2974000225772758e-5
8490 23.307980958768365 0.0027717867098778883 0.006138705233897123 0.015115994166703617 4.246603069191224e-13 -1.2626795699462873e-5
8500 23.335689899844315 0.0027708582707029086 0.006165146499365373 0.016047247781798224 4.2510439612897244e-13 -1.3079481902711354e-5
8510 23.363413434034968 0.0027739119571097595 0.006197889823918762 0.016452187943484797 4.25659507641285e-13 -1.3571210535639686e-5
8520 23.391167322513006 0.002776017821998253 0.006192048470408609 0.016468472569098835 4.2615910800236634e-13 -1.327835119739433e-5
8530 23.418918177738753 0.002773783309118894 0.006166370745315448 0.014120774708845152 4.2654768606098514e-13 -1.267329789225724e-5
8540 23.44663851439467 0.0027709965979125176 0.006172553232832889 0.01595903120865949 4.269917752708352e-13 -1.2744535851335823e-5
8550 23.474352115837963 0.0027723307955756335 0.006209878584137346 0.015700990275319127 4.275468867831478e-13 -1.3367274713130955e-5
8560 23.502094719242983 0.0027756858081704784 0.006226375223232876 0.01663266002794972 4.2810199829546036e-13 -1.3515116116192042e-5
8570 23.529855233196333 0.002775618801468212 0.006204568477357888 0.015096873918346465 4.285460875053104e-13 -1.2946578699856923e-5
8580 23.55759385853607 0.0027723271877969067 0.006189870083714797 0.015110693284896226 4.2904568786639175e-13 -1.2600677388337894e-5
8590 23.585307892611954 0.0027713384512639393 0.006216091352615373 0.01626068683356585 4.2954528822747307e-13 -1.3041433827347404e-5
8600 23.613036010133374 0.0027743642039244473 0.006249395510621052 0.016560025708854842 4.3021142204224816e-13 -1.353326672507392e-5
8610 23.640794645334715 0.0027765184670125076 0.006244541371429243 0.016591746752539216 4.3060000010086696e-13 -1.3254657790538055e-5
8620 23.668550796667226 0.002774327451927998 0.006219165224658168 0.01428676021894365 4.3115511161317954e-13 -1.2652790889236196e-5
8630 23.69627645357797 0.0027715080815535423 0.006224888613628902 0.01601364347354639 4.313216450668733e-13 -1.2706075260392018e-5
8640 23.72399484460281 0.0027727881178254217 0.006262099176846889 0.015902507924650977 4.3204329003287967e-13 -1.3313275485905829e-5
8650 23.751742020977566 0.002776155405686623 0.006279491628285746 0.016710873363695367 4.3248737924272973e-13 -1.3469707624722601e-5
8660 23.77950754559829 0.0027761452663382967 0.006258665636665013 0.015245821457260333 4.330424907550423e-13 -1.2921542930420505e-5
8670 23.80725154306678 0.0027728612647272624 0.006244222596581773 0.015148439600339292 4.3365311341858614e-13 -1.2583541116506242e-5
8680 23.834970648929172 0.00277182008045129 0.006270268610170415 0.016468146035957032 4.3393066917474243e-13 -1.3022891125508586e-5
8690 23.862703383517786 0.002774819692822934 0.006303632378010814 0.016664409292694415 4.3481884759444256e-13 -1.3526536098677323e-5
8700 23.890466761147405 0.002777014950667634 0.006298646491485527 0.016716355587376608 4.351519145018301e-13 -1.3274238768580903e-5
8710 23.9182281325671 0.002774862620010468 0.006271899134605941 0.014253577867314071 4.355404925604489e-13 -1.2686788957057786e-5
8720 23.945959045741937 0.0027720166953737694 0.00627517262145478 0.01626748813321066 4.3598458177029897e-13 -1.2727711773737989e-5
8730 23.973682250007784 0.002773251338548895 0.006310337188585065 0.015639156935822962 4.365952044338428e-13 -1.3313467394063092e-5
8740 24.0014340618462 0.0027766296996514024 0.006326957504552241 0.016792495039233635 4.371503159461554e-13 -1.3459868359841492e-5
8750 24.02920459851772 0.0027766679497006467 0.006306117545488393 0.015390719145702003 4.376499163072367e-13 -1.2905155882910734e-5
8760 24.056953907755624 0.002773389024314995 0.006291724126377252 0.014985101660186961 4.3837156127324306e-13 -1.2545202839057814e-5
8770 24.08467805083088 0.002772301204576055 0.0063182224344473705 0.016748709925818006 4.388156504830931e-13 -1.2953704320735043e-5
8780 24.112415419405885 0.002775277495963947 0.0063530906110343096 0.016767968744683226 4.390932062392494e-13 -1.344398070715141e-5
8790 24.140183539434993 0.002777508809203387 0.006350314711943426 0.016824676948491768 4.3970382890279325e-13 -1.320356723387165e-5
8800 24.167950078945502 0.0027753915848336237 0.00632547354827525 0.01483426009154637 4.401479181126433e-13 -1.2632349473345902e-5
8810 24.195686204552565 0.0027725232950139337 0.006329943467953295 0.0163094482417534 4.404254738687996e-13 -1.2678465464406611e-5
8820 24.223414228230208 0.002773716267393709 0.0063660565314713115 0.016262230696982516 4.412026299860372e-13 -1.327066706570496e-5
8830 24.251170671199734 0.0027771005299170558 0.0063835040688024385 0.01687458151006671 4.4153569689342476e-13 -1.3440062896363987e-5
8840 24.278946141021603 0.0027771798854016026 0.006362553649629152 0.01552821063414661 4.4220183070819985e-13 -1.2913437984582877e-5
8850 24.306700659365205 0.0027739087678530306 0.0063465653496946346 0.015475240361836562 4.426459199180499e-13 -1.2562863593777902e-5
8860 24.334429816443794 0.0027727849536456034 0.006370732758796632 0.016486836914357705 4.432010314303625e-13 -1.2961496827076577e-5
8870 24.36217187939462 0.0027757424262936765 0.006403895642150299 0.01687410300056158 4.4364512064021255e-13 -1.3444292282253564e-5
8880 24.389944782440047 0.0027780029448534554 0.006400316625978122 0.016942005292180762 4.4420023215252513e-13 -1.3207776355802017e-5
8890 24.417716445803332 0.002775913363351412 0.006374917801479148 0.014568183458486261 4.4458881021114394e-13 -1.2635802668563983e-5
8900 24.44545771868196 0.0027730255267314993 0.006378842540239572 0.016360226986114057 4.4508841057222526e-13 -1.2664831806034546e-5
8910 24.473190561181863 0.00277418429720714 0.006414961613463615 0.016237704989814583 4.4564352208453784e-13 -1.3238139014881689e-5
8920 24.500951674399683 0.002777574345931244 0.006433082083115358 0.016956117994882502 4.4625414474808167e-13 -1.3406113019187013e-5
8930 24.528732070992586 0.0027776880784180944 0.006412914542774071 0.015657414748521836 4.466427228067005e-13 -1.2889755062398325e-5
8940 24.556491744824516 0.002774423155989623 0.0063971272086477985 0.015483125259762143 4.4719783431901305e-13 -1.2540148510630997e-5
8950 24.584225889997278 0.002773268726287759 0.006421296725412675 0.01669795704358268 4.4775294583132563e-13 -1.292766948356519e-5
8960 24.611972663954518 0.002776209027005404 0.006454864069251592 0.01698101011078912 4.481970350411757e-13 -1.3405325569719809e-5
8970 24.63975033472087 0.0027784922641380305 0.00645200580112824 0.017051362871008724 4.4853010194856324e-13 -1.317760561622347e-5
8980 24.66752704352378 0.002776426131917006 0.00642698503923983 0.01472883242969747 4.4902970230964456e-13 -1.261248359832063e-5
8990 24.695273396628753 0.002773524114956537 0.006430742367817303 0.01641754279117702 4.497513472756509e-13 -1.2632686863895022e-5
9000 24.723011062509077 0.0027746552602728623 0.006466748749123511 0.01641993051958268 4.50195436485501e-13 -1.3192787561125668e-5
9010 24.750776870084632 0.0027780486258949335 0.006485416385712561 0.017038440093569585 4.50417481090426e-13 -1.3362203730568601e-5
9020 24.77856215734394 0.002778189522813373 0.006466022581542984 0.01577928330149886 4.5102810375396984e-13 -1.2859467871642735e-5
9030 24.806326910090252 0.0027749307469029953 0.006450697925772949 0.015546166818602214 4.5180525987120745e-13 -1.2517287224120982e-5
9040 24.83406601402955 0.002773752988381718 0.006474938385577194 0.016907947444064875 4.5230486023228877e-13 -1.2902415777319217e-5
9050 24.86181752695363 0.0027766788223973775 0.00650848680422175 0.017084071870990702 4.528044605933701e-13 -1.3384138903389358e-5
9060 24.889599966310186 0.0027789782733867066 0.006505337038926912 0.01716145260156121 4.529154828958326e-13 -1.3175079810849497e-5
9070 24.917381651776893 0.0027769303711336056 0.006479153486165419 0.014697762353463817 4.535816167106077e-13 -1.2627696852727596e-5
9080 24.94513302120338 0.0027740195830896134 0.006480922281877134 0.016671372490424496 4.54081217071689e-13 -1.2648165481681214e-5
9090 24.97287553200142 0.002775132116866883 0.006515052783690818 0.016056623487675892 4.5469183973523286e-13 -1.319753885381885e-5
9100 25.00064610107288 0.002778528376769808 0.006532717560469352 0.017127135189318743 4.551914400963142e-13 -1.3361995456703705e-5
9110 25.028436287187112 0.0027786876685802304 0.006513126417330583 0.015899316096956273 4.554134847012392e-13 -1.2859323165084682e-5
9120 25.056206057529657 0.0027754314877798144 0.006497967135993415 0.015376946855717555 4.561906408184768e-13 -1.2506305228035399e-5
9130 25.083950078489362 0.00277423602705564 0.0065227218401104365 0.017184296390373444 4.566347300283269e-13 -1.2866951424889841e-5
9140 25.111706346846752 0.0027771514630588637 0.006557433106853159 0.017193296569035454 4.572453526918707e-13 -1.3328478240084646e-5
9150 25.13949356475701 0.0027794628426058457 0.0065560201909264084 0.01726094844173487 4.576894419017208e-13 -1.3116579716964879e-5
9160 25.167280182722312 0.002777428664782804 0.006531633209452857 0.015261492751637573 4.579669976578771e-13 -1.2574073153033219e-5
9170 25.195036519868268 0.002774512071905894 0.0065348195628644285 0.016738375392501004 4.585221091701897e-13 -1.2592932818797274e-5
9180 25.22278387102495 0.0027756098176675062 0.006569974721878122 0.016744409516251113 4.590772206825022e-13 -1.3139369489424094e-5
9190 25.25055919485356 0.002779004953376406 0.00658828580633388 0.017211645055967062 4.596878433460461e-13 -1.331485727888845e-5
9200 25.27835420803684 0.002779175932309478 0.006568571929375037 0.016006615622721654 4.601874437071274e-13 -1.2835833849883559e-5
9210 25.306128899574432 0.0027759245602196145 0.006552211046187817 0.01587644862190707 4.6074255521944e-13 -1.2500471359527289e-5
9220 25.33387781451845 0.0027747214214772294 0.006575037122911892 0.016932213937336904 4.610756221268275e-13 -1.2863997427467987e-5
9230 25.361638898067948 0.002777631368772481 0.006608033204651641 0.017300140038174927 4.617417559416026e-13 -1.3325652484744849e-5
9240 25.389430937846 0.0027799480791750705 0.006605595971891576 0.01736754684842584 4.620748228489902e-13 -1.3122052684472196e-5
9250 25.417222446583022 0.0027779198348519326 0.006580677884234482 0.01498410746199752 4.626299343613027e-13 -1.2587031074286908e-5
9260 25.4449836845428 0.0027749998917853077 0.006583558418512173 0.016788711987315463 4.631295347223841e-13 -1.2598539068209291e-5
9270 25.47273587361013 0.0027760906601184887 0.006618706413267962 0.016709014419034163 4.636291350834654e-13 -1.3127696624528826e-5
9280 25.500515995556068 0.002779485202464217 0.006637346146334023 0.017302412384993637 4.640732242933154e-13 -1.3293609435560461e-5
9290 25.528315836593098 0.0027796610341247656 0.0066181858111703145 0.01611177588382312 4.647393581080905e-13 -1.2816685632006594e-5
9300 25.55609539681563 0.0027764120441215075 0.006602188722081116 0.015901226476721764 4.651279361667093e-13 -1.2480991142968523e-5
9310 25.583849175007682 0.0027752063057095897 0.00662523745769265 0.017143413224578685 4.654610030740969e-13 -1.283396420652741e-5
9320 25.611615088018702 0.0027781130274552807 0.006658517326387091 0.017410110150103852 4.660716257376407e-13 -1.328643587772578e-5
9330 25.63941193885473 0.002780429141976491 0.006656532890302256 0.01746646364054405 4.664602037962595e-13 -1.3086875943143367e-5
9340 25.667208265182857 0.0027784023227675433 0.006632019780737661 0.01514349373784385 4.672373599134971e-13 -1.2561202362263574e-5
9350 25.694974336836847 0.0027754838184400436 0.006635002384940255 0.016852052376334692 4.677924714258097e-13 -1.2571588344919941e-5
9360 25.722731365059495 0.0027765742071271396 0.0066700890006812985 0.01687390451830373 4.681810494844285e-13 -1.3090289868774056e-5
9370 25.750516309920133 0.0027799662429924335 0.006688979258396638 0.01739320000049882 4.684586052405848e-13 -1.3252103049432975e-5
9380 25.778320947311617 0.002780139881658371 0.006670385350292848 0.016208240552406605 4.691247390553599e-13 -1.2782564566283345e-5
9390 25.80610530231012 0.0027768927562900037 0.006655019509543633 0.015993580758713488 4.692912725090537e-13 -1.245298323517156e-5
9400 25.833863911706505 0.0027756912495573694 0.006678372846421897 0.017354714157567175 4.700684286262913e-13 -1.2802355633581969e-5
9410 25.861634678368592 0.0027785976128451026 0.006711561426964253 0.017515364416689994 4.705125178361413e-13 -1.3252309389635918e-5
9420 25.889436341462464 0.0027809071496388412 0.0067090955030110365 0.017564938478080883 4.708455847435289e-13 -1.3064460605297295e-5
9430 25.917237420705195 0.0027788767554826313 0.006683551704249655 0.015119989361048969 4.716227408607665e-13 -1.2558533672947067e-5
9440 25.945008266293446 0.00277596496912541 0.0066849539236314166 0.017111334559062108 4.722333635243103e-13 -1.2579741438423899e-5
9450 25.97277015778365 0.002777063855431194 0.006718351747139175 0.016506241184573223 4.725109192804666e-13 -1.3097708727941721e-5
9460 26.00055999430014 0.0027804528806860216 0.006736054911082595 0.017492404591161526 4.729550084903167e-13 -1.3260042621240338e-5
9470 26.028369436607324 0.002780615385024468 0.006717100400526572 0.016304350892990538 4.735656311538605e-13 -1.279684678360896e-5
9480 26.056158523662944 0.0027773664241853594 0.0067020234162567536 0.015819555622542336 4.739542092124793e-13 -1.2466273425869052e-5
9490 26.08392192101879 0.0027761749222966017 0.006725999377458499 0.017633116309101915 4.745648318760232e-13 -1.2797298599060455e-5
9500 26.1116975595767 0.0027790853922546772 0.006760091324207946 0.017632461669439548 4.75175454539567e-13 -1.322203535724361e-5
9510 26.139504050125133 0.0027813842868488056 0.006758945660062487 0.017657745800962854 4.756195437494171e-13 -1.3018828211165498e-5
9520 26.167309842137886 0.0027793454276566387 0.006735086291301622 0.015666497077121866 4.761746552617296e-13 -1.2507189811031422e-5
9530 26.19508541148524 0.002776442721227949 0.006738097915064724 0.017199323254235566 4.765077221691172e-13 -1.2519941853456256e-5
9540 26.222852156054223 0.002777553771259351 0.006772578512828072 0.017160813927365126 4.771738559838923e-13 -1.3026390100243633e-5
9550 26.250646874003834 0.0027809362610516815 0.006790722557167055 0.01758267921818968 4.776179451937423e-13 -1.3189133935584993e-5
9560 26.278461052356082 0.0027810815733866627 0.006771570081421206 0.01638249107720846 4.781730567060549e-13 -1.274508746346853e-5
9570 26.306254782273246 0.0027778331743103075 0.0067556031813019715 0.01633129910734321 4.787281682183675e-13 -1.2438546934885001e-5
9580 26.33402295034384 0.0027766613232203664 0.006778015231476872 0.017391378125212298 4.791722574282176e-13 -1.2783362432922801e-5
9590 26.36180352130981 0.0027795802957246286 0.0068104021890803765 0.01774201218207183 4.796163466380676e-13 -1.3215454875009636e-5
9600 26.38961487993624 0.002781861793003306 0.006808041806843744 0.017755066758753546 4.802269693016115e-13 -1.302500158644436e-5
9610 26.417425341266163 0.002779806946764805 0.00678368440703862 0.015380852442383519 4.807265696626928e-13 -1.2528119779867813e-5
9620 26.445205568993753 0.002776916079534352 0.006786633581170024 0.017253014055908178 4.811706588725428e-13 -1.254197149982983e-5
9630 26.472977167385263 0.002778047139387987 0.006821130197652035 0.017116833641555695 4.817257703848554e-13 -1.3032955036896415e-5
9640 26.500776812480776 0.002781423480731128 0.006839305895289084 0.017684774041072604 4.82280881897168e-13 -1.3179606157830923e-5
9650 26.528595728696367 0.0027815446710901946 0.006820494335287602 0.01646356836221513 4.828915045607118e-13 -1.2730617166813174e-5
9660 26.556394049587524 0.002778294392044697 0.006805036527015513 0.016373926239683034 4.833355937705619e-13 -1.2422163840300482e-5
9670 26.584166957912775 0.002777147215998625 0.006827874615744353 0.01760239322267032 4.838351941316432e-13 -1.2756654396438999e-5
9680 26.611952475302804 0.0027800769294275014 0.006860433462762737 0.017856118103745877 4.841682610390308e-13 -1.3176319038804216e-5
9690 26.639768691310476 0.0027823352068278733 0.006858264745940901 0.017844510049021656 4.846678614001121e-13 -1.2986079298366038e-5
9700 26.667583750973648 0.0027802601090975315 0.006834322093948593 0.01554055554348649 4.85500528668581e-13 -1.2500557154089716e-5
9710 26.69536857354869 0.0027773858711306176 0.006837622251683386 0.017322978900905284 4.855560398198122e-13 -1.251964018805134e-5
9720 26.723145028803852 0.0027785432514988813 0.006872121400922381 0.017263671103049494 4.863887070882811e-13 -1.3002605845891272e-5
9730 26.750949625030593 0.0027819113589783876 0.006890289879438314 0.017785594160804385 4.866107516932061e-13 -1.3140700208691728e-5
9740 26.778773247249646 0.002782001609468536 0.0068718615150543385 0.01653423376824603 4.872213743567499e-13 -1.269370799368425e-5
9750 26.806576087800206 0.0027787491851120993 0.006857189745374989 0.016496422596544158 4.877764858690625e-13 -1.2389720115146969e-5
9760 26.834353706987194 0.0027776332780466238 0.0068805402485658425 0.01781126249033227 4.882205750789126e-13 -1.2719059652521744e-5
9770 26.862144193361786 0.002780576153049171 0.006912918032113376 0.017964140843296894 4.887201754399939e-13 -1.3130449868400213e-5
9780 26.88996526416095 0.002782805289960716 0.006910059495904812 0.017931749969623323 4.891087534986127e-13 -1.2946027335278565e-5
9790 26.917784858475127 0.0027807056605716053 0.00688517693442665 0.015527148962796944 4.89608353859694e-13 -1.2481814086177343e-5
9800 26.94557422371389 0.002777853779215308 0.006887257176046654 0.017590231618843655 4.899969319183128e-13 -1.252053159240815e-5
9810 26.973355566940214 0.002779045849326843 0.006920239301176172 0.01689190374999927 4.907185768843192e-13 -1.3011514483896706e-5
9820 27.00116518187899 0.0027824043434828407 0.006937064036319608 0.017895890821299387 4.913847106990943e-13 -1.3155494924132283e-5
9830 27.028993512599037 0.0027824546363242933 0.006918149029624018 0.0166052125132371 4.917177776064818e-13 -1.2720840571646025e-5
9840 27.056800807963864 0.002779197048178669 0.006903912785833148 0.016316543897218372 4.921618668163319e-13 -1.2424465138058768e-5
9850 27.084583099034614 0.0027781186268331375 0.006928018693653321 0.01809480105399197 4.926614671774132e-13 -1.2740700340609134e-5
9860 27.112378576982607 0.0027810788645036 0.006961090443509677 0.018088233572542967 4.931055563872633e-13 -1.312277904890985e-5
9870 27.14020451850979 0.0027832744639434883 0.006959196295783949 0.018017318551454664 4.936051567483446e-13 -1.2912546744379615e-5
9880 27.16802860747034 0.0027811455293410706 0.006935914965597889 0.01605424958957541 4.942157794118884e-13 -1.243339702979974e-5
9890 27.195822466300246 0.002778318367379257 0.00693977705902202 0.01769237776919219 4.947153797729698e-13 -1.245719393609418e-5
9900 27.223608686442827 0.002779548426081015 0.006973860449012239 0.017505554720013805 4.952149801340511e-13 -1.292882632185924e-5
9910 27.251423305687418 0.002782893655723692 0.006990890648119634 0.017992478551731028 4.957145804951324e-13 -1.3064096286760705e-5
9920 27.279256275236126 0.0027828986454794323 0.006971669203140561 0.016653124146976395 4.961586697049825e-13 -1.2644817739544071e-5
9930 27.307067944558153 0.0027796391131357967 0.0069567997705778295 0.016840593143493066 4.96713781217295e-13 -1.2377686454287558e-5
9940 27.33485490085118 0.002778607516664525 0.006979654960822198 0.01786086524600372 4.970468481246826e-13 -1.2716700287760362e-5
9950 27.362655432457807 0.0027815882546180976 0.007011021928109179 0.01819946767792502 4.974909373345326e-13 -1.3112393321860344e-5
9960 27.390486277272707 0.00278374305439818 0.007007753901539996 0.018104157259284992 4.980460488468452e-13 -1.2919182129334308e-5
9970 27.418314811833337 0.0027815781517411477 0.006984037490268231 0.01576090892209253 4.985456492079265e-13 -1.246123482786382e-5
9980 27.44611310374704 0.0027787794023521324 0.006988084474050547 0.017750254374415353 4.990452495690079e-13 -1.2493106516077782e-5
9990 27.47390420972825 0.0027800550274343994 0.007022210872403801 0.017452018128354174 4.994893387788579e-13 -1.2950594921999972e-5
10000 27.501723879565787 0.0027833864905209994 0.007039010067362369 0.018105062647040926 5.000444502911705e-13 -1.3064444124302461e-5
10010 27.529561484940338 0.0027833391477834766 0.0070199550131271075 0.016707834321561033 5.005995618034831e-13 -1.2634611622694414e-5
10020 27.557377476209147 0.002780075971413403 0.007005745401303164 0.016899099283897878 5.010991621645644e-13 -1.2364215430788611e-5
10030 27.585169072601623 0.002779096607634019 0.007029200297976698 0.01806857609164525 5.013212067694894e-13 -1.2692811662443765e-5
10040 27.612974673758664 0.002782099206225955 0.007060612199424934 0.018315689100344534 5.019873405842645e-13 -1.3073361883705892e-5
10050 27.640810407299142 0.0027842071187643967 0.007057287738711667 0.018182393206537195 5.028200078527334e-13 -1.2877598372951563e-5
10060 27.66864331581495 0.0027820027455923114 0.007034007237343466 0.01591980890809891 5.029310301551959e-13 -1.2433015082529038e-5
10070 27.69644598432936 0.0027792377315923908 0.00703863754047912 0.017824514551448623 5.036526751212023e-13 -1.2475210292651855e-5
10080 27.724241985524188 0.002780564634566206 0.007072816263271044 0.017581751388308864 5.040967643310523e-13 -1.2926308787653776e-5
10090 27.752066727327755 0.0027838793977988108 0.007089373518618984 0.018214535885079153 5.044853423896711e-13 -1.302782064958527e-5
10100 27.779908931803202 0.00278377323134476 0.007070561762589748 0.016750054412772164 5.051514762044462e-13 -1.2595631764959612e-5
10110 27.807729176631934 0.002780507083390097 0.007057299422521898 0.017049205089505803 5.054845431118338e-13 -1.2328078836965305e-5
10120 27.835525391167458 0.0027795864683761388 0.00708143646436525 0.018268616764845036 5.059286323216838e-13 -1.2649592711951053e-5
10130 27.86333608459014 0.0027826122384405558 0.0071125389455138485 0.018423929456877097 5.065947661364589e-13 -1.3016735342671718e-5
10140 27.891176696738142 0.0027846671125347656 0.00710830792339813 0.01825608168576076 5.071498776487715e-13 -1.282220000195333e-5
10150 27.919013914257494 0.0027824202340434 0.007084168166396114 0.01599192915756731 5.078160114635466e-13 -1.240066747638165e-5
10160 27.94682091844259 0.0027796955757640332 0.007087897278567588 0.01809903387214884 5.082045895221654e-13 -1.2469843768154693e-5
10170 27.974621856555594 0.002781081256763637 0.007120690929153808 0.017380974789445003 5.086486787320155e-13 -1.2936145586199088e-5
10180 28.002451733430252 0.0027843762919668104 0.007135760418288242 0.018333513071734142 5.091482790930968e-13 -1.3048412695545668e-5
10190 28.030298526945028 0.002784202365912217 0.007116389012754526 0.01679240850703867 5.095923683029469e-13 -1.2634253666012952e-5
10200 28.058122958726955 0.002780931767474596 0.007103745575209296 0.016860066084113057 5.100919686640282e-13 -1.2381653477517374e-5
10210 28.085923761794515 0.0027800766766942946 0.007128775786797163 0.018556895163732934 5.105360578738782e-13 -1.2693933142713223e-5
10220 28.11373957625441 0.0027831288442007975 0.007160384715126293 0.01855088706020469 5.113132139911158e-13 -1.3027957476356486e-5
10230 28.141585078784495 0.002785125544207759 0.007156825297216055 0.018331040726392467 5.117573032009659e-13 -1.2799089076778845e-5
10240 28.169426561307585 0.0027828320149772307 0.0071342566675725114 0.016419356655889283 5.120903701083535e-13 -1.2355138211228537e-5
10250 28.197237856179353 0.0027801506669473926 0.007139924229224677 0.018205678107861334 5.125899704694348e-13 -1.2403620046382303e-5
10260 28.225043723060725 0.0027815977949246715 0.007173780559023938 0.017761189680773004 5.132005931329786e-13 -1.2843505139853597e-5
10270 28.25287871560491 0.0027848687688170485 0.007188784323385057 0.01843400837246023 5.135891711915974e-13 -1.2939594424729172e-5
10280 28.280730025165667 0.002784622630021691 0.007168991944443536 0.01680680030922671 5.140887715526787e-13 -1.2538325286776553e-5
10290 28.308558572662797 0.0027813521879263992 0.007155940966671255 0.017393422415920345 5.147549053674538e-13 -1.2319536907333915e-5
10300 28.33636397258428 0.002780571591879327 0.007179971432908492 0.018324953228672336 5.152545057285352e-13 -1.2661637023393853e-5
10310 28.364184972032664 0.0027836514157120705 0.007209842852554014 0.018659558972714985 5.157541060896165e-13 -1.3014190678685075e-5
10320 28.392035383831956 0.0027855818561387745 0.00720478494514835 0.01840342136865669 5.162537064506978e-13 -1.28062465907363e-5
10330 28.419881074343635 0.002783236513599683 0.007181893597130161 0.016194330899596765 5.166977956605479e-13 -1.2389173293818334e-5
10340 28.447696609084264 0.0027806036514776786 0.007187996813207067 0.0182653232806802 5.171418848703979e-13 -1.2451066518750706e-5
10350 28.475507425584386 0.0027821190374894378 0.007221899795165937 0.01779138091009913 5.176969963827105e-13 -1.28771650434404e-5
10360 28.503347577568153 0.0027853637822638066 0.007236431500973708 0.018553179216753035 5.181410855925606e-13 -1.2947400842183796e-5
10370 28.531203389905972 0.002785038612903928 0.00721668773570251 0.01683055791053084 5.185296636511794e-13 -1.2531587610413106e-5
10380 28.55903600175029 0.0027817683964475775 0.007204469189861094 0.017462691585538592 5.189737528610294e-13 -1.230873031316665e-5
10390 28.58684598361613 0.002781067473335518 0.007229229676654956 0.018523188233847243 5.195843755245733e-13 -1.264001162108036e-5
10400 28.61467218646624 0.0027841751586651963 0.007258984682853358 0.01877258259152592 5.198619312807296e-13 -1.297508623124971e-5
10410 28.642527484368266 0.00278603271411629 0.007253643984200812 0.018465921817912123 5.206945985491984e-13 -1.2762982811087217e-5
10420 28.670377308617688 0.0027836334192459186 0.007231244237009686 0.016368188356577162 5.21027665456586e-13 -1.2361559399678285e-5
10430 28.698197038505572 0.0027810554019330044 0.007238146790475487 0.018338391531205644 5.21471754666436e-13 -1.2437636906051028e-5
10440 28.726012823592075 0.0027826436174593306 0.0072721180131865345 0.01795446066961648 5.219158438762861e-13 -1.2857841738736237e-5
10450 28.753858151550176 0.0027858578128867567 0.007286184903738107 0.01866684986111178 5.226374888422924e-13 -1.2912392252958536e-5
10460 28.781718420350785 0.0027854476592428677 0.007266605397102623 0.016839411556027806 5.230815780521425e-13 -1.2491023772934304e-5
10470 28.80955503207933 0.002782179960338139 0.007255514888984495 0.017634305689628205 5.236922007156863e-13 -1.226962268603184e-5
10480 28.837369586623044 0.002781565100200151 0.007281074357168684 0.018705207232041388 5.239697564718426e-13 -1.2591490615194855e-5
10490 28.86520101610091 0.0027847002421887575 0.0073103359327581505 0.01887514910299215 5.247469125890802e-13 -1.290856884706432e-5
10500 28.893061178112497 0.0027864783555578503 0.007303875602438132 0.018520972744698105 5.24913446042774e-13 -1.2694618292104616e-5
10510 28.9209150685819 0.002784023862784069 0.007280713393564421 0.016584699124868485 5.254685575550866e-13 -1.2318564527626556e-5
10520 28.94873896793503 0.002781508568109693 0.007286997532808172 0.018615971069688042 5.258016244624741e-13 -1.2427657746558948e-5
10530 28.976559776131225 0.0027831755227517418 0.007319654631405561 0.018030460889320143 5.265787805797117e-13 -1.2868488538980872e-5
10540 29.00441033395933 0.0027863540432494734 0.007332094173667832 0.018788988355541658 5.271338920920243e-13 -1.2937948455956948e-5
10550 29.03227503223523 0.0027858508359674874 0.007311952099268481 0.016847388389759133 5.275224701506431e-13 -1.2539961214961782e-5
10560 29.060115577176155 0.0027825861070700517 0.0073017092165043014 0.0174298529842416 5.280775816629557e-13 -1.2339499935286179e-5
10570 29.087934690522175 0.0027820646324250805 0.007328284113559778 0.01899408299059535 5.284661597215745e-13 -1.2654281054641841e-5
10580 29.11577138168728 0.002785228644594405 0.007357863762491718 0.018997396956267898 5.289102489314246e-13 -1.2934338602267857e-5
10590 29.143636410707163 0.002786921274042894 0.007351849669472619 0.018579100418452565 5.295208715949684e-13 -1.2679399475145314e-5
10600 29.17149431768517 0.002784408683308111 0.007330298374641101 0.01674554683219598 5.30075983107281e-13 -1.2275403254695339e-5
10610 29.19932234895447 0.0027819600287825627 0.007338660376770016 0.018714532814588902 5.304645611658998e-13 -1.2358881893677557e-5
10620 29.227148179281148 0.0027837074139806443 0.007372263582519221 0.018198895299745166 5.310196726782124e-13 -1.2767038930465197e-5
10630 29.25500394102436 0.0027868450407623107 0.007384331465641632 0.018887901045443578 5.315192730392937e-13 -1.2814678419477811e-5
10640 29.282872989311098 0.0027862452702025952 0.007363674902652649 0.01682278504554785 5.319633622491438e-13 -1.2428755201950113e-5
10650 29.31071740816424 0.002782989905373212 0.00735323702764614 0.01796617472860007 5.325739849126876e-13 -1.2266309004668567e-5
10660 29.338541107216837 0.002782570206247395 0.007378989439388573 0.018754907935481957 5.329625629713064e-13 -1.2615968343898665e-5
10670 29.366383123469156 0.002785761719787654 0.007406750393578622 0.01909582142506039 5.333511410299252e-13 -1.291793834287333e-5
10680 29.394253019078697 0.0027873600511586992 0.007399152531560178 0.01863026672858259 5.339062525422378e-13 -1.26873885160049e-5
10690 29.422114876111326 0.00278478653202457 0.007377462030530081 0.016822701883683733 5.344058529033191e-13 -1.2315162595210455e-5
10700 29.449947002148285 0.002782411334404091 0.007386507141240923 0.018769997691823415 5.350719867180942e-13 -1.2415588678175646e-5
10710 29.477777890613762 0.0027842447445863526 0.007420112462125907 0.018375005391026766 5.355160759279443e-13 -1.2809084125626514e-5
10720 29.50563889321164 0.0027873373897978455 0.007431483127888689 0.0190065973019774 5.359601651377943e-13 -1.2827226411544655e-5
10730 29.533512263209275 0.002786634434985119 0.007410832469167577 0.0168088087857185 5.363487431964131e-13 -1.2424518460127723e-5
10740 29.561360507298893 0.0027833904004271656 0.007401429100036831 0.018037698381219935 5.367928324062632e-13 -1.2257875763851955e-5
10750 29.58918879129375 0.002783077956215506 0.007427981011565368 0.018934270863808722 5.372924327673445e-13 -1.2595980932561535e-5
10760 29.61703615340399 0.0027862952082944987 0.0074554158430258834 0.019196832678505582 5.377365219771946e-13 -1.2878473688568426e-5
10770 29.644910880115408 0.0027877921329199375 0.007447349892860129 0.01866972563268665 5.382916334895071e-13 -1.264341364762625e-5
10780 29.67277661123376 0.002785157570841638 0.007426260724673075 0.017000316844203223 5.387357226993572e-13 -1.2289517416351481e-5
10790 29.700612804025983 0.002782863236088978 0.007436299367302848 0.018833000977047654 5.391798119092073e-13 -1.2406693680351404e-5
10800 29.72844878127333 0.002784785989784763 0.007469930275875099 0.018556441758668107 5.396794122702886e-13 -1.2793485206768736e-5
10810 29.75631503193639 0.002787827397545431 0.007480624638202981 0.019116844423573975 5.402900349338324e-13 -1.2792966885008766e-5
10820 29.784192665394208 0.0027870161895838007 0.007460137675426639 0.016777240689428652 5.407341241436825e-13 -1.2382747713909591e-5
10830 29.8120446783663 0.002783787888439937 0.0074520662305452455 0.01822093396163149 5.412892356559951e-13 -1.2216470500770898e-5
10840 29.839877554235386 0.002783588577785118 0.007479459744836039 0.01908615717370732 5.417888360170764e-13 -1.2542408185092124e-5
10850 29.86773028438619 0.0027868288954851893 0.007506150332523998 0.019284281308551088 5.422329252269265e-13 -1.280290457658477e-5
10860 29.89560980362225 0.002788217467514636 0.007496774379533645 0.018698325094110124 5.427325255880078e-13 -1.2564630054952577e-5
10870 29.923479339241304 0.002785523158825685 0.0074750629628402 0.017198880779255354 5.432321259490891e-13 -1.2239176919253654e-5
10880 29.951319594139722 0.0027833190338207277 0.007484721893522111 0.01910567464635171 5.439537709150954e-13 -1.2394091109092513e-5
10890 29.979160727071218 0.0027853345733531796 0.007517032381964393 0.0187278996452942 5.44508882427408e-13 -1.2805062702199646e-5
10900 30.007032264341408 0.0027883171310033833 0.007525967233652739 0.019233452375412574 5.446199047298705e-13 -1.2822838189610966e-5
10910 30.034914112482003 0.0027873904978446625 0.007505004131213029 0.016812118837187362 5.455635943008019e-13 -1.2440972893825117e-5
10920 30.062769831626646 0.00278418159787844 0.00749805437261374 0.017992157396805264 5.458411500569582e-13 -1.2300111687298769e-5
10930 30.090607306573904 0.0027841028726169237 0.007526545177576112 0.019367540868800548 5.461742169643458e-13 -1.2619151235621417e-5
10940 30.118465444144412 0.0027873651587008116 0.007553349894859107 0.019390622976716454 5.470068842328146e-13 -1.2838506091228239e-5
10950 30.14634974369213 0.0027886384438097927 0.007544276912710216 0.01873064178916034 5.473954622914334e-13 -1.2554505109102203e-5
10960 30.174223028176634 0.0027858835099402886 0.0075242964490847535 0.0172422562482053 5.480060849549773e-13 -1.2197615192362142e-5
10970 30.202067320436296 0.002783774997663455 0.0075361373923865 0.019180565936263716 5.485056853160586e-13 -1.2322861518447817e-5
10980 30.2299136162532 0.00278588306827508 0.007569181311278816 0.018902575797543286 5.489497745259087e-13 -1.2695776181595735e-5
10990 30.25779040427215 0.0027888000573958478 0.0075774135319744895 0.019322134842284955 5.4944937488699e-13 -1.2688111146927448e-5
11000 30.28567638112958 0.0027877563392264995 0.00755589131759739 0.01682521279096383 5.499489752480713e-13 -1.2319335840625927e-5
11010 30.313535763811494 0.0027845753867689984 0.007548952626823617 0.018521485598485654 5.503930644579214e-13 -1.2220354434306843e-5
11020 30.341377886193246 0.0027846245489407946 0.00757671067365448 0.019108396002458616 5.511147094239277e-13 -1.2577271386236127e-5
11030 30.369241489273346 0.0027879041234728317 0.007601563924106625 0.019467484497131093 5.515032874825465e-13 -1.2820375618755042e-5
11040 30.397130543990578 0.002789052952135826 0.007590880336640197 0.018751178521750622 5.521139101460903e-13 -1.2563822312901957e-5
11050 30.425007503912603 0.002786237728282964 0.00757102758311459 0.017453530342084633 5.525579993559404e-13 -1.2242738619747812e-5
11060 30.452855816836742 0.0027842332991384524 0.0075837749301926214 0.01922213419024832 5.530020885657905e-13 -1.2386501925299581e-5
11070 30.48070732707735 0.0027864372095541476 0.007616708313135095 0.01908159066422488 5.536682223805656e-13 -1.274257548629018e-5
11080 30.508589389506238 0.0027892817913382157 0.007624038967233364 0.019430110592812855 5.541678227416469e-13 -1.2702647164443415e-5
11090 30.536479448815573 0.0027881159996745986 0.00760256944445715 0.01692545133505574 5.54611911951497e-13 -1.2316671830488873e-5
11100 30.56434245374975 0.0027849676640372073 0.00759689550974075 0.018583133018947207 5.549449788588845e-13 -1.2213983732980993e-5
11110 30.592189241305793 0.002785149710291305 0.007625441699254181 0.019256164432909673 5.557221349761221e-13 -1.2558210674230852e-5
11120 30.620058329465152 0.0027884421383706794 0.0076497087250158545 0.019544000775042036 5.559441795810471e-13 -1.2780244478068428e-5
11130 30.64795208688389 0.002789459762613104 0.0076384345651800524 0.018757669547804445 5.563882687908972e-13 -1.2520183071261515e-5
11140 30.675832646421014 0.002786586907390744 0.0076193571841680924 0.017623323517755418 5.56998891454441e-13 -1.2220440283003918e-5
11150 30.7036849736632 0.00278469450737421 0.00763325724886343 0.01926263941113504 5.572209360593661e-13 -1.2382068985293624e-5
11160 30.731541740075475 0.0027869947653815117 0.007666097629555947 0.019263704223020928 5.577205364204474e-13 -1.2729293346704735e-5
11170 30.759429069224936 0.002789758846750268 0.007672562158172915 0.019526140531547165 5.582201367815287e-13 -1.2668224306934214e-5
11180 30.787323138564137 0.002788467899940518 0.0076513496748766814 0.01712942138946627 5.588862705963038e-13 -1.227408269783786e-5
11190 30.81518972165234 0.0027853591292855543 0.007647225103193628 0.01883212111321042 5.596079155623102e-13 -1.2170883232787642e-5
11200 30.843041200886944 0.0027856788594583463 0.007676557604199135 0.01936284377820885 5.598299601672352e-13 -1.249974320025194e-5
11210 30.87091579124255 0.0027889785881979262 0.007699765350692019 0.019603182413969633 5.602740493770852e-13 -1.2696536759793446e-5
11220 30.898814193164704 0.002789858410071853 0.007687039391521307 0.018749469614349035 5.607181385869353e-13 -1.2433773110766038e-5
11230 30.92669828497573 0.002786932335664807 0.007667535469344347 0.018024034857096027 5.613287612504791e-13 -1.2166254909794267e-5
11240 30.95455464743361 0.0027851620560612068 0.007681237662650035 0.019518506055813845 5.616063170066354e-13 -1.2368880701359638e-5
11250 30.98241674703005 0.002787558954896186 0.007712661478009928 0.01942974829779165 5.623279619726418e-13 -1.2741960336374242e-5
11260 31.010309357894933 0.002790232450861144 0.007717258962807225 0.019625382688528037 5.628275623337231e-13 -1.2701899520790295e-5
11270 31.038207367185993 0.0027888116141378955 0.007695761873532986 0.01733706153892145 5.632716515435732e-13 -1.2340655517956965e-5
11280 31.066077477409156 0.002785749256670298 0.007693071292041698 0.018701689132307853 5.638267630558857e-13 -1.2265615797418519e-5
11290 31.093933680301394 0.002786213520762366 0.007723519384533524 0.01962462714390356 5.642708522657358e-13 -1.2585698696605896e-5
11300 31.12181381157473 0.002789516587786048 0.007746615757108747 0.019678699278042555 5.645484080218921e-13 -1.2737150326244906e-5
11310 31.14971682480649 0.002790250797043582 0.007734145012817462 0.018744495144853213 5.652145418366672e-13 -1.2425986935943683e-5
11320 31.17760438951218 0.002787273514387577 0.007716572705088838 0.01795988686525085 5.65603119895286e-13 -1.2125493861962776e-5
11330 31.20546478013846 0.0027856313365069527 0.007732499834506654 0.019551113456900082 5.659916979539048e-13 -1.2295145879953208e-5
11340 31.233332228190555 0.002788122612151632 0.007764330987543551 0.01959729019856593 5.666023206174486e-13 -1.2625758293975566e-5
11350 31.26123007050383 0.0027906976012665266 0.007767894649770962 0.019692068410176067 5.6710192097853e-13 -1.2558873538900906e-5
11360 31.289131927332615 0.0027891475772943972 0.007745867627697012 0.017322356912003012 5.6754601018838e-13 -1.2213593017275544e-5
11370 31.317005545553943 0.0027861424405457988 0.007743390130946728 0.019141932757184343 5.682121440031551e-13 -1.2183740110511751e-5
11380 31.344866541911905 0.0027867567946653717 0.0077730898705528845 0.019329305578026368 5.686562332130052e-13 -1.2542550225175253e-5
11390 31.37275225941063 0.0027900544947235912 0.0077940556905258945 0.019718960879521408 5.691003224228552e-13 -1.2718201291520015e-5
11400 31.400659829406607 0.002790634484069429 0.007780033826267307 0.018722625098773538 5.696554339351678e-13 -1.2437250784296666e-5
11410 31.428550792927986 0.0027876102224708337 0.00776293944915637 0.01817466279362079 5.699885008425554e-13 -1.2175596246388753e-5
11420 31.45641522350982 0.0027861057876137087 0.007779942466123863 0.019602604658108813 5.704325900524054e-13 -1.2363216743723274e-5
11430 31.48428808319434 0.0027886914321028898 0.007811471651785119 0.01976467904812851 5.709321904134868e-13 -1.2673641939416926e-5
11440 31.512191159013373 0.0027911587030022655 0.007813965720756296 0.01977599398008678 5.713762796233368e-13 -1.2572868682515868e-5
11450 31.54009679885182 0.002789476918939279 0.007792145715796075 0.0173939434533934 5.720424134381119e-13 -1.2211794521347838e-5
11460 31.56797389837034 0.0027865370292324797 0.007791175118999899 0.019300770264572775 5.725420137991932e-13 -1.217910409864048e-5
11470 31.595839727632885 0.002787304670385193 0.007821543407269956 0.019429479080836032 5.729861030090433e-13 -1.2523609454698909e-5
11480 31.623731043078223 0.002790589391120353 0.007841617797580226 0.019754786890288867 5.734857033701246e-13 -1.267717977732584e-5
11490 31.651643095477542 0.002791008590237151 0.00782697422522074 0.01868394927882211 5.741518371848997e-13 -1.2395146457375855e-5
11500 31.67953738695707 0.002787943488555388 0.007810897437969393 0.018312232632770375 5.747624598484435e-13 -1.2157932375252145e-5
11510 31.707405878802604 0.0027865857380353558 0.007829152282577061 0.01980913723493427 5.749845044533686e-13 -1.2362866290327804e-5
11520 31.735284199382033 0.0027892626682466267 0.007860377007067279 0.019931672510559384 5.758171717218374e-13 -1.266110228413035e-5
11530 31.763192479877585 0.002791613185467333 0.007861870039674097 0.01984397763749174 5.7637228323415e-13 -1.2537486214963926e-5
11540 31.791101818524954 0.002789798906308238 0.007840516457025644 0.01757737005236326 5.765388166878438e-13 -1.2168886305931502e-5
11550 31.81898237432334 0.0027869336632493674 0.007841297086781683 0.01959182811475091 5.773159728050814e-13 -1.213480540684256e-5
11560 31.8468530835281 0.002787857361511727 0.007872270778888905 0.01947302994173239 5.778155731661627e-13 -1.2460309821526916e-5
11570 31.874750001835817 0.00279112021003442 0.007890916021652298 0.019768842874066106 5.780376177710878e-13 -1.2586439586175445e-5
11580 31.902666457022164 0.0027913731918360416 0.007874757337027565 0.018626465149269467 5.787037515858628e-13 -1.2304205931867686e-5
11590 31.93056401902938 0.002788275578987199 0.00785850990531074 0.018887912798105644 5.792588630981754e-13 -1.2103425125023364e-5
11600 31.958436621734023 0.002787074432510313 0.007876666916593805 0.01979037604795053 5.797584634592567e-13 -1.235088991618319e-5
11610 31.986320484501352 0.002789838835848258 0.007906289814711689 0.020075995156281667 5.802580638203381e-13 -1.2674891087597733e-5
11620 32.01423395279597 0.0027920607421388116 0.00790586043423489 0.01991106759526945 5.805911307277256e-13 -1.2574558160145961e-5
11630 32.04214690031887 0.002790113209848159 0.007884544171862176 0.01795933028126373 5.812017533912694e-13 -1.2242874958854074e-5
11640 32.07003088417421 0.0027873322998411467 0.00788707972367958 0.01944565217396288 5.81534820298657e-13 -1.2237696037161164e-5
11650 32.09790652989409 0.0027884166505933684 0.007919090505695886 0.019747205715189287 5.823119764158946e-13 -1.2550533251979498e-5
11660 32.12580907980948 0.002791649427836014 0.007937384700948569 0.019794966930939517 5.828115767769759e-13 -1.262743349122433e-5
11670 32.15372987949796 0.002791729858215208 0.007921552316846034 0.018570694429402512 5.833111771380572e-13 -1.2296381765887697e-5
11680 32.18163065576385 0.0027886053853502916 0.007907506558983443 0.018828303854564687 5.838107774991386e-13 -1.2062805079376318e-5
11690 32.20950738786119 0.002787566946552974 0.007927831068563517 0.020086891309012533 5.843103778602199e-13 -1.2274523618457063e-5
11700 32.23739681118267 0.002790413657429296 0.007957423981883366 0.020218714717541775 5.8475446707007e-13 -1.2552782048080792e-5
11710 32.265315396122446 0.0027924977296024966 0.007955659972157794 0.019941093978174118 5.854761120360763e-13 -1.2426679752575468e-5
11720 32.293231858721356 0.002790421352639465 0.007933945947223648 0.017735946652861767 5.856981566410013e-13 -1.2115447916293941e-5
11730 32.32111928163755 0.0027877375134831833 0.00793686702456715 0.019866766236063538 5.863642904557764e-13 -1.215777312506272e-5
11740 32.34899995329229 0.002788984093857134 0.007967986886768553 0.01941888817377113 5.868083796656265e-13 -1.2507989517220042e-5
11750 32.37690815724968 0.002792174914627552 0.00798394836323976 0.019821262103868253 5.872524688754766e-13 -1.2608488468247511e-5
11760 32.40483321468552 0.002792075984399461 0.007966749164973337 0.018492807646650844 5.878075803877891e-13 -1.2310266874045184e-5
11770 32.43273713900826 0.002788933360737189 0.007953594408512878 0.019018453515996292 5.882516695976392e-13 -1.2117323388315115e-5
11780 32.460618046447536 0.0027880679360878717 0.007975087309732861 0.020148807776902644 5.888067811099518e-13 -1.2344248887893872e-5
11790 32.488513097950374 0.0027909921235526737 0.008004101809239909 0.020355605722767622 5.891953591685706e-13 -1.2598175585581614e-5
11800 32.516436772174195 0.002792927432692303 0.008001162812614052 0.019984860377766644 5.898059818321144e-13 -1.243808664716517e-5
11810 32.54435667163052 0.0027907234773345137 0.007979930327246487 0.017873114162326398 5.90361093344427e-13 -1.2114151219712668e-5
11820 32.572247528561874 0.00278814669915653 0.007984569161607369 0.019994314499721777 5.90583137949352e-13 -1.215449254013401e-5
11830 32.600133286621336 0.002789556700060693 0.00801610956751775 0.019551359765733967 5.911937606128959e-13 -1.2488275502660351e-5
11840 32.62804713889711 0.0027926944670456423 0.008030852799522438 0.019980652548611366 5.915823386715147e-13 -1.2566553261865454e-5
11850 32.65597635884061 0.0027924116617060717 0.008013125039451877 0.01839508803777462 5.92081939032596e-13 -1.2271089215379338e-5
11860 32.683883377154544 0.0027892612228769026 0.008001302489256585 0.01913224855627238 5.929701174522961e-13 -1.2105348494673325e-5
11870 32.71176851088667 0.002788576786302891 0.008024044838222926 0.020316183444756608 5.930811397547586e-13 -1.2347154522847001e-5
11880 32.739669240320794 0.0027915710721631085 0.008052456389207856 0.020487300135712982 5.935807401158399e-13 -1.2584701056175297e-5
11890 32.767597944939766 0.0027933471536716143 0.008048463340307606 0.020008296007342885 5.94246873930615e-13 -1.240123818722639e-5
11900 32.79552119016111 0.002791019463646922 0.008028020047148273 0.018059064329182473 5.944134073843088e-13 -1.2071589009833332e-5
11910 32.82341548721763 0.0027885611431662173 0.008034561809509512 0.02024517742947962 5.950240300478526e-13 -1.2109333126430782e-5
11920 32.851306394317916 0.0027901338840002005 0.008066372596958677 0.0195347294460243 5.954126081064715e-13 -1.2420143703057955e-5
11930 32.87922587804 0.0027932065710777718 0.008079296105823325 0.020126006443419997 5.961342530724778e-13 -1.247021616275262e-5
11940 32.907159158713924 0.002792737480811739 0.008060116122914565 0.018358907320569107 5.964673199798654e-13 -1.2179025326049358e-5
11950 32.93506923270663 0.0027895920406921762 0.008048426532525712 0.01967627288176199 5.970779426434092e-13 -1.2053835559296714e-5
11960 32.96295867754617 0.0027890965340727695 0.008071055092564177 0.020050798260119684 5.976330541557218e-13 -1.2337680792331623e-5
11970 32.990865157040524 0.0027921518450429094 0.008097598441523085 0.020589209742449266 5.982436768192656e-13 -1.25994181611897e-5
11980 33.018798834453534 0.0027937561997353998 0.008091721480104062 0.02002593480771686 5.985767437266531e-13 -1.2441389604055513e-5
11990 33.046725324674846 0.0027913085392534467 0.008071769420063293 0.018449389607371858 5.99187366390197e-13 -1.215196386081204e-5
12000 33.07462306566885 0.0027889815415895088 0.008080354118418853 0.020064779311569136 5.997979890537408e-13 -1.2217071541381243e-5
12010 33.10251920299563 0.002790717877504317 0.008113004252464093 0.01996240510697478 6.001865671123596e-13 -1.2509591209209608e-5
12020 33.13044432552054 0.002793714130664032 0.008125359854593766 0.020279309983771254 6.006306563222097e-13 -1.2507473997520142e-5
12030 33.15838158167841 0.0027930546752078325 0.008106722350522556 0.018153011572859756 6.010192343808285e-13 -1.2169444703874548e-5
12040 33.18629466795884 0.0027899232775611574 0.008097538226068658 0.019596216112949483 6.015188347419098e-13 -1.2012929964357603e-5
12050 33.21418846932347 0.002789621975319224 0.008122130372214383 0.02047989340544276 6.019074128005286e-13 -1.2258544318326052e-5
12060 33.24210071318153 0.0027927286357902668 0.00814809794380796 0.020685013868421254 6.025735466153037e-13 -1.2472654179923257e-5
12070 33.27003926878595 0.0027941529583703703 0.008140668678638947 0.020002236957526398 6.029066135226913e-13 -1.2292481844908276e-5
12080 33.297968917832726 0.0027915943468028812 0.00812055706944244 0.018514044226727422 6.034617250350038e-13 -1.2029110157700008e-5
12090 33.32587015078013 0.0027894118717877578 0.008129640142548675 0.020444067373394548 6.038503030936226e-13 -1.214247046299119e-5
12100 33.353771618922124 0.0027913093941014004 0.00816112364870319 0.020007879692503172 6.044054146059352e-13 -1.2468903802421646e-5
12110 33.381702366914546 0.002794214421483232 0.008170971039788982 0.020413620529528442 6.048495038157853e-13 -1.2489236386933542e-5
12120 33.40964348374493 0.002793360703943245 0.008151306253565102 0.018048791162255107 6.053491041768666e-13 -1.2186608870992655e-5
12130 33.43755954022479 0.002790256911504142 0.008143459465250039 0.019741722116560778 6.058487045379479e-13 -1.207095817907372e-5
12140 33.46545777955962 0.002790157528819988 0.00816917172820011 0.020498604735797343 6.064593272014918e-13 -1.232683339633979e-5
12150 33.49337584718844 0.00279330572061182 0.008194210888397028 0.020768179894068206 6.070699498650356e-13 -1.25122801730446e-5
12160 33.5213192141355 0.002794539114623318 0.008185623142491579 0.0199875515057385 6.074030167724231e-13 -1.2299970254358097e-5
12170 33.54925193852373 0.0027918758977581917 0.008166380489094998 0.018719771972582122 6.081246617384295e-13 -1.2028329743087735e-5
12180 33.57715669447562 0.0027898504584607316 0.008177306330605413 0.020516961030560443 6.08457728645817e-13 -1.2140041387935507e-5
12190 33.605063567249324 0.002791905196006236 0.008208831320444126 0.02024730089835347 6.091793736118234e-13 -1.2447481158885804e-5
12200 33.63299990715599 0.0027947051586023003 0.008217158483820429 0.020532695602579476 6.096789739729047e-13 -1.2446696270859703e-5
12210 33.6609447701161 0.0027936565707444394 0.008197213605466398 0.01821318236516356 6.102340854852173e-13 -1.215192312165568e-5
12220 33.688863768889966 0.0027905942517345524 0.008191035837519293 0.019808808024041724 6.105671523926048e-13 -1.2065310004453003e-5
12230 33.716766531226085 0.0027907024757301505 0.008217857403296797 0.020603296166350593 6.111777750561487e-13 -1.233163543210361e-5
12240 33.744690458523216 0.0027938798278783336 0.008241933981833685 0.020840094516199392 6.1167737541723e-13 -1.2496235258537556e-5
12250 33.77263854485399 0.002794913046486064 0.008232355717697367 0.019947941415435655 6.120659534758488e-13 -1.2261608573210526e-5
12260 33.80057425840123 0.0027921545031572253 0.008214340260588402 0.01888586285002558 6.127320872906239e-13 -1.1986932293569212e-5
12270 33.82848257829809 0.002790297716777456 0.008227221597568253 0.020701783713948152 6.127875984418552e-13 -1.2094129589857986e-5
12280 33.856394929408665 0.002792504219657234 0.008258512015692441 0.02046859091550779 6.134537322566302e-13 -1.2374535387701568e-5
12290 33.88433681134537 0.002795184821781265 0.008264664513640125 0.02063188766268398 6.140643549201741e-13 -1.2346668634895166e-5
12300 33.912285301559066 0.002793943047664879 0.00824347360217271 0.018201612267911726 6.143974218275616e-13 -1.2062380946997094e-5
12310 33.94020723857529 0.002790938564250695 0.008237742858722611 0.02029916803434495 6.149525333398742e-13 -1.2019613404619175e-5
12320 33.968114637763435 0.0027912590824262897 0.008264283846628239 0.020281779735894512 6.15341111398493e-13 -1.232523176753318e-5
12330 33.996044473443334 0.0027944511202784767 0.008286179012099635 0.020874678452994067 6.158962229108056e-13 -1.2511450385328917e-5
12340 34.02399717626963 0.0027952737394230094 0.008274917369721805 0.01989709061355982 6.165623567255807e-13 -1.2304610190633433e-5
12350 34.05193578228856 0.0027924297631396946 0.008257968041762867 0.019103125471183646 6.170064459354307e-13 -1.2072428229719328e-5
12360 34.079847715980115 0.002790755091438372 0.008273084524316007 0.02087537170241094 6.176170685989746e-13 -1.2202949305928816e-5
12370 34.10776563761137 0.002793108515931232 0.008304885383701397 0.020703013323623343 6.180056466575934e-13 -1.2458265731325916e-5
12380 34.13571303317508 0.0027956552082662412 0.00831031937623475 0.02073416819823809 6.186162693211372e-13 -1.2376942779336609e-5
12390 34.1636650440375 0.0027942206878891103 0.008290039485654216 0.018609988664705868 6.19004847379756e-13 -1.2050172028108577e-5
12400 34.19158990240825 0.002791287199453127 0.008287096197007904 0.020295172220683888 6.195044477408373e-13 -1.197823234925173e-5
12410 34.21950201412079 0.0027918228122860603 0.008315207235530291 0.02060335774993849 6.200040481019187e-13 -1.2243234987767822e-5
12420 34.24743775499515 0.0027950159087722507 0.008335919852021046 0.020897353733128954 6.206701819166938e-13 -1.2381697709455317e-5
12430 34.275394952961435 0.0027956210406059807 0.008323032826704461 0.019801053165197313 6.211697822777751e-13 -1.215888884275435e-5
12440 34.30333638545088 0.002792705790951018 0.008306259451774612 0.019367808761498573 6.216138714876251e-13 -1.1958689482189505e-5
12450 34.331252021876736 0.0027912254601142376 0.008321868848256277 0.02077505043361394 6.22002449546244e-13 -1.213602612636002e-5
12460 34.359175613398705 0.0027937166556372167 0.00835209225049188 0.02089850129825166 6.226130722097878e-13 -1.2419979992440988e-5
12470 34.38712846147365 0.002796112734562783 0.008354936798131693 0.020810617460881142 6.230571614196379e-13 -1.2360034680584248e-5
12480 34.41508385905191 0.0027944881954753533 0.008334142762138884 0.01846558214203209 6.236122729319504e-13 -1.2071159860037317e-5
12490 34.443011636815605 0.002791643590613769 0.008332956060702633 0.020495192491422176 6.240563621418005e-13 -1.2038356592462829e-5
12500 34.47092857431448 0.0027923978638576875 0.008361965822484399 0.020551973736476326 6.245559625028818e-13 -1.2306729462167876e-5
12510 34.498870253892164 0.0027955761326341525 0.008381368780541718 0.020899620575590583 6.251110740151944e-13 -1.2412850381311215e-5
12520 34.52683183955137 0.0027959553980048276 0.008367509647783678 0.019708410255627584 6.254996520738132e-13 -1.2162024844145428e-5
12530 34.55477602639405 0.0027929812525682184 0.008352075494433089 0.01957551929283452 6.26110274737357e-13 -1.1958741861210764e-5
12540 34.58269543903629 0.002791706852923087 0.008369496983643514 0.020958501656657802 6.265543639472071e-13 -1.2133724776586946e-5
12550 34.61062477502605 0.0027943263493386715 0.008399240682799836 0.02108496433346696 6.270539643082884e-13 -1.2395970491133751e-5
12560 34.63858300320235 0.002796557664240074 0.008400367524597583 0.020866587838711204 6.274425423669072e-13 -1.2317658070233259e-5
12570 34.666541663552565 0.0027947477869624355 0.008379711837717189 0.018736706669740144 6.282196984841448e-13 -1.2042600642125749e-5
12580 34.694472374719524 0.002792009079492509 0.008380515166907016 0.02065269382216306 6.283307207866073e-13 -1.2039044590288206e-5
12590 34.72239425095128 0.002792982326426366 0.00841032298910398 0.02056961623358733 6.29107876903845e-13 -1.23115391532085e-5
12600 34.750341874914604 0.002796128715815887 0.00842838466020553 0.020883522686809042 6.298295218698513e-13 -1.2392873250448148e-5
12610 34.778307720604246 0.0027962758922895486 0.0084137664336521 0.01958633231187895 6.299405441723138e-13 -1.212269253640671e-5
12620 34.80625459666061 0.002793257754252285 0.008400061703825354 0.019926303042724136 6.307732114407827e-13 -1.191938502771227e-5
12630 34.834177868887124 0.0027921996622677493 0.008419317286632198 0.02109031096249192 6.312173006506328e-13 -1.2086875784528356e-5
12640 34.86211301843119 0.0027949360194968018 0.008448178388497768 0.021246391394381003 6.317169010117141e-13 -1.2318391016066998e-5
12650 34.890076533721306 0.0027969879110513658 0.008446878672963653 0.020896513399696504 6.322165013727954e-13 -1.2216433996847398e-5
12660 34.918038334039075 0.0027950012251656926 0.008425358947191198 0.018660865137481275 6.32771612885108e-13 -1.195927523881863e-5
12670 34.94597202140896 0.0027923864213116848 0.008426866441609863 0.02106009396309383 6.331601909437268e-13 -1.2001162213842943e-5
12680 34.973898971447866 0.0027935774622997334 0.008456047955755702 0.020259993533214504 6.336042801535768e-13 -1.2307926352078463e-5
12690 35.00185254467055 0.002796672352961809 0.008471623613895043 0.02082232986774324 6.341593916658894e-13 -1.2408006997352244e-5
12700 35.02982250530396 0.002796581070829917 0.008455729824039707 0.019447397391240406 6.34714503178202e-13 -1.2168389854604048e-5
12710 35.057771999034244 0.0027935356009776155 0.008443745366967096 0.019735639263816163 6.351030812368208e-13 -1.2008334131461268e-5
12720 35.085699231123385 0.0027927063393955675 0.008465262928177984 0.021499719059313138 6.357137039003646e-13 -1.2192550675630991e-5
12730 35.1136402817524 0.002795548162514846 0.008494192621063221 0.021411449912789537 6.360467708077522e-13 -1.2391885057733186e-5
12740 35.141609008091855 0.0027974046443975374 0.008492160046725004 0.020923669973889725 6.366018823200648e-13 -1.2237689970752273e-5
12750 35.169573832661285 0.002795247948114335 0.008472080538880773 0.01903333340843333 6.369904603786836e-13 -1.1944467604550754e-5
12760 35.197510521726336 0.0027927726794376643 0.008476544862647845 0.021111105365813843 6.375455718909961e-13 -1.1959269980517108e-5
12770 35.22544264228792 0.0027941787278696934 0.008506681198725087 0.020573045355759878 6.380451722520775e-13 -1.2223110712365336e-5
12780 35.25340212840027 0.002797204358140088 0.0085204642177433 0.020874564119595207 6.384892614619275e-13 -1.2277515267360237e-5
12790 35.28137606017973 0.002796873194827306 0.008503074991426135 0.019260134833954834 6.390443729742401e-13 -1.2030365060991099e-5
12800 35.30932814367227 0.002793820047157379 0.008491654084143006 0.02037205502523065 6.396549956377839e-13 -1.1907486786009308e-5
12810 35.33725946705241 0.0027932283806725608 0.008513493276485888 0.021269915449476318 6.401545959988653e-13 -1.2134399075536956e-5
12820 35.36520649492215 0.002796158763844085 0.00854034127873919 0.021530580630344076 6.406541963599466e-13 -1.2355898004504443e-5
12830 35.39318031496757 0.00279780405965178 0.008535800663409534 0.020918144928092575 6.411537967210279e-13 -1.2222735824322581e-5
12840 35.421148030118395 0.0027954880771769034 0.008515893586827953 0.01921678994863285 6.417089082333405e-13 -1.1969570238093419e-5
12850 35.44908777362629 0.0027931718545257966 0.008522427015231916 0.02124580144682453 6.423195308968843e-13 -1.2019431303774211e-5
12860 35.47702519875127 0.0027947894402669277 0.0085530283960099 0.02059072737234302 6.427636201067344e-13 -1.2278354745179527e-5
12870 35.504990584660185 0.0027977258707502176 0.008565160094047656 0.02106015093849045 6.430411758628907e-13 -1.2298388975997459e-5
12880 35.532968344490556 0.002797152437175382 0.008547185707297988 0.019070224923008916 6.438183319801283e-13 -1.202968262697772e-5
12890 35.56092297791789 0.0027941098376270002 0.008537624684572215 0.02051184735349898 6.443734434924409e-13 -1.1908796279718956e-5
12900 35.588858509550086 0.0027937635644373305 0.008561018379231315 0.021406178062682968 6.448175327022909e-13 -1.2131202935746627e-5
12910 35.616811571403055 0.002796766243716688 0.008586767206576902 0.02163165776282916 6.453171330633722e-13 -1.232865036712022e-5
12920 35.64479036528457 0.0027981869510961123 0.008580489600018767 0.020886664946870415 6.459277557269161e-13 -1.2181838527518252e-5
12930 35.672760856463725 0.0027957242774132945 0.008561307742474735 0.01947190232783702 6.461498003318411e-13 -1.1948631731035012e-5
12940 35.700703723039055 0.002793584529239352 0.008570033342893793 0.021319767015642754 6.466494006929224e-13 -1.20256340189538e-5
12950 35.728646578918344 0.0027954078439927916 0.00860093396811283 0.020901965279760737 6.472600233564663e-13 -1.2280891032707833e-5
12960 35.75661782224022 0.0027982356610003053 0.00861141049300688 0.02121909626253149 6.477041125663163e-13 -1.2273690994920553e-5
12970 35.784599254650686 0.002797418727277916 0.008593145038675549 0.018933266335091292 6.483147352298602e-13 -1.1990554441125822e-5
12980 35.812556415116674 0.00279440651276908 0.008585784088943478 0.020790611868628406 6.48925357893404e-13 -1.187222985314819e-5
12990 35.84049628062113 0.002794311577307767 0.008610649318124847 0.021424282150871776 6.489808690446353e-13 -1.208291797226524e-5
13000 35.8684554182763 0.0027973682549012114 0.008634770293160447 0.02169981623366224 6.498135363131041e-13 -1.2246990076935055e-5
13010 35.896439044302376 0.002798552114623537 0.008625996196515617 0.020823025865267797 6.503686478254167e-13 -1.2082543011801467e-5
13020 35.924412205190805 0.0027959586229794964 0.008606487813859516 0.019648676257670528 6.508127370352668e-13 -1.187494354545461e-5
13030 35.9523582954759 0.002794014354453121 0.008616036168743972 0.021646200023648587 6.513678485475793e-13 -1.1996411701696433e-5
13040 35.98030672057837 0.002796033699513579 0.008645792551176638 0.021178420191400926 6.518119377574294e-13 -1.2278961986455594e-5
13050 36.00828376371355 0.002798730174786471 0.00865359351245953 0.021361884816430365 6.524780715722045e-13 -1.2288187892345418e-5
13060 36.03626869497592 0.0027976707238950753 0.008634703279481112 0.019355188544805557 6.529776719332858e-13 -1.2038807256053708e-5
13070 36.06422836075131 0.002794711157549527 0.008629709480098306 0.020522177736026936 6.534217611431359e-13 -1.1962382188777078e-5
13080 36.09217270559672 0.002794874680774593 0.008656629488292687 0.02174424439112832 6.541434061091422e-13 -1.2180884508191074e-5
13090 36.12013797675764 0.002797966003733393 0.008680315120996875 0.021760534097896467 6.543654507140673e-13 -1.2306586086050926e-5
13100 36.14812630638542 0.002798900951815588 0.00867100285385584 0.020750210227820698 6.548650510751486e-13 -1.2094230423308516e-5
13110 36.17610203461869 0.0027961915516987027 0.008653573515282221 0.019933975508224955 6.553646514362299e-13 -1.1858353905916997e-5
13120 36.20405142930165 0.0027944578254853105 0.008666043499746123 0.021572730523545025 6.559197629485425e-13 -1.1953989149295687e-5
13130 36.23200552411876 0.0027966625938072413 0.008695929006714495 0.02144398840700379 6.563638521583925e-13 -1.2191633887901796e-5
13140 36.259988282513035 0.0027992082957392864 0.008701430889775503 0.021459272583453703 6.569189636707051e-13 -1.2159922330738778e-5
13150 36.28797655837039 0.0027979124326133467 0.008681405456788183 0.019187633747497213 6.573630528805552e-13 -1.1913028216712935e-5
13160 36.31593875734981 0.0027950285308735567 0.008677336748453663 0.021079463838589163 6.578626532416365e-13 -1.1877003038754559e-5
13170 36.34388774725378 0.0027954522331227476 0.008704174586286464 0.0213966561888409 6.584732759051803e-13 -1.2131215302212117e-5
13180 36.37185917942077 0.0027985554579548462 0.008725254588591587 0.021767960311067647 6.588618539637991e-13 -1.2272359305735142e-5
13190 36.39985203947918 0.0027992304556471123 0.008713753268253683 0.02063829464245004 6.594169654761117e-13 -1.208193855475187e-5
13200 36.427830228107844 0.002796424430671971 0.008697330301287646 0.02008548519380371 6.598610546859618e-13 -1.18874117439223e-5
13210 36.45578304304196 0.002794918830581502 0.008711978320700359 0.021611352404988127 6.604161661982744e-13 -1.201142089268456e-5
13220 36.48374294043178 0.002797296511155268 0.008741694794599244 0.021686926589668643 6.608047442568932e-13 -1.223539416729362e-5
13230 36.51173133641554 0.0027996698265809303 0.008745349206647933 0.021552231120971266 6.61193322315512e-13 -1.2169941200315844e-5
13240 36.53972279428978 0.002798142959949449 0.008725341264227802 0.01931887233864149 6.617484338278246e-13 -1.1909935313336381e-5
13250 36.567687543622895 0.0027953573470816955 0.008723573779349559 0.02130579454999193 6.621925230376746e-13 -1.1879810491711301e-5
13260 36.59564132978837 0.002796043701238191 0.008751447054949764 0.02140543334896905 6.627476345499872e-13 -1.2125796854476484e-5
13270 36.62361893669515 0.00279913574430575 0.008770797380985131 0.021747353277060788 6.633027460622998e-13 -1.2241686466621035e-5
13280 36.65161616142308 0.002799541947811316 0.008757829372957932 0.02049518228391589 6.636913241209186e-13 -1.2044377798963238e-5
13290 36.6795967315605 0.0027966599003612087 0.008742809368860825 0.020319914929877503 6.643019467844624e-13 -1.1875130598084163e-5
13300 36.70755309867474 0.0027953973333942244 0.008759626610151899 0.02185952014267112 6.647460359943125e-13 -1.2021355694918912e-5
13310 36.7355189115652 0.0027979325043493613 0.008788979024973179 0.021909672481680076 6.652456363553938e-13 -1.2233285642153759e-5
13320 36.763512839154515 0.0028001134343210617 0.00879084547474265 0.021611613146613695 6.660783036238627e-13 -1.214062021633657e-5
13330 36.791507316114036 0.0027983639915673485 0.008771226155963026 0.019442709527951685 6.66577903984944e-13 -1.1872717169197425e-5
13340 36.819474654670834 0.0027957004797031083 0.008771997195416475 0.021613770526358045 6.667444374386378e-13 -1.1846413707545638e-5
13350 36.847433393424446 0.0027966469425635106 0.008800689075688354 0.021276152477426313 6.671330154972566e-13 -1.2075335331349353e-5
13360 36.875417163773946 0.0027997034510538845 0.008817670222933428 0.021685372452479035 6.679101716144942e-13 -1.215712709167238e-5
13370 36.90341857014145 0.0027998352221158575 0.008802407033736186 0.020314353199866686 6.683542608243442e-13 -1.1950670571809229e-5
13380 36.93140146011694 0.0027969007869703593 0.008787694013568433 0.02097792116701014 6.688538611854256e-13 -1.1813768609549775e-5
13390 36.959361536142026 0.0027958951431188107 0.008805217065398508 0.021770739895202396 6.695199950002007e-13 -1.200023766184076e-5
13400 36.98733337812324 0.0027985689715419194 0.008832772663429588 0.022085799673523088 6.699640842100507e-13 -1.223130704041362e-5
13410 37.01533270455288 0.0028005360499705613 0.008832001586450092 0.02164624218024591 6.705747068735946e-13 -1.2154161158193928e-5
13420 37.04333002380657 0.0027985760646031736 0.008812650599159337 0.020043124295074044 6.709632849322134e-13 -1.1923254885405297e-5
13430 37.07130000462075 0.0027960591121082502 0.008816319405718413 0.021551530383160378 6.714628852932947e-13 -1.1934789918007789e-5
13440 37.09926387022239 0.0027972634447128723 0.008846582302320896 0.021728859486641605 6.71740441049451e-13 -1.2160991570779023e-5
13450 37.1272538032431 0.0028002591912303647 0.008862654815366263 0.021603913967813804 6.72184530259301e-13 -1.2200532187865721e-5
13460 37.15525921365184 0.002800110920499677 0.008847321832514087 0.020117999317916968 6.727951529228449e-13 -1.1953832671383693e-5
13470 37.18324436245422 0.002797146517818035 0.008835348419323565 0.02100228390730896 6.732392421326949e-13 -1.1796706551586993e-5
13480 37.2112082886342 0.0027964100819026414 0.008855436661802954 0.022062456547067955 6.7390537594747e-13 -1.1957149646111957e-5
13490 37.239186238030946 0.002799203391122409 0.008882130805196327 0.02224045200768665 6.743494651573201e-13 -1.2142239691707488e-5
13500 37.267190821012335 0.002800938451393778 0.00887879248393565 0.021630500610398506 6.747380432159389e-13 -1.203183648226195e-5
13510 37.29519084342439 0.0027987835975678862 0.008858904283445823 0.019840072984112944 6.752376435770202e-13 -1.1813870899359848e-5
13520 37.32316356437795 0.002796436355996231 0.008863710470316732 0.021999307157404613 6.75848266240564e-13 -1.186582707272607e-5
13530 37.351132733102624 0.0027978907807978915 0.00889323664224642 0.021317910570043397 6.762923554504141e-13 -1.2118216822107342e-5
13540 37.379128780576494 0.002800797624531087 0.008906279093916407 0.021624349502785023 6.767919558114954e-13 -1.216743633367795e-5
13550 37.40713798251947 0.0028003675774356442 0.008889401560626536 0.01987714373626026 6.772915561725767e-13 -1.1945006372832134e-5
13560 37.43512534500649 0.0027974013438137346 0.00887927067204574 0.021220924251795004 6.778466676848893e-13 -1.1828865175554648e-5
13570 37.46309329891638 0.0027969452043475106 0.008901354289056786 0.02214867617688232 6.784017791972019e-13 -1.200845467070645e-5
13580 37.491077451750584 0.002799835165933717 0.008927136108831344 0.02236085165805235 6.78845868407052e-13 -1.2171973830210105e-5
13590 37.51908713789358 0.002801319135986815 0.008921989517530721 0.02160052681766189 6.792344464656708e-13 -1.2031895133333796e-5
13600 37.547089711651324 0.0027989856709649545 0.008902917845365586 0.02014864289299767 6.798450691292146e-13 -1.1810345642723763e-5
13610 37.57506526488422 0.0027968316718848148 0.00891024585951103 0.022101395669132606 6.804001806415272e-13 -1.1869862663816538e-5
13620 37.60303990153618 0.0027985274693874684 0.00894002592171852 0.021508913830931342 6.809552921538398e-13 -1.2109071812906047e-5
13630 37.63104200844921 0.0028013199090256183 0.008950815391344492 0.021814121062461278 6.813993813636898e-13 -1.2133883064809753e-5
13640 37.65905480634197 0.002800609121002375 0.008933059525694932 0.019828918789866923 6.818989817247711e-13 -1.1913018285738056e-5
13650 37.68704436872752 0.0027976673557755403 0.008925030389195808 0.021342057768717004 6.824540932370837e-13 -1.1825430399716765e-5
13660 37.715016535147285 0.002797499046817285 0.008948940325771393 0.022259455882194468 6.830647159006276e-13 -1.201940506411316e-5
13670 37.74300696056646 0.002800460853918972 0.008973602537277203 0.0224495478778427 6.836198274129401e-13 -1.2163227960393006e-5
13680 37.77102157528547 0.002801677418627999 0.008966824657585939 0.021530423905590013 6.838418720178652e-13 -1.199917018604644e-5
13690 37.799026563402805 0.0027991851080246353 0.008948996888204374 0.020449175027941968 6.846190281351028e-13 -1.17769908588967e-5
13700 37.82700506672967 0.002797246787639102 0.008958934054661109 0.02226585474980025 6.850076061937216e-13 -1.1839400816223868e-5
13710 37.854985328280776 0.0027991720079222613 0.008988573580011096 0.021837801056072914 6.854516954035716e-13 -1.205566338947175e-5
13720 37.88299340780167 0.0028018232819420094 0.008996407837100907 0.02196626742535307 6.860623180671155e-13 -1.2048477527153462e-5
13730 37.91100959590201 0.0028008354969173916 0.008976897301083935 0.019955775862567804 6.864508961257343e-13 -1.182879112817237e-5
13740 37.93900136913942 0.002797947360515433 0.008969770206983916 0.02188131525443382 6.872835633942032e-13 -1.1777812848062083e-5
13750 37.966977953655075 0.002798072024403979 0.008993955216394144 0.021956269113177163 6.875056079991282e-13 -1.200436395016408e-5
13760 37.994974700520096 0.0028010771400087753 0.009016143185623023 0.022481426614076705 6.880052083602095e-13 -1.2159233858139197e-5
13770 38.022994037326214 0.0028020112124596927 0.009007107207050358 0.02142736629972891 6.887268533262159e-13 -1.20118426574166e-5
13780 38.05100129971757 0.0027993836707760726 0.008990620748549285 0.020645405853219834 6.890044090823721e-13 -1.1829165674353917e-5
13790 38.07898289060601 0.002797684267089064 0.009003706559189265 0.022422982439264993 6.896705428971472e-13 -1.1922251579963114e-5
13800 38.1069689504588 0.0027998241974889946 0.009034185459391105 0.022151607410071716 6.902811655606911e-13 -1.2124877890072658e-5
13810 38.13498291754548 0.0028023066861321685 0.009040823420038584 0.022100497376533135 6.906142324680786e-13 -1.2075263291390318e-5
13820 38.16300229482875 0.0028010473841910436 0.009021992490012277 0.019939593945302536 6.911693439803912e-13 -1.1825920267759345e-5
13830 38.190996293829485 0.0027982409854213222 0.009018133943115693 0.02177295190119921 6.917244554927038e-13 -1.1761641528946188e-5
13840 38.21897748153099 0.0027986611628657244 0.009044137820416336 0.02214156384654664 6.920020112488601e-13 -1.1960314637303178e-5
13850 38.24698057342014 0.002801682852070161 0.00906443964273139 0.022480223444597103 6.925571227611726e-13 -1.2069924407118204e-5
13860 38.27500443382892 0.0028023242072814382 0.009052916544488459 0.021269944029923993 6.931122342734852e-13 -1.1899775442097797e-5
13870 38.30301388014295 0.002799586903699796 0.009036644217373511 0.020888913884404503 6.93500812332104e-13 -1.1739316298584306e-5
13880 38.33099873387866 0.0027981447909857736 0.009050810085701957 0.022366350877384256 6.941114349956479e-13 -1.1868715561367052e-5
13890 38.358990741938875 0.002800479100170358 0.00907968731744877 0.022413728700195867 6.945000130542667e-13 -1.20864589554983e-5
13900 38.38701045624116 0.002802765300151484 0.009083142237590026 0.02218818172461784 6.951661468690418e-13 -1.2042978812914704e-5
13910 38.41503280089784 0.0028012454963723694 0.009063739002111696 0.020061006917766355 6.956657472301231e-13 -1.1821327907297202e-5
13920 38.44302907065506 0.0027985525543048843 0.009062403521608088 0.022079004411097003 6.960543252887419e-13 -1.1795111593507213e-5
13930 38.47101508079567 0.0027992695537038237 0.009089839992979094 0.022065172123515553 6.966094368010545e-13 -1.2001753446949995e-5
13940 38.499024537840086 0.002802276169044455 0.009108494817549998 0.02243267137039484 6.970535260109045e-13 -1.208434655498511e-5
13950 38.527052702602575 0.002802613755649623 0.00909558421835371 0.0210889857459578 6.974421040695233e-13 -1.1892272041711532e-5
13960 38.55506423414179 0.002799794023558911 0.0090810153530998 0.021175609183553212 6.979417044306047e-13 -1.1737390313312432e-5
13970 38.58305252419887 0.0027986278118668625 0.009097544921706465 0.022556306925688996 6.983857936404547e-13 -1.187294024977345e-5
13980 38.61105061915623 0.0028011355815232243 0.009125691348705651 0.022642018309000367 6.98885394001536e-13 -1.2072212223582582e-5
13990 38.63907593977566 0.002803201262659668 0.00912666647390177 0.02223755720403131 6.993849943626174e-13 -1.2008036554933543e-5
14000 38.66710105879511 0.0028014342653288967 0.009107277660059934 0.020354935457142398 6.999401058749299e-13 -1.1797159537637464e-5
14010 38.6950996770332 0.0027988847033080144 0.009108582217754761 0.022282275501318893 7.008282842946301e-13 -1.1799486462915794e-5
14020 38.72309072500687 0.002799893693437648 0.009137146618493082 0.02212861658448495 7.008282842946301e-13 -1.2010343026366659e-5
14030 38.75110653382178 0.002802853326207502 0.009153994177675808 0.022341494277642537 7.016054404118677e-13 -1.206793166440344e-5
14040 38.779138773526284 0.0028028809229107745 0.00913997032768725 0.020862493671340743 7.02105040772949e-13 -1.1858519299589747e-5
14050 38.80715231979428 0.002800008559356729 0.009127542291369077 0.021592316381034427 7.026046411340303e-13 -1.1709637302419655e-5
14060 38.83514423885275 0.002799133537271576 0.009146353325007045 0.0226352846128115 7.033262861000367e-13 -1.1844422049157714e-5
14070 38.863148539834356 0.0028017907144600135 0.009173195737731742 0.022825832570775195 7.033262861000367e-13 -1.2015426782099467e-5
14080 38.891179291590795 0.0028036115523463767 0.009170952104810172 0.022240925239197906 7.04047931066043e-13 -1.1924832462545504e-5
14090 38.919206996027626 0.002801616077251214 0.009150646767064358 0.02029368994610048 7.047695760320494e-13 -1.172598650732701e-5
14100 38.94720807160592 0.002799239301950744 0.009153245725461688 0.022752045028343937 7.047695760320494e-13 -1.176524891606608e-5
14110 38.9752043759209 0.0028005316984836934 0.00918132113533151 0.021759652590500722 7.05546732149287e-13 -1.199809338571852e-5
14120 39.00322648651115 0.0028034100269284374 0.009195157087699982 0.02218366061151722 7.061018436615996e-13 -1.2060258760746318e-5
14130 39.031262542119926 0.002803124545994761 0.009179691859120872 0.020596110256159095 7.065459328714496e-13 -1.1870841032494187e-5
14140 39.05927804489951 0.002800233226275173 0.009169706686344948 0.021426368604859913 7.071565555349935e-13 -1.1762102667054478e-5
14150 39.08727381236174 0.002799665098998382 0.009191498835266617 0.023082298484084385 7.075451335936123e-13 -1.1917394548287766e-5
14160 39.11528444322011 0.002802443809383509 0.00921828311118607 0.022978042990415504 7.080447339546936e-13 -1.2065242275218935e-5
14170 39.14332044616099 0.0028039958125886657 0.009214900676485319 0.022216177697792938 7.084888231645436e-13 -1.193676746477887e-5
14180 39.17135055360945 0.002801791333854373 0.009196260395239794 0.020763579693044654 7.092659792817813e-13 -1.1720562435400046e-5
14190 39.199354198711845 0.002799615667020342 0.009202325638437656 0.02270931851686553 7.097655796428626e-13 -1.1750897213704794e-5
14200 39.22735595795855 0.002801181010405388 0.00923108373858252 0.022002821890847457 7.102096688527126e-13 -1.1952752346973264e-5
14210 39.25538430483962 0.0028039464551375833 0.009242160672180004 0.022298528079405244 7.10709269213794e-13 -1.1973173401764927e-5
14220 39.28342394707079 0.002803350561489243 0.00922472445054135 0.020412939930584573 7.109868249699502e-13 -1.1773535838709853e-5
14230 39.311441403858886 0.0028004736648259408 0.009215698324048413 0.02209096684560452 7.115419364822628e-13 -1.169321575278208e-5
14240 39.33944125671686 0.002800219908871462 0.009238117605182053 0.02278982896823667 7.119860256921129e-13 -1.1876314986801473e-5
14250 39.367458293749095 0.002803087858881115 0.009262369140695127 0.02306791365264238 7.125411372044255e-13 -1.2028308402493512e-5
14260 39.395499313957714 0.0028043506422671394 0.00925606184900267 0.022137007014534027 7.131517598679693e-13 -1.1905610941973649e-5
14270 39.42353164441357 0.0028019631045024564 0.00923808412872229 0.021000899172059717 7.135958490778194e-13 -1.1720626791191652e-5
14280 39.451538012410886 0.0028000179418514047 0.00924700874692211 0.02285230064987831 7.139844271364382e-13 -1.1782818813858842e-5
14290 39.47954544514686 0.002801842203246047 0.00927626043535212 0.022385605191468816 7.14595049799982e-13 -1.1980791407404864e-5
14300 39.50757993887987 0.00280446120879458 0.009285167427479146 0.02248983856758635 7.151501613122946e-13 -1.1972795812256656e-5
14310 39.53562291304874 0.0028035572601399095 0.009267163197860508 0.02053496760299045 7.155387393709134e-13 -1.1762079354696656e-5
14320 39.56364232163854 0.00280072948748183 0.009260649760750809 0.022213358747376843 7.162048731856885e-13 -1.1694313757332209e-5
14330 39.59164649678497 0.002800797311285892 0.009284797426734291 0.022839251299126895 7.165934512443073e-13 -1.1878864607940687e-5
14340 39.61967000610692 0.002803722186218747 0.00930727937909404 0.02310942170615593 7.171485627566199e-13 -1.2008186397389695e-5
14350 39.64771581779146 0.0028046786017454335 0.009298723486383024 0.022012091998234062 7.17814696571395e-13 -1.1871754548068228e-5
14360 39.67575023173272 0.0028021361195762996 0.009281870085653746 0.021253855886327666 7.183142969324763e-13 -1.170596291080999e-5
14370 39.70375950431995 0.002800447863196892 0.009293604216313174 0.02287081038012362 7.187583861423263e-13 -1.179251375006728e-5
14380 39.731772809237455 0.0028025109456253717 0.00932297110643389 0.022731330860933485 7.190914530497139e-13 -1.1983561293878262e-5
14390 39.759813327125016 0.00280495025074646 0.009329654094029556 0.022633494681765287 7.19757586864489e-13 -1.1949204064138936e-5
14400 39.78785938558552 0.0028037471006220438 0.009311469527933805 0.020549952241789127 7.203126983768016e-13 -1.1730554400641224e-5
14410 39.81588078183572 0.0028010041106632183 0.009307789395876306 0.022450542654740446 7.206457652841891e-13 -1.1673121635760405e-5
14420 39.843889524568056 0.0028013957954474778 0.00933339865238662 0.022704623355419007 7.215339437038892e-13 -1.1850619128200195e-5
14430 39.87191953758213 0.002804342765474862 0.009353402158430722 0.023093928524884122 7.215894548551205e-13 -1.1948416912552206e-5
14440 39.89996988761926 0.0028049799649337236 0.009341827338581856 0.02183420568009231 7.218114994600455e-13 -1.1794661202340117e-5
14450 39.92800626377821 0.0028023142142903 0.009325088713335575 0.021734010994252095 7.226441667285144e-13 -1.1650329922850645e-5
14460 39.95601865022229 0.002800905580138897 0.009338111293003708 0.023150147997821557 7.232547893920582e-13 -1.1769193286162192e-5
14470 39.984038007411904 0.0028031828071564333 0.009365972534536849 0.02301806634351633 7.235323451482145e-13 -1.1970122432624395e-5
14480 40.01208437848574 0.0028054093247555636 0.009369481904062008 0.022731927176625366 7.239764343580646e-13 -1.193704003836404e-5
14490 40.04013325842824 0.0028039211328234953 0.0093510908018684 0.02106651291297612 7.246425681728397e-13 -1.1743258414530396e-5
14500 40.0681567051008 0.002801301130411868 0.009350752053877733 0.0224949202720095 7.251976796851523e-13 -1.1723530836910001e-5
14510 40.096170282957104 0.0028020172663262223 0.009378679591190299 0.02296966359048558 7.257527911974648e-13 -1.1909229217640327e-5
14520 40.124206821561444 0.0028049483806744683 0.009397763444142032 0.02303009250903365 7.261413692560836e-13 -1.197784992663825e-5
14530 40.15226144996118 0.002805253981371277 0.009385573018132141 0.021619303958141045 7.2686301422209e-13 -1.1795699535779632e-5
14540 40.180299681034974 0.002802498082399956 0.009371551084509499 0.02184779956099603 7.271960811294775e-13 -1.1646053149990004e-5
14550 40.20831539447549 0.002801390210448702 0.009387713448356943 0.023155000924883207 7.277511926417901e-13 -1.1756775940416331e-5
14560 40.23634096473058 0.0028038557575131937 0.009414841574280528 0.023264034162810754 7.282507930028714e-13 -1.1923464474299572e-5
14570 40.2643930179457 0.002805841738795291 0.00941512107734733 0.022771318939852347 7.287503933639528e-13 -1.1855715149733338e-5
14580 40.2924445040236 0.0028040863094731684 0.009395678224029003 0.02082803705887759 7.291944825738028e-13 -1.1664684061220634e-5
14590 40.32047011641387 0.0028016243041879673 0.009396809636136988 0.023030664329693584 7.297495940861154e-13 -1.1674690577966919e-5
14600 40.3484887866822 0.002802656124728594 0.00942446561553101 0.02258617441457489 7.303602167496592e-13 -1.1876016801765782e-5
14610 40.37653180754745 0.002805531335696071 0.009440239694336033 0.022893711909940495 7.308043059595093e-13 -1.1940001485693727e-5
14620 40.404590415210265 0.0028054999096742356 0.009425917828826074 0.02134421506407752 7.313594174718219e-13 -1.176671240916971e-5
14630 40.432630421635544 0.0028026925683641932 0.009413848610951328 0.02217868688391278 7.318035066816719e-13 -1.1650391913222563e-5
14640 40.46064971645727 0.0028019045242153595 0.009432691681282869 0.02331449554572762 7.323586181939845e-13 -1.178332767024122e-5
14650 40.48868165488668 0.0028045276289943594 0.00945914334623892 0.02345483805519588 7.329692408575283e-13 -1.1935567921262779e-5
14660 40.516739177501584 0.002806242679038415 0.009457161106010373 0.022769432832534464 7.334688412186097e-13 -1.1843172383465238e-5
14670 40.54479303738052 0.00280424250331451 0.009438299069769169 0.021085145910056058 7.338574192772285e-13 -1.1653410634141631e-5
14680 40.57282094000981 0.0028019736739819173 0.009442402774506675 0.023194830842911962 7.343570196383098e-13 -1.1678985308807843e-5
14690 40.60084495890126 0.0028033112767917685 0.009470694482897371 0.022638530092366493 7.348011088481599e-13 -1.1874474121469775e-5
14700 40.62889440888177 0.00280609162862064 0.009483843318856423 0.022695080674513757 7.353562203604724e-13 -1.1914371237065416e-5
14710 40.656956718585235 0.0028057217835149983 0.00946807077132346 0.021018057158517345 7.359668430240163e-13 -1.1737122646968481e-5
14720 40.68499846897441 0.002802902446376434 0.009458236011602717 0.02237922692370531 7.362999099314038e-13 -1.164566481227057e-5
14730 40.713021614301184 0.002802448105250037 0.009479500585709158 0.023463469934808856 7.367995102924851e-13 -1.1794496273732046e-5
14740 40.74106004161804 0.002805193500267314 0.009504898687270565 0.023591827566899926 7.37410132956029e-13 -1.1929832529008122e-5
14750 40.769122796399756 0.0028066118130110557 0.009500775861936817 0.022711264445644808 7.37854222165879e-13 -1.1814757327025438e-5
14760 40.79717882660431 0.002804393701035838 0.009482971636021315 0.0214691400660596 7.384648448294229e-13 -1.1627602754691586e-5
14770 40.825209184445406 0.0028023516977271575 0.009490147507872655 0.02337609894820014 7.386313782831166e-13 -1.1664029090287615e-5
14780 40.85323879796136 0.002803979297276005 0.00951858607037759 0.02270521546565507 7.392420009466605e-13 -1.1844542044927979e-5
14790 40.88129457939482 0.00280662621200226 0.009528341501932899 0.022864855009362528 7.400746682151293e-13 -1.185329227896796e-5
14800 40.9093603012723 0.002805922318579188 0.009510315431766662 0.02125384013365572 7.404077351225169e-13 -1.1670394268514436e-5
14810 40.93740379575026 0.002803131324843508 0.00950157342359914 0.02300010646779227 7.407408020299044e-13 -1.1606109934423781e-5
14820 40.96543107424723 0.002803018720566563 0.009523581493781741 0.02318119580169853 7.411848912397545e-13 -1.1777610680608806e-5
14830 40.993476068564114 0.002805847121734182 0.009546406336743859 0.02365579094341219 7.418510250545296e-13 -1.1911413430117176e-5
14840 41.02154377022588 0.002806946290887637 0.009539521661635656 0.022597804825022216 7.422951142643797e-13 -1.1798502266978669e-5
14850 41.04960177379808 0.0028045430711211177 0.009523043667019681 0.021701855862738983 7.42794714625461e-13 -1.1641158642427166e-5
14860 41.07763478863624 0.002802761967056539 0.00953397926702488 0.02347113867913586 7.432943149865423e-13 -1.1708919805395848e-5
14870 41.1056702495042 0.0028046598717593484 0.009563628244909016 0.023107627660120977 7.436828930451611e-13 -1.1884999146143219e-5
14880 41.133732243212926 0.002807133563708636 0.009571901819159664 0.0230536310460408 7.441824934062424e-13 -1.1864022813518205e-5
14890 41.161801085639866 0.002806101714335633 0.0095542805252866 0.02115949080676749 7.447931160697863e-13 -1.1666160879584685e-5
14900 41.18984634576953 0.0028033803481895673 0.009549096911466007 0.02288752537602301 7.453482275820988e-13 -1.1605958675202355e-5
14910 41.21787804178606 0.0028036151552534236 0.009573277539448533 0.02332592414712764 7.459588502456427e-13 -1.176634145032702e-5
14920 41.24592966339169 0.002806487324758773 0.009593917432537421 0.023662183211302756 7.462919171530302e-13 -1.1864223728830811e-5
14930 41.27400204502272 0.0028072512877617057 0.00958393049262426 0.022420189120823775 7.469025398165741e-13 -1.1727325143093444e-5
14940 41.30206188762863 0.0028046982222986634 0.009567575788307298 0.021932713718719743 7.474021401776554e-13 -1.1583768520329312e-5
14950 41.33009779634689 0.002803204617565577 0.009580006468292082 0.02354363642682389 7.479017405387367e-13 -1.1676541573156507e-5
14960 41.35813931581648 0.002805344816765471 0.009608134072823677 0.02344684874656633 7.483458297485868e-13 -1.185428468619687e-5
14970 41.38620733205791 0.002807606708239571 0.009612776297833562 0.02317760650172135 7.488454301096681e-13 -1.1824116518810782e-5
14980 41.414278991831395 0.002806262491244853 0.009594368322629821 0.021197869697175187 7.492895193195181e-13 -1.1640822773412163e-5
14990 41.442326086979875 0.002803654808461475 0.00959214367919935 0.023155164256300043 7.498446308318307e-13 -1.1612912538675954e-5
15000 41.470362511719884 0.0028042377135270263 0.009618203384791952 0.02322918286218456 7.50344231192912e-13 -1.1783233141439767e-5
15010 41.49842078539958 0.0028071101088707182 0.009637037325480456 0.023597312132573434 7.507328092515309e-13 -1.1859757251944224e-5
15020 41.52649753469305 0.0028075237242838964 0.009625310095972605 0.02219047352386655 7.512324096126122e-13 -1.1707251592078458e-5
15030 41.55455908124511 0.0028048598625167874 0.009610820522975145 0.02224635500226957 7.517875211249248e-13 -1.1576319256497228e-5
15040 41.58259813627455 0.002803679800142529 0.00962605576793658 0.02368407640445147 7.522316103347748e-13 -1.1682561216204423e-5
15050 41.61064591826869 0.002806032622831102 0.00965341765512591 0.023727562467505736 7.528977441495499e-13 -1.1846331342650618e-5
15060 41.63871976331257 0.002808047969755855 0.009655083422429774 0.023243871296960705 7.531752999057062e-13 -1.1794886987355827e-5
15070 41.66679397604553 0.0028064104540904303 0.009636514347000058 0.021493199731510204 7.540079671741751e-13 -1.1618712697953303e-5
15080 41.69484302468264 0.0028039589662419958 0.009637339565408536 0.023410876400045688 7.542300117791001e-13 -1.1616693623360888e-5
15090 41.72288448295524 0.0028048829549813027 0.00966481971082323 0.023269819078711063 7.547296121401814e-13 -1.1791242763786432e-5
15100 41.75094938955828 0.002807710307430982 0.009681563998047668 0.023462619787457006 7.55284723652494e-13 -1.1844579762810789e-5
15110 41.77903018870265 0.0028077655400674585 0.009668397729646273 0.021898548418071873 7.558398351648066e-13 -1.1678104352378673e-5
15120 41.807093351957924 0.0028050331056940193 0.009656257310362258 0.022711143098651854 7.565059689795817e-13 -1.1559008143788797e-5
15130 41.83513583534347 0.002804187688571651 0.009674141168846925 0.023753236839739622 7.56783524735738e-13 -1.1672013392383715e-5
15140 41.863190051143576 0.0028067184780151224 0.009700028140661331 0.02394366468534148 7.572831250968193e-13 -1.1813175858455646e-5
15150 41.89126948532852 0.002808454424525845 0.00969796029035544 0.02324484850244457 7.577272143066693e-13 -1.1735658538891706e-5
15160 41.9193459952471 0.0028065497307251074 0.009678381909359142 0.02143472876142094 7.586153927263695e-13 -1.1566005631613042e-5
15170 41.94739715175893 0.0028042941545189017 0.009680889298820463 0.023928124779295845 7.58948459633757e-13 -1.1591109416445152e-5
15180 41.97544393708124 0.0028055459935367295 0.009708023380465496 0.02285495517235714 7.592260153899133e-13 -1.1774928343323543e-5
15190 42.0035153955657 0.0028082815632738557 0.009721396757090172 0.023242361694174707 7.598366380534571e-13 -1.1818614854826339e-5
15200 42.03159989465693 0.0028079768000876435 0.009706588175083576 0.02160507753257901 7.603917495657697e-13 -1.1659326680870004e-5
15210 42.05966461964836 0.002805223028602939 0.009697296899119445 0.02259526603783324 7.610578833805448e-13 -1.1572978964570748e-5
15220 42.087710847701295 0.002804730949440568 0.00971864565709854 0.0242157262163033 7.615574837416261e-13 -1.1707081804949868e-5
15230 42.1157716526499 0.0028073992977311383 0.009744407637507627 0.024094042825413164 7.618905506490137e-13 -1.1833486764126829e-5
15240 42.143856410384494 0.0028088242705940963 0.00974089130042736 0.023190084797640065 7.624456621613263e-13 -1.1732311264525187e-5
15250 42.17193497668883 0.0028066822693942643 0.009723087579558764 0.02196197579200443 7.630007736736388e-13 -1.156272861442626e-5
15260 42.19998842261854 0.002804661858426222 0.009729440144313478 0.023836320418167856 7.636113963371827e-13 -1.1596476822392756e-5
15270 42.22804082310221 0.0028062250174003835 0.00975718121339826 0.023164239884253868 7.64110996698264e-13 -1.176347061757234e-5
15280 42.256118741060284 0.002808825253165162 0.009767231855997415 0.023286906784628636 7.646661082105766e-13 -1.1772978610132012e-5
15290 42.28420662948179 0.0028081650370934035 0.009750154928894831 0.021523095909897427 7.649991751179641e-13 -1.1602841021716125e-5
15300 42.31227292647653 0.0028054353331153337 0.009742094296072049 0.023281948707287614 7.654987754790454e-13 -1.1536676492050237e-5
15310 42.34032322145096 0.002805304729498198 0.009764285302991345 0.02387285760595126 7.659983758401268e-13 -1.1685153996431052e-5
15320 42.368390701286145 0.002808065919521262 0.009787212791301703 0.024165784302481508 7.664424650499768e-13 -1.1800362852502563e-5
15330 42.3964804584912 0.002809155017274005 0.009780447861762326 0.023061816020822967 7.669420654110581e-13 -1.1690929033397052e-5
15340 42.42456086349868 0.0028068135657157325 0.009763565663519722 0.022221805104717718 7.67552688074602e-13 -1.154226885064294e-5
15350 42.45261683478238 0.002805066490132541 0.009773271665418961 0.023977439781262655 7.678302438307583e-13 -1.1602865144575217e-5
15360 42.480675134557586 0.002806917335227302 0.009801517529189938 0.02359539832947577 7.682743330406083e-13 -1.1766882085102737e-5
15370 42.50875936061702 0.0028093364337887067 0.009809038463023083 0.023488567805160565 7.688849557041522e-13 -1.1753951395497304e-5
15380 42.536850294725596 0.002808328931151756 0.00979138140285452 0.021685471461588834 7.694400672164647e-13 -1.1581122259192445e-5
15390 42.56491819363236 0.0028056717480143827 0.009786271046691572 0.02338714972415168 7.699396675775461e-13 -1.1535056238342126e-5
15400 42.59297289150284 0.0028059088042554983 0.009810340839289933 0.023856733250426587 7.705502902410899e-13 -1.1689898086145872e-5
15410 42.621047115805915 0.0028087166293741064 0.009831083619314033 0.0241598808667971 7.709388682997087e-13 -1.178471393349298e-5
15420 42.64914155710596 0.0028094508445740355 0.009821757617618323 0.022867316627667222 7.714939798120213e-13 -1.166154332801761e-5
15430 42.67722363851033 0.002806950822081689 0.009806282003926614 0.022471937835454092 7.720490913243339e-13 -1.1529871012567333e-5
15440 42.705282406906946 0.0028055087777308515 0.009819194836566408 0.024051996648626117 7.727707362903402e-13 -1.1611628786841084e-5
15450 42.73334686000251 0.0028076164385215196 0.009847395151280509 0.023962048453995632 7.731038031977278e-13 -1.1767401117452605e-5
15460 42.76143720107033 0.002809811236652793 0.009852298309127322 0.023621684968843815 7.734368701051153e-13 -1.1730926702334876e-5
15470 42.789530859141735 0.0028084735262174348 0.009834537648256958 0.021724723749143804 7.737699370125029e-13 -1.1556318320308381e-5
15480 42.81760044735533 0.0028059369642391926 0.009832677406135377 0.02368739281285459 7.744915819785092e-13 -1.1527308592823067e-5
15490 42.84565989120376 0.0028065410775796173 0.009858199164539155 0.023614968269187964 7.749911823395905e-13 -1.1680719858074012e-5
15500 42.87374087600062 0.002809346900322891 0.009875929187076575 0.0240725545140138 7.753797603982093e-13 -1.174809697780589e-5
15510 42.90183965349525 0.0028097113609133915 0.009863304882326758 0.02260046104175295 7.759348719105219e-13 -1.1608493654899432e-5
15520 42.92992328100281 0.002807097774525737 0.009848276555371642 0.023125991002391433 7.76378961120372e-13 -1.1493003340073455e-5
15530 42.957985145244535 0.002805987874031524 0.009862769565097164 0.024167308587016656 7.769895837839158e-13 -1.1595062723122193e-5
15540 42.9860559626542 0.002808315371032302 0.009889191749840823 0.02424939651901259 7.773781618425346e-13 -1.17456388859914e-5
15550 43.01415216002051 0.0028102462216653495 0.009890586129987396 0.023682657987632583 7.776557175986909e-13 -1.1696935342726597e-5
15560 43.04224821842847 0.0028086027583333877 0.009872912643975692 0.02230352388833534 7.78099806808541e-13 -1.1537170754477557e-5
15570 43.070319633939484 0.0028062370426036824 0.009874990055280938 0.023797319628166558 7.789324740770098e-13 -1.1539794933524008e-5
15580 43.098384180337156 0.0028071996207212273 0.009902903830400819 0.024034978973242582 7.795430967405537e-13 -1.1701644204634304e-5
15590 43.1264719039386 0.0028099510765516476 0.009919325143972849 0.0238993749009645 7.799871859504037e-13 -1.1749191712512827e-5
15600 43.154574653992725 0.002809937119349987 0.00990604927968001 0.022268873975348935 7.804312751602538e-13 -1.1598201107967573e-5
15610 43.18265973145422 0.0028072583599951565 0.009894197112332638 0.02320187104113869 7.807643420676413e-13 -1.149604290035538e-5
15620 43.210725015417836 0.0028065045566990367 0.009911959968105774 0.024313080118637975 7.814304758824164e-13 -1.1605314978025753e-5
15630 43.238802393883134 0.0028090128571665275 0.009937091194624468 0.024464877680636876 7.818745650922665e-13 -1.1732898966220829e-5
15640 43.26690418973628 0.002810643676235555 0.009934750150417964 0.02366982506521964 7.823186543021166e-13 -1.1656405865380446e-5
15650 43.29500238520329 0.0028087245193960135 0.009916209717865294 0.022083825882451502 7.828737658144291e-13 -1.1498883400090469e-5
15660 43.32307581940858 0.0028065726898228206 0.00992013280714862 0.024292644867490165 7.832623438730479e-13 -1.1521198844312991e-5
15670 43.35114579341034 0.002807876788178956 0.00994756491373251 0.023550305958024986 7.837619442341293e-13 -1.1682718443782603e-5
15680 43.37924014944663 0.002810521618880535 0.00996019926508864 0.02363441612199435 7.843170557464418e-13 -1.1710573638665928e-5
15690 43.40734648171749 0.002810130034142785 0.00994489768789621 0.021983914811362526 7.848721672587544e-13 -1.1557501122094055e-5
15700 43.43543296807945 0.0028074401065596223 0.009935613962472669 0.0235319585424405 7.852607453173732e-13 -1.1480516122383891e-5
15710 43.46350203475844 0.00280705999271838 0.009956270185621315 0.0243960365727256 7.857603456784545e-13 -1.1606703211737915e-5
15720 43.491586126833646 0.002809701288759915 0.009980284687609108 0.024594918423283985 7.863709683419984e-13 -1.1720753231418864e-5
15730 43.519693196956744 0.00281099845430237 0.009975445306804208 0.02358225748057663 7.868150575518484e-13 -1.162766765183676e-5
15740 43.54779326224044 0.0028088404430317497 0.009957932814405048 0.022491569711454384 7.874256802153923e-13 -1.1481276849056518e-5
15750 43.57586893985368 0.002806946612604117 0.009965236180718718 0.02438826791119908 7.878142582740111e-13 -1.1524898933527178e-5
15760 43.60394466734954 0.002808571110535482 0.009992968670648885 0.023769555519691177 7.885914143912487e-13 -1.1682446035044675e-5
15770 43.6320455307139 0.002811059767819106 0.010002426224973875 0.023764513810799415 7.889244812986362e-13 -1.168789735709122e-5
15780 43.660155083691215 0.0028102970747834652 0.009985829720869708 0.022149531117811705 7.892575482060238e-13 -1.153228846918243e-5
15790 43.688243000978964 0.002807648076672511 0.00997936958692932 0.023682856189574775 7.900902154744927e-13 -1.1477991639385378e-5
15800 43.71631622494535 0.0028076505196387006 0.010002471953382264 0.024439301501032906 7.903677712306489e-13 -1.1615262294407958e-5
15810 43.74440713240239 0.00281037442800409 0.010024883936050617 0.024638640798520517 7.909228827429615e-13 -1.1711186981315383e-5
15820 43.77251912887474 0.0028113117383754996 0.010017744253385205 0.023416939473643594 7.912559496503491e-13 -1.160110087307202e-5
15830 43.80062084890459 0.0028089578801221093 0.010001821748482676 0.022874591779020292 7.918110611626616e-13 -1.1465522854433624e-5
15840 43.82869904676793 0.002807362071774548 0.010012477906794036 0.024450484036640963 7.925882172798993e-13 -1.1525390667668092e-5
15850 43.85678082683757 0.0028092770833596137 0.010039801788400865 0.024205033641435558 7.931433287922118e-13 -1.1671291005073519e-5
15860 43.88488800982121 0.002811560063500718 0.010045271305398859 0.023951167270409857 7.935874180020619e-13 -1.1649576166729539e-5
15870 43.91300041780442 0.002810440085581008 0.010026636433401114 0.02201494395712822 7.939204849094494e-13 -1.1489901474230218e-5
15880 43.94108983541743 0.0028078857770263347 0.010021832253534209 0.02424841590103821 7.941425295143745e-13 -1.145575481770257e-5
15890 43.96916759148714 0.0028082723020298565 0.01004557295112859 0.0240105156057695 7.948641744803808e-13 -1.1600531706955275e-5
15900 43.99726534433981 0.0028110246212746364 0.010064845989745063 0.024584996144354165 7.950307079340746e-13 -1.1679409408952862e-5
15910 44.02538187074297 0.0028115840606098242 0.01005499681215837 0.023169895236227922 7.958633752025435e-13 -1.156095924637628e-5
15920 44.053485065847376 0.0028090839034053006 0.010041177101615534 0.023030322846474882 7.961409309586998e-13 -1.144769285401995e-5
15930 44.081566109185204 0.0028078205707195753 0.010055982646261605 0.024865819637209352 7.967515536222436e-13 -1.1532925251486353e-5
15940 44.10965422308316 0.002809989006143433 0.010084050904499781 0.02455686145846836 7.972511539833249e-13 -1.1675097229135344e-5
15950 44.13776749101318 0.002812018607099319 0.01008767636843199 0.02406129363591475 7.977507543444062e-13 -1.1636009420377271e-5
15960 44.165882396987314 0.0028105631116630407 0.010069892677443364 0.022390464524945752 7.982503547054876e-13 -1.1480981132198321e-5
15970 44.19397343365315 0.0028081580915252017 0.010069163857732407 0.024268968811733793 7.985834216128751e-13 -1.1468120334900951e-5
15980 44.22205610912877 0.0028089253681109535 0.010094655856758247 0.024137518348605558 7.991940442764189e-13 -1.1613295301819427e-5
15990 44.250160715117005 0.0028116508268341157 0.010110895733112621 0.024438781555482292 7.996936446375003e-13 -1.1665544545346102e-5
16000 44.27828139771548 0.0028118194076077302 0.010097861453376236 0.02284450583945674 8.002487561498128e-13 -1.1530069464361827e-5
16010 44.30638596187602 0.002809224156002037 0.010084775163986485 0.023557444460963972 8.007483565108942e-13 -1.1428602199253964e-5
16020 44.334470200929594 0.0028083197703237016 0.010101185269784261 0.02469335642152448 8.012479568719755e-13 -1.152537061058223e-5
16030 44.36256485981014 0.0028106975483739366 0.01012707407433852 0.024822231976173725 8.018030683842881e-13 -1.1651990177781457e-5
16040 44.39068390288378 0.0028124326770732028 0.010126790713895372 0.024083145346694534 8.021916464429069e-13 -1.1591631183605414e-5
16050 44.41880096747075 0.0028106734974629485 0.010108912303594087 0.022514399445695887 8.027467579552194e-13 -1.144378722465686e-5
16060 44.44689380988509 0.0028084704810961746 0.01011176648081228 0.024605349502091034 8.030243137113757e-13 -1.1455626905803803e-5
16070 44.47498179278507 0.002809603732760429 0.010138769675637323 0.024093227033361808 8.035794252236883e-13 -1.1604974925423506e-5
16080 44.50309318261825 0.002812243598035048 0.010152553097011048 0.024188596868795376 8.041900478872321e-13 -1.163875519209984e-5
16090 44.53121759968372 0.0028120169468768778 0.010138027058104838 0.02244957469014619 8.044676036433884e-13 -1.1498603283859044e-5
16100 44.5593234563985 0.00280938364884193 0.010127589415198339 0.02384842421851574 8.050782263069323e-13 -1.141900898094482e-5
16110 44.58741127394612 0.002808861627949859 0.01014677774226002 0.024840487807931577 8.057443601217074e-13 -1.1531210184264479e-5
16120 44.61551266954805 0.002811400531818819 0.01017109412311119 0.02499318743057022 8.061884493315574e-13 -1.1643609823246137e-5
16130 44.64363716544218 0.002812802380005617 0.010167571142362174 0.02402127162256512 8.0674356084387e-13 -1.1564988408417978e-5
16140 44.67175610485949 0.0028107775017609023 0.010150251549143136 0.022793184808096667 8.071876500537201e-13 -1.1426648021801294e-5
16150 44.699850996580146 0.00280882482589708 0.010156672773243742 0.024748675886188898 8.075762281123389e-13 -1.1460352537709557e-5
16160 44.727944652992605 0.0028103018371509973 0.010184537231334117 0.024049685640131102 8.079648061709577e-13 -1.1607747646803909e-5
16170 44.756062699245554 0.002812799681510882 0.010195595139268859 0.024047920265998335 8.085199176832703e-13 -1.1619589497073807e-5
16180 44.78419044010779 0.0028121830004668247 0.010180029862277479 0.02249785869219334 8.089084957418891e-13 -1.147473129652894e-5
16190 44.81229758609297 0.002809570370839432 0.01017268581787866 0.024191941778356485 8.094636072542016e-13 -1.141501745105343e-5
16200 44.84038938836049 0.002809443372967898 0.010194270920964667 0.024741501907457275 8.10185252220208e-13 -1.153629743271734e-5
16210 44.86849765187299 0.002812088811887047 0.010216119461756644 0.025067610812285812 8.108513860349831e-13 -1.1628186071028014e-5
16220 44.89662722835718 0.002813126359945761 0.010208633482413559 0.02387002515929676 8.111289417911394e-13 -1.1528763551766385e-5
16230 44.92474779080195 0.002810880818038922 0.01019108850802507 0.02310080365820666 8.115730310009894e-13 -1.1397941288074904e-5
16240 44.95284501913292 0.002809223234799896 0.010199574935309274 0.025125504643210395 8.120726313620708e-13 -1.1447905664003535e-5
16250 44.980944675834635 0.002811013351953675 0.01022643029767886 0.024501120126048215 8.129608097817709e-13 -1.1586997616697483e-5
16260 45.00906916807979 0.002813314145292964 0.010233630006265452 0.024274649663405257 8.130163209330021e-13 -1.1576174373268687e-5
16270 45.037199809823065 0.0028123206144100767 0.010217135103680353 0.022818236560343097 8.13848988201471e-13 -1.1432038639097603e-5
16280 45.06530830523153 0.0028097894273155493 0.01021359386195359 0.024057513615542536 8.142930774113211e-13 -1.1398574042961853e-5
16290 45.09340452428359 0.0028100631826608203 0.010238438087163779 0.025014993162520427 8.148481889236336e-13 -1.1534532720738197e-5
16300 45.12151973557224 0.0028127561214920742 0.01025933250304181 0.025032783917890322 8.152922781334837e-13 -1.1614854955372995e-5
16310 45.149653985749154 0.0028134056477783624 0.010250467864087072 0.023630529572915948 8.157363673433338e-13 -1.150846587564523e-5
16320 45.17777596186322 0.0028109910971286967 0.010235590189863558 0.023482911217534208 8.161249454019526e-13 -1.1397839002357064e-5
16330 45.20587586252138 0.0028096681950547644 0.01024803031630021 0.024906101130573233 8.166800569142652e-13 -1.1469331160935976e-5
16340 45.23398183499391 0.002811733566843311 0.010274428299400912 0.024899350532749165 8.17290679577809e-13 -1.1599275470111506e-5
16350 45.262112545417544 0.0028137855952121184 0.010277611695125921 0.024415104593974113 8.175682353339653e-13 -1.1563333114137427e-5
16360 45.29024571755016 0.0028124373839064696 0.01025943767143598 0.022587440981772344 8.181788579975091e-13 -1.1414985019284844e-5
16370 45.318355692965085 0.002810045456150712 0.010257829237685215 0.024725209578409735 8.186229472073592e-13 -1.1395926670578795e-5
16380 45.34645674154091 0.002810715263360405 0.01028301771032028 0.02447913044580219 8.191780587196718e-13 -1.152915714724978e-5
16390 45.37457888473712 0.0028133943381296093 0.010300228118708319 0.02489227313886111 8.196221479295218e-13 -1.1582681832211783e-5
16400 45.402717359714146 0.002813640777025707 0.010288439787373998 0.02329629999938182 8.202327705930657e-13 -1.1460965674479212e-5
16410 45.43084060185082 0.0028111153892292837 0.0102756217945863 0.02383486157873027 8.206213486516845e-13 -1.1366153022447645e-5
16420 45.45894356418904 0.0028101600876276455 0.010291583434517027 0.025136476011977993 8.21176460163997e-13 -1.1455889224238139e-5
16430 45.48705611885302 0.0028124536377861897 0.0103175204006739 0.025196234133995854 8.216205493738471e-13 -1.1577898183129029e-5
16440 45.51519273402349 0.0028142093713576666 0.010317798139453984 0.02445688107738886 8.222866831886222e-13 -1.1526437724970404e-5
16450 45.54332805759869 0.0028125379376676696 0.010299930032880752 0.022929764256494956 8.227307723984723e-13 -1.1388181395319968e-5
16460 45.57143969637771 0.0028103439910593725 0.010301949251429347 0.024980937953856808 8.231748616083223e-13 -1.139490081517383e-5
16470 45.59954599703053 0.002811396502075439 0.010328275725482495 0.02453470341206576 8.236744619694036e-13 -1.1532179972562756e-5
16480 45.6276750201875 0.0028139989668835184 0.010342357437683825 0.024636268126816074 8.242850846329475e-13 -1.1565327209495449e-5
16490 45.65581728578093 0.0028138366581832016 0.010328449609814752 0.022872596020471647 8.247846849940288e-13 -1.1435306460796588e-5
16500 45.683941722202256 0.002811261055001066 0.010318132081463179 0.02415204381599989 8.253953076575726e-13 -1.1358902106136694e-5
16510 45.71204816650404 0.0028106983911716297 0.010337235315852122 0.025315625579681256 8.257283745649602e-13 -1.1462644788109901e-5
16520 45.74016751400422 0.002813167801275434 0.010362057764089178 0.025388078812899506 8.262279749260415e-13 -1.1570843295782948e-5
16530 45.7683096764635 0.0028145838476437294 0.010359492262752219 0.02440300605408452 8.265055306821978e-13 -1.1501835686836812e-5
16540 45.79644682627878 0.00281263021526298 0.010342539190003665 0.023233096189779867 8.272271756482041e-13 -1.1373382088369083e-5
16550 45.82456038314434 0.0028106878461382307 0.010348273711391688 0.025176182434888505 8.275047314043604e-13 -1.1402107757800535e-5
16560 45.8526723392656 0.0028121001845379363 0.010375028106771867 0.024357023909434727 8.281708652191355e-13 -1.1536976479816793e-5
16570 45.88080811178062 0.002814563782025994 0.01038510097640186 0.024366264564578022 8.287814878826794e-13 -1.1545723342912086e-5
16580 45.908953719864414 0.0028139974039219397 0.010368431387893376 0.02311867880216467 8.289480213363731e-13 -1.1406036675607811e-5
16590 45.937079338622446 0.002811435601773531 0.01035961738383574 0.02488147584373568 8.295031328486857e-13 -1.1343663669557717e-5
16600 45.96518969776394 0.0028112793313912338 0.0103800452438523 0.024990081374877793 8.302247778146921e-13 -1.1452034341917957e-5
16610 45.993315967440616 0.002813864333229508 0.010402029429108017 0.025468165553621303 8.306133558733109e-13 -1.1537800346876824e-5
16620 46.021463253825374 0.0028149068138791787 0.010396066264459337 0.02424626635332716 8.308909116294672e-13 -1.1448802210656359e-5
16630 46.04960194461396 0.0028127213651450715 0.010380573311721627 0.023545064296339846 8.316125565954735e-13 -1.1331935511778824e-5
16640 46.07771774218634 0.0028110816268645525 0.0103908328052159 0.025324001565008136 8.321121569565548e-13 -1.138484551771235e-5
16650 46.10583573949755 0.0028128216630759206 0.010419005196940861 0.024874981848127753 8.325562461664049e-13 -1.1522272343448167e-5
16660 46.133978062975906 0.002815085905594221 0.010427037936286217 0.024617082318203254 8.3322237998118e-13 -1.1519401164510434e-5
16670 46.16212656372793 0.002814127294101371 0.010410519852749434 0.02307353006788615 8.337774914934926e-13 -1.1388764292108087e-5
16680 46.190253420583645 0.002811643995145698 0.010405801906231723 0.024709387156350626 8.341660695521114e-13 -1.1356736814691506e-5
16690 46.218368156435055 0.002811901523173407 0.010428778235816978 0.025081371868166502 8.346656699131927e-13 -1.1479163998556275e-5
16700 46.24650144540331 0.0028145399531081016 0.010448059712886985 0.02543307416367302 8.350542479718115e-13 -1.1547630056876778e-5
16710 46.27465343830374 0.0028151837032996505 0.010438349554734874 0.023995591196511956 8.357203817865866e-13 -1.1440996160373956e-5
16720 46.30279346298483 0.0028128212669505117 0.010423177817960944 0.023832725105100927 8.361644709964366e-13 -1.1330651678651948e-5
16730 46.33091186553331 0.00281152473458242 0.01043551583595732 0.02532424067384842 8.367195825087492e-13 -1.1391808900938771e-5
16740 46.35903621864788 0.0028135488752249974 0.010462035248526187 0.025294974875411214 8.37108160567368e-13 -1.151021281861099e-5
16750 46.387184801831594 0.002815556933457403 0.010465779895685237 0.024762760805387807 8.376632720796806e-13 -1.1477203550779719e-5
16760 46.415335760369295 0.0028142325495970778 0.010448421798108162 0.02308722429291865 8.382183835919932e-13 -1.1342532589931481e-5
16770 46.443463996180625 0.0028118938827026534 0.010447347119098113 0.025088986428381643 8.38829006255537e-13 -1.1330255155497793e-5
16780 46.47158357969834 0.0028125613040390967 0.010472524203590055 0.024945442944009244 8.391620731629246e-13 -1.1459647792729302e-5
16790 46.49972389195279 0.0028151854390752675 0.010489492959217951 0.025272580728345373 8.396616735240059e-13 -1.151302877679518e-5
16800 46.52788011017628 0.002815412622657551 0.010477666676103458 0.02363627089332987 8.402722961875497e-13 -1.1401557954832803e-5
16810 46.55602130271485 0.0028129356188245384 0.010464844944197464 0.024243258584962457 8.40771896548631e-13 -1.131391572338318e-5
16820 46.58414272509437 0.0028120182420611766 0.010480531696452411 0.0255557670608606 8.412159857584811e-13 -1.1396046830459972e-5
16830 46.612273724900334 0.002814276890947999 0.010505968565895635 0.025601189001560942 8.417710972707937e-13 -1.1505611019797454e-5
16840 46.640428246259525 0.002815978756941669 0.010506094922457417 0.024804658811869884 8.42270697631875e-13 -1.145325791924133e-5
16850 46.66858127973755 0.002814322923653955 0.01048870096394802 0.023411624769862138 8.428813202954188e-13 -1.1323082551136648e-5
16860 46.69671111116042 0.0028121906258108563 0.010491367763588484 0.02536234647950819 8.430478537491126e-13 -1.1331313659672295e-5
16870 46.72483599725623 0.002813251516643463 0.010518019163496237 0.024988441082593238 8.43769498715119e-13 -1.14620398401679e-5
16880 46.7529832604568 0.002815792846154938 0.01053223674742532 0.024984208977086753 8.442690990762003e-13 -1.1495637550386763e-5
16890 46.78114322155551 0.00281559829331585 0.01051873133305018 0.023277165040722192 8.447131882860504e-13 -1.1378592568897093e-5
16900 46.80928550291671 0.0028130734718658183 0.010508828940847129 0.024704207554476776 8.452127886471317e-13 -1.1312350822502782e-5
16910 46.8374104025335 0.00281256213312805 0.010527521003701851 0.025562321300585222 8.456013667057505e-13 -1.1410389293845973e-5
16920 46.86554827381317 0.002814997842907801 0.010550911842727231 0.02579222344280252 8.464895451254506e-13 -1.150592128577565e-5
16930 46.89370834292765 0.0028163471743198414 0.010546686473039052 0.024737858543811053 8.468226120328382e-13 -1.143247902819313e-5
16940 46.92186310290927 0.0028144047774755977 0.010528598411077287 0.023578233487891898 8.471556789402257e-13 -1.1304671110603935e-5
16950 46.94999480613341 0.002812535766610053 0.01053361657824935 0.02584662325653664 8.475997681500758e-13 -1.1325002699744153e-5
16960 46.978125412573306 0.002813963264470287 0.01055979639710504 0.02480184480196501 8.483214131160821e-13 -1.144411446926745e-5
16970 47.00627945529067 0.0028163548880769697 0.010569988425293813 0.02472788756528621 8.485989688722384e-13 -1.1447835611465925e-5
16980 47.03444266154258 0.002815746219553946 0.010554900500678848 0.02353117554423645 8.490985692333197e-13 -1.1320916713448063e-5
16990 47.062586033483896 0.0028132446327800015 0.010548674513335266 0.024609589812055632 8.497091918968636e-13 -1.1274245143232693e-5
17000 47.090714903528955 0.0028131542550498497 0.010571150633458409 0.02590941300923777 8.500977699554824e-13 -1.13882854882216e-5
17010 47.11885980383646 0.00281570111136298 0.010593803798074893 0.025848756574552323 8.505418591653324e-13 -1.1477478087112146e-5
17020 47.14702497581199 0.0028166609886452845 0.010587718843299369 0.024557650903683448 8.5131901528257e-13 -1.1401468935205182e-5
17030 47.1751811637265 0.0028144860858550103 0.010571938355925146 0.02404705232823634 8.516520821899576e-13 -1.1299299821792796e-5
17040 47.20331508773111 0.0028129345926576595 0.01058132445805281 0.025625896449048335 8.522071937022702e-13 -1.1351042649488698e-5
17050 47.231451824578194 0.0028146938291235 0.010607605687862003 0.025334765185699992 8.524847494584264e-13 -1.147202656494843e-5
17060 47.25961243844912 0.002816871961818047 0.010613635026014754 0.02498162327009451 8.531508832732015e-13 -1.145575508179576e-5
17070 47.28777843189676 0.0028158638539341253 0.01059637693281749 0.02337150650445463 8.536504836342829e-13 -1.1322630703235973e-5
17080 47.31592297874175 0.0028134533971647087 0.010592133319641707 0.025224043067348267 8.541500839953642e-13 -1.1286578264871859e-5
17090 47.34405630174994 0.0028137871374270523 0.010615479961931375 0.02537284414992591 8.546496843564455e-13 -1.1395125928384889e-5
17100 47.37220828214354 0.002816376212758136 0.010634531631591913 0.025781417274391205 8.550937735662956e-13 -1.1452660602156647e-5
17110 47.400378061121586 0.0028169226397378503 0.010624985157527373 0.024263852479851356 8.557599073810707e-13 -1.1352553345025246e-5
17120 47.42853545187174 0.0028145787370972486 0.010610948250429216 0.024277529694597177 8.561484854396895e-13 -1.1258299864268934e-5
17130 47.45667201398659 0.0028133887078669755 0.01062422849945355 0.025772697619946827 8.568701304056958e-13 -1.1326513043030673e-5
17140 47.484815233939116 0.0028154308086695786 0.010650423861612137 0.025747018120921172 8.572031973130834e-13 -1.1442188894165463e-5
17150 47.512982104420786 0.0028173341342136813 0.010653277265860557 0.025111418349429537 8.578138199766272e-13 -1.1412080681963855e-5
17160 47.541150421247444 0.002815955890465251 0.010635877704148046 0.02355645104188353 8.583134203377085e-13 -1.1289136202468839e-5
17170 47.56929630280966 0.0028137075722891643 0.010635418686018618 0.02555067151269541 8.586464872450961e-13 -1.1281142209378092e-5
17180 47.59743458123826 0.002814459820007549 0.010660430619615411 0.025334765761119482 8.590905764549461e-13 -1.139851272163872e-5
17190 47.62559363960463 0.002817018633838047 0.010676388091947488 0.025574001432945193 8.598122214209525e-13 -1.1438131726305978e-5
17200 47.65376752885905 0.002817135825719818 0.010664230304941066 0.023859198366182832 8.6014528832834e-13 -1.13273331890755e-5
17210 47.68192598326182 0.0028146901921106923 0.010652514147185746 0.024672502958267728 8.608669332943464e-13 -1.1248248542893892e-5
17220 47.71006564588646 0.0028138966506005047 0.010669348438415835 0.026031613791465014 8.612000002017339e-13 -1.1330793420247405e-5
17230 47.73821563779789 0.0028161656096575144 0.010694688233939568 0.026031875798313342 8.619216451677403e-13 -1.1435149202058872e-5
17240 47.76638839061443 0.002817741635805578 0.01069435013988073 0.025124892440459068 8.623102232263591e-13 -1.1388437029412855e-5
17250 47.794558621611266 0.0028160339092268296 0.010677489703492242 0.023806759277303025 8.628653347386717e-13 -1.1275489062305874e-5
17260 47.822706087951715 0.002814012875282762 0.010680981185155276 0.025828245871779232 8.632539127972905e-13 -1.1292780128396124e-5
17270 47.850849807286174 0.0028151632210684945 0.010706883622451079 0.025194862183748223 8.638645354608343e-13 -1.1413734910265864e-5
17280 47.87901584526725 0.002817618362097575 0.010718788656526052 0.02522840228482015 8.644751581243781e-13 -1.143252437540819e-5
17290 47.907193324545624 0.00281730378434794 0.010703463372184143 0.023940680208166754 8.647527138805344e-13 -1.1310366812884487e-5
17300 47.93535277741609 0.0028148291014956067 0.01069322444731366 0.025507629778019236 8.653633365440783e-13 -1.124123359086565e-5
17310 47.9634960289873 0.0028144568666332373 0.010711814495250901 0.02574736987375481 8.657519146026971e-13 -1.132496517199259e-5
17320 47.9916529915808 0.0028168871927467605 0.010734467987996267 0.026186142534474044 8.665845818711659e-13 -1.140255070835005e-5
17330 48.019831172650605 0.0028180901130179822 0.010730329764789789 0.02501268049123445 8.67028671081016e-13 -1.1328352704461131e-5
17340 48.048002958349 0.0028161057862236025 0.010714595728838356 0.02420118852176345 8.674727602908661e-13 -1.1218979696270068e-5
17350 48.076152345407756 0.00281437350982264 0.010722844035320941 0.02587545321331386 8.677503160470224e-13 -1.1257083646825932e-5
17360 48.10430196927022 0.0028158902962807015 0.010750480627180705 0.025354040685147572 8.684719610130287e-13 -1.138278245470409e-5
17370 48.132474798352696 0.0028181703399191315 0.010760159486220881 0.02513915205415468 8.6897156137411e-13 -1.139415221621643e-5
17380 48.16065534386901 0.0028174339120970696 0.01074459729928791 0.023809261951172167 8.694156505839601e-13 -1.1285305581873676e-5
17390 48.18881581949118 0.0028150048309704577 0.010738514881376296 0.025378161152160517 8.700262732475039e-13 -1.125273300820009e-5
17400 48.21696318902219 0.00281506696428596 0.01076008742869922 0.025896438782141873 8.705813847598165e-13 -1.1359344136912988e-5
17410 48.24512727392623 0.002817588493173073 0.010780157194526007 0.026198968463366112 8.711920074233603e-13 -1.1427221933984588e-5
17420 48.273310414942195 0.0028183832346452137 0.010771958619028589 0.02478755479022232 8.715805854819791e-13 -1.1337697946750243e-5
17430 48.30148347865345 0.0028161820783826103 0.010756407754519274 0.024490225318055225 8.72191208145523e-13 -1.1232737432607942e-5
17440 48.32963517922102 0.0028147911694597553 0.010767061809851718 0.026083553204192866 8.72635297355373e-13 -1.1276118798604802e-5
17450 48.357791097677584 0.0028166295523409978 0.01079329709482234 0.0258622996473582 8.730793865652231e-13 -1.137964060186035e-5
17460 48.38597042363516 0.002818667296855298 0.010798427494294126 0.025354800805162336 8.737455203799982e-13 -1.1355578650486253e-5
17470 48.41415352824565 0.002817532589320773 0.010781666286295498 0.02379358516634056 8.741896095898483e-13 -1.1235733259257197e-5
17480 48.44231515388462 0.002815225060321567 0.01077932897914627 0.02568506705795559 8.746892099509296e-13 -1.1218178251776526e-5
17490 48.47046718169195 0.002815721705873496 0.010803430527628865 0.025670415935120205 8.753553437657047e-13 -1.1331474243578277e-5
17500 48.49863842883969 0.002818258133515165 0.010821152945472165 0.026061620029117383 8.757439218243235e-13 -1.1386162844385602e-5
17510 48.526825990121736 0.002818621181445859 0.010810501165634074 0.024428221560552743 8.761324998829423e-13 -1.1292904349180163e-5
17520 48.555000113711216 0.002816272581795674 0.010797235161155938 0.02482035866936594 8.766321002440236e-13 -1.121145335649873e-5
17530 48.58315458785465 0.0028152670533352414 0.010811572606631813 0.026238002494856305 8.772427229075674e-13 -1.1278204649588924e-5
17540 48.611317158742835 0.00281737297397535 0.01083689793630558 0.026238293237500487 8.776868121174175e-13 -1.1375847219736307e-5
17550 48.639502635447904 0.002819107791405209 0.01083815853433403 0.02544365172340496 8.782419236297301e-13 -1.133298924729971e-5
17560 48.66768784336095 0.0028176103137448204 0.010821130593949029 0.024097012437223175 8.788525462932739e-13 -1.1215489085723493e-5
17570 48.69585083958945 0.002815497497724386 0.010822720655737526 0.026021543443068174 8.79296635503124e-13 -1.1216704408872902e-5
17580 48.724008052572586 0.002816414240474028 0.01084856259987082 0.025731301226215808 8.797962358642053e-13 -1.1332026256951873e-5
17590 48.75218640732152 0.0028188871399845725 0.010863401577078784 0.025769451928500553 8.800737916203616e-13 -1.1368649876563035e-5
17600 48.78037783996055 0.002818808115749308 0.010850741099807097 0.024041979382141365 8.807954365863679e-13 -1.127085032542557e-5
17610 48.80855290829718 0.0028163871901007403 0.010840413296330896 0.02533444730012835 8.810729923425242e-13 -1.1212217575371254e-5
17620 48.836710669451136 0.0028158007423311265 0.01085807380528637 0.026284473120272822 8.817946373085306e-13 -1.1298348415797818e-5
17630 48.864880171885154 0.0028181106130947095 0.010881444092069655 0.026475271908981135 8.819056596109931e-13 -1.1386148220895238e-5
17640 48.893071369993294 0.002819488121630933 0.010878116662961904 0.025401829192174763 8.825717934257682e-13 -1.132385205134631e-5
17650 48.921258267437565 0.002817676395236663 0.010860291120249058 0.02423583714287847 8.828493491819245e-13 -1.1206816990834628e-5
17660 48.94942293075422 0.0028158245919093026 0.010864489732813796 0.02653779051080607 8.835709941479308e-13 -1.121665105384417e-5
17670 48.977585817562534 0.0028171336872669407 0.010890062437075756 0.02538091059565395 8.842926391139372e-13 -1.1316715659549362e-5
17680 49.005771110307776 0.0028194658214370457 0.01090069246911318 0.025324632476532605 8.845701948700935e-13 -1.1318810365540377e-5
17690 49.03396585176251 0.0028189506238110356 0.010886187575198688 0.02423076378213851 8.849587729287123e-13 -1.1205029147213757e-5
17700 49.06214185106007 0.0028165380866984487 0.010879611052898613 0.02530129845379636 8.857359290459499e-13 -1.1160723189411128e-5
17710 49.09030345567472 0.0028163902755041575 0.010901283511175381 0.02662428813508322 8.861800182558e-13 -1.1261350430747633e-5
17720 49.118480082379435 0.002818830140603488 0.010923841227315401 0.02654949821969632 8.867351297681125e-13 -1.1345097423730703e-5
17730 49.14667650282184 0.0028198062180559177 0.010918351350520578 0.02522019338995235 8.869571743730376e-13 -1.1284150588377934e-5
17740 49.17486474062291 0.002817740489875531 0.01090277806792699 0.02471789714430206 8.875677970365814e-13 -1.1197212222482082e-5
17750 49.20303146023055 0.0028162124191377 0.010911606321765712 0.026333966901094796 8.88122908548894e-13 -1.1244101976119622e-5
17760 49.23120049568083 0.002817875470683346 0.010937416182152337 0.025978744799863507 8.88566997758744e-13 -1.135251362801231e-5
17770 49.25939249767037 0.002819993971549359 0.01094370887692914 0.02556933824892521 8.890665981198254e-13 -1.1339399377829603e-5
17780 49.28759001951677 0.0028190575459081098 0.010926917236182129 0.024090442038392945 8.894551761784442e-13 -1.1220391843054685e-5
17790 49.31576703142192 0.002816730989736816 0.010922529077396275 0.025932508759340167 8.900102876907567e-13 -1.118463532560638e-5
17800 49.34393302978677 0.0028170270725222093 0.010945289743914784 0.02606030133196202 8.904543769006068e-13 -1.1276783297584081e-5
17810 49.372116853343755 0.0028195190698556746 0.010964129490756187 0.02647596147089326 8.911205107153819e-13 -1.1325607474493848e-5
17820 49.400317943405696 0.002820065163824451 0.010954936227665892 0.02490423081832943 8.91564599925232e-13 -1.1236356075701448e-5
17830 49.42850726313769 0.0028178165893000453 0.010941140220596104 0.024988819589710554 8.92008689135082e-13 -1.1152744047570468e-5
17840 49.456676508268615 0.002816663010844344 0.010954084380200808 0.026473713911977392 8.925638006473946e-13 -1.121329713555698e-5
17850 49.484852095138194 0.002818625311088991 0.01097979519071931 0.026431195874156543 8.931189121597072e-13 -1.1316506366897995e-5
17860 49.513050454905695 0.002820460236286989 0.010982660185601073 0.025718784645483328 8.936185125207885e-13 -1.129119788548065e-5
17870 49.54125023291319 0.0028191354158172187 0.010965652591514354 0.024272747151778074 8.93951579428176e-13 -1.118362511916618e-5
17880 49.56942843853763 0.0028169753434649607 0.010965272626764807 0.026261982597639122 8.946732243941824e-13 -1.1176718988290674e-5
17890 49.597599401805255 0.0028177089417790427 0.010989838878102644 0.0260252548890767 8.951728247552637e-13 -1.1278979596421324e-5
17900 49.625790420104344 0.002820170860293258 0.011005415057715346 0.026234296626893916 8.95672425116345e-13 -1.1311340135334788e-5
17910 49.653995614888 0.0028202690843740492 0.010993451039483544 0.024454658785331262 8.963940700823514e-13 -1.1211496505524748e-5
17920 49.682185856947356 0.002817914061923949 0.010982119591839045 0.025402151220991764 8.965606035360452e-13 -1.1141566985873284e-5
17930 49.71035815132263 0.0028171745130730758 0.010998814166912363 0.026729675211963344 8.974487819557453e-13 -1.1215220557881603e-5
17940 49.73854061413419 0.0028193723921321133 0.011023562778107832 0.026728662839437645 8.975598042582078e-13 -1.1307706041685083e-5
17950 49.76674490619441 0.002820864540321198 0.011022985342446561 0.02572819928902581 8.983924715266767e-13 -1.1267646089468627e-5
17960 49.79494648070281 0.0028191979475288365 0.011006523816511144 0.02452117602689552 8.988365607365267e-13 -1.1171771973194467e-5
17970 49.823126168851914 0.0028172778674010893 0.01101032555623633 0.02654504882546882 8.992806499463768e-13 -1.1191739658298316e-5
17980 49.851302644826895 0.0028184251115569194 0.011035822399603774 0.02585543134118673 8.996692280049956e-13 -1.1300004459364322e-5
17990 49.879500740052656 0.00282077379651938 0.011047139824821148 0.02582690265098453 9.005574064246957e-13 -1.1314282483499363e-5
18000 49.90770945199295 0.002820422662519537 0.011031948334515207 0.02460497667403605 9.00834962180852e-13 -1.1204022890505924e-5
18010 49.93590055122456 0.0028180435732369827 0.01102233667694908 0.026258921888204223 9.013345625419333e-13 -1.1142034924388433e-5
18020 49.96407645078978 0.002817744971361054 0.011040966565919656 0.026399087016233058 9.017231406005521e-13 -1.1213189908533543e-5
18030 49.99226600997994 0.0028201038032372268 0.011062874053695068 0.02687052456195238 9.022227409616335e-13 -1.1275278575588342e-5
18033 50.0 0.002093089323324193 0.011064539823310682 0.026444991199671586 9.02555807869021e-13 -1.1268730860681058e-5
