#timestep time dt l2_scalar linf_scalar cons_scalar dsdu_ut 
0 0.0 1.0 1.1913659780457615e-17 1.8041124150158794e-16 0.0 2.280746972034176e-16
10 0.026077168467497365 0.0026360069910608265 5.715395559541822e-5 0.00020833354970717366 1.6653345369377348e-16 -6.209179358089775e-9
20 0.05288343108762136 0.0026932854055624566 0.00010250506198270881 0.0004052840701550542 7.771561172376096e-16 -5.4794114194513424e-8
30 0.07989289068454357 0.0027102840408086888 0.00013858484649307187 0.0005916524739785212 1.4432899320127035e-15 -1.1934056225187285e-7
40 0.10703868865150398 0.0027143942408647303 0.00015787708494121143 0.0007030463525541375 2.1649348980190553e-15 -1.955204829109124e-7
50 0.1341595051678829 0.002711429734842317 0.00015542017733227367 0.0006534076753309526 2.3869795029440866e-15 -2.1886751208097638e-7
60 0.16129104724767762 0.002714521907886869 0.00014806607459532067 0.0005118458630513079 2.9976021664879227e-15 -1.732516549953686e-7
70 0.1884381714502739 0.002714673084884076 0.0001485129009650783 0.0004596189227127345 3.4416913763379853e-15 -1.601446494419454e-7
80 0.21559174226554795 0.0027158613563101892 0.00015404567807466183 0.0005706876183062537 3.83026943495679e-15 -1.7283914283087597e-7
90 0.2427392443185129 0.0027132859561517374 0.00015207479456558497 0.0006544815097627721 4.440892098500626e-15 -1.9466256138614543e-7
100 0.2698648637643417 0.0027129114955279864 0.00014034030942211895 0.0005499086924425356 5.051514762044462e-15 -1.7359643855806121e-7
110 0.29700672179486165 0.0027149109938694894 0.000134511953311711 0.00048826640111481606 5.218048215738236e-15 -1.3462527368845317e-7
120 0.32415866501588886 0.0027155285260259017 0.0001408819312065647 0.0005056632912561199 5.828670879282072e-15 -1.429736889357533e-7
130 0.3513158659209879 0.0027153119613354242 0.00014774273626132708 0.0005825188625420141 6.38378239159465e-15 -1.726741054950548e-7
140 0.3784531295482262 0.0027126351456525457 0.00014277343467661885 0.0005949524572351761 6.827871601444713e-15 -1.8903023209573822e-7
150 0.4055834586227557 0.0027139004448239654 0.00013276342286360195 0.0004614348616150954 7.327471962526033e-15 -1.5426898554785073e-7
160 0.43273178380990446 0.0027153116872565253 0.00013293218604672275 0.00041811011923165164 7.771561172376096e-15 -1.325142460952694e-7
170 0.4598888010906674 0.0027159531223867523 0.00014221014671695977 0.0005022945210932939 8.1601392309949e-15 -1.521457116335223e-7
180 0.48704136272377524 0.0027141848268467687 0.0001451681464360555 0.0006142057956124436 8.826273045769994e-15 -1.8196216686671915e-7
190 0.5141719718788759 0.0027127689218107067 0.0001363487421292306 0.0005549938889415351 9.270362255620057e-15 -1.7576718582901565e-7
200 0.5413094666426852 0.0027146713265520828 0.0001290637277644827 0.000402364556648771 9.658940314238862e-15 -1.3754543616052717e-7
210 0.5684631855911692 0.002715788788042214 0.00013453385240853782 0.0004349959933782621 9.936496070395151e-15 -1.3441535435740337e-7
220 0.5956222542833196 0.002715645664139716 0.00014337355316041474 0.000564262555296069 1.0658141036401503e-14 -1.6463807454153434e-7
230 0.6227658182495203 0.0027132345279758984 0.00014135813849097448 0.0006095884203928259 1.1324274851176597e-14 -1.8666000384422177e-7
240 0.6498955842506238 0.0027133855558430665 0.00013103989191559255 0.0004958827003090915 1.1657341758564144e-14 -1.6119642997670935e-7
250 0.6770405543922903 0.0027153028615607244 0.0001288632712577551 0.00039192139932497927 1.199040866595169e-14 -1.3039189731330753e-7
260 0.704198899463995 0.00271608530377716 0.0001382779037093558 0.00046622132694373875 1.2656542480726785e-14 -1.4218439399254698e-7
270 0.7313548006025662 0.0027147674736978434 0.00014452386231023464 0.0006023647218829087 1.2989609388114332e-14 -1.733321855977273e-7
280 0.7584899931857755 0.0027128521602904914 0.00013850430023497142 0.0005791983802232448 1.3655743202889425e-14 -1.7487223239842468e-7
290 0.7856237256845459 0.0027141792021630876 0.00013046683559956148 0.00044126104763508867 1.404432126150823e-14 -1.371907350012952e-7
300 0.8127756986794502 0.0027158457020587845 0.00013449431075756338 0.0005159711664510791 1.454392162258955e-14 -1.211475203704524e-7
310 0.8399362642840399 0.002715908173792947 0.00014501547032469064 0.0005397224790325561 1.5210055437364645e-14 -1.4809288594830826e-7
320 0.867084680715792 0.002713777276448343 0.00014649812905732888 0.0006165460590277227 1.532107773982716e-14 -1.7841892487844717e-7
330 0.8942155051478752 0.002713060999920265 0.0001374276785282234 0.0005336962959339719 1.582067810090848e-14 -1.6734199224460584e-7
340 0.9213560253533932 0.002714981547799269 0.00013217863133448412 0.0004746442457516098 1.6431300764452317e-14 -1.3871292964372925e-7
350 0.9485138435574081 0.002716185506912584 0.00013883247836507287 0.0006099095892908579 1.6653345369377348e-14 -1.4749581086521288e-7
360 0.9756725423723757 0.0027152287362687978 0.00014503031564727968 0.0006352542270996464 1.7708057242771247e-14 -1.8468760795696324e-7
370 1.0028122733806528 0.0027130945345502934 0.00013910239632643347 0.0005841873350731497 1.7930101847696278e-14 -1.9771989788296961e-7
380 1.0299437592736582 0.0027136859639854604 0.00012736916803372984 0.0004784978388758243 1.815214645262131e-14 -1.639078946198652e-7
390 1.0570920973343796 0.0027156896245907583 0.00012646794749530978 0.0004020869229633961 1.8762769116165146e-14 -1.344949270054714e-7
400 1.084253344171827 0.0027161388985567523 0.00013643256740824547 0.0004980969841853478 1.9539925233402755e-14 -1.4814772484506462e-7
410 1.1114060193008037 0.0027142913718449374 0.00014066887818386004 0.0006048075396665187 1.9984014443252818e-14 -1.7500153086283875e-7
420 1.1385391785361498 0.0027129365930887387 0.00013346308158473675 0.0005537685240852852 2.0261570199409107e-14 -1.657284976274425e-7
430 1.1656755868551791 0.0027145176215642368 0.00012737006184697602 0.0003952014114375624 2.0761170560490427e-14 -1.293224448126276e-7
440 1.192831176950827 0.0027161785972753916 0.0001342884131525394 0.0004389475730112169 2.1316282072803006e-14 -1.2316594580445977e-7
450 1.2199921079132703 0.0027156334363497327 0.00014433372850113937 0.0005642946716396535 2.1926904736346842e-14 -1.5696872237146056e-7
460 1.2471364327417194 0.0027134492237363664 0.00014323617187462603 0.0006091665740087793 2.2370993946196904e-14 -1.8105930737739948e-7
470 1.2742672767693086 0.0027132967110832656 0.00013336607345713775 0.0005057884737701968 2.2870594307278225e-14 -1.6010158269941753e-7
480 1.30141120563806 0.0027153605935872627 0.00013043860810348578 0.0003987708701682635 2.3314683517128287e-14 -1.3166880532449257e-7
490 1.3285719099040096 0.0027163044493082314 0.00013921281385591446 0.0004941937377269667 2.3814283878209608e-14 -1.4406536829464356e-7
500 1.3557283864340632 0.002714791085585116 0.00014484728229556047 0.0005911954887231063 2.4480417692984702e-14 -1.7933446275295722e-7
510 1.3828648564693673 0.0027129905689922905 0.00013825109165468302 0.0005730940456571965 2.4924506902834764e-14 -1.830294394013915e-7
520 1.4099981455167125 0.002714027758403226 0.00012888025950968775 0.0004412231574327796 2.5368596112684827e-14 -1.4869365167098636e-7
530 1.4371502182087545 0.0027160300163716015 0.0001314959659658506 0.0004183944769343695 2.5757174171303632e-14 -1.3097983388686563e-7
540 1.464312504336809 0.002715983205661073 0.00014147804369572242 0.0005260238548797647 2.6367796834847468e-14 -1.56473577508226e-7
550 1.4914614277744564 0.00271387949058576 0.00014249274175298486 0.0006031262780682445 2.6867397195928788e-14 -1.84063415910405e-7
560 1.518593121561375 0.0027130512982556716 0.000132926699424681 0.0005279897516068388 2.7422508708241367e-14 -1.688824713651227e-7
570 1.5457326682573818 0.0027149181005065083 0.00012716007712515492 0.00037949616833887756 2.7644553313166398e-14 -1.347013894609922e-7
580 1.5728915006382174 0.002716361802332906 0.0001346590685811248 0.0004496885930213024 2.836619827917275e-14 -1.359173924572049e-7
590 1.6000511658494323 0.002715269206405815 0.0001425574817948961 0.0005738964005621572 2.8754776337791554e-14 -1.7045110750624204e-7
600 1.6271916785806722 0.002713195542349182 0.00013857728191339597 0.0005889301680775949 2.936539900133539e-14 -1.838512225585398e-7
610 1.6543231383209815 0.0027135860529372796 0.00012856640519096887 0.0004673759278876477 2.9976021664879227e-14 -1.5432706955333803e-7
620 1.6814709163319377 0.0027157395870552295 0.00012877446434502937 0.00040413415866125124 3.008704396734174e-14 -1.2875101671784572e-7
630 1.708633398028443 0.0027162517526211523 0.0001393153140956568 0.000490184298186036 3.091971123581061e-14 -1.4669639042462317e-7
640 1.7357867421708735 0.0027143584458924706 0.000143931468120175 0.0005973320050137731 3.136380044566067e-14 -1.7870481835329573e-7
650 1.7629205981369287 0.0027129616894435897 0.00013673818937353047 0.0005525433455131346 3.191891195797325e-14 -1.7255118309135366e-7
660 1.790056348363995 0.0027144262212984416 0.00012985008818474527 0.00041084244222677757 3.241851231905457e-14 -1.3686495819966902e-7
670 1.8172121092344535 0.0027162857089146827 0.00013560761020428572 0.00046288094377855415 3.302913498259841e-14 -1.277359316644521e-7
680 1.8443740841984104 0.002715706159772322 0.00014497919401856223 0.0005539907318943271 3.3362201889985954e-14 -1.5953273276462645e-7
690 1.8715191044948536 0.002713526131927137 0.0001434259776311999 0.0006017387876413594 3.397282455352979e-14 -1.8289398433131584e-7
700 1.8986501433871532 0.0027132435400913603 0.00013264759652163963 0.000505070235185423 3.452793606584237e-14 -1.6234729091744117e-7
710 1.9257933756996768 0.002715336539220483 0.00012820898792061222 0.0003914820809877151 3.4638958368304884e-14 -1.33391958214744e-7
720 1.9529547638075468 0.0027164119504821294 0.00013596492479845093 0.0005142071313801733 3.5416114485542494e-14 -1.4454084593470315e-7
730 1.980112082839553 0.00271486065344972 0.00014115523630132252 0.0005795574227580591 3.608224830031759e-14 -1.8024888362025834e-7
740 2.0072491996889075 0.002713030555553906 0.00013433096910099842 0.0005665742024951737 3.6137759451548845e-14 -1.8450960809088e-7
750 2.0343821305087353 0.0027139460938079593 0.00012479496670464592 0.0004483277031941957 3.697042672001771e-14 -1.499680058297268e-7
760 2.0615339109270083 0.0027160725392117195 0.0001281712851842137 0.00040857279524852963 3.735900477863652e-14 -1.2978115054209153e-7
770 2.0886970677935373 0.00271607375597679 0.00013973139255144595 0.0005152673769767135 3.785860513971784e-14 -1.5331998362692433e-7
780 2.115846758911619 0.002713950901221384 0.0001427285277063072 0.0005943522795684997 3.835820550079916e-14 -1.8082786517396405e-7
790 2.1429787887264737 0.0027130323615092164 0.000134811015795082 0.000525387236967878 3.885780586188048e-14 -1.6644842850578976e-7
800 2.170117721304349 0.0027148621182086882 0.0001299494169683965 0.00038217828188280567 3.9190872769268026e-14 -1.323310404127163e-7
810 2.197276766817164 0.0027164403540738914 0.00013758379499180176 0.0004702826471948418 3.980149543281186e-14 -1.3260369137932778e-7
820 2.2244373130593385 0.0027153509403115474 0.00014548166805358577 0.0005718424690615009 4.035660694512444e-14 -1.677459336393741e-7
830 2.251578515486046 0.002713245313475292 0.0001414196933832058 0.0005910782666679326 4.085620730620576e-14 -1.829803131071046e-7
840 2.278709857065458 0.002713525291757527 0.00013072807169245743 0.0004752538908481263 4.1466829969749597e-14 -1.5514316117860513e-7
850 2.3058571416447315 0.002715734701844305 0.00012949480297457238 0.00041096656260619646 4.168887457467463e-14 -1.2951449600978604e-7
860 2.3330202074438886 0.0027163407966491575 0.00013891525106477057 0.0004877152268867313 4.2243986086987206e-14 -1.4715379467126338e-7
870 2.3601744017878143 0.002714435777512599 0.00014289257477108824 0.0005889032744993417 4.2743586448068527e-14 -1.8040328849788095e-7
880 2.3873087215367796 0.002712967280755568 0.00013498821752036072 0.0005497342845631747 4.3298697960381105e-14 -1.7609080752573059e-7
890 2.4144440121128588 0.0027143619107256292 0.0001271084863699995 0.00041787933200893024 4.374278717023117e-14 -1.410572514713021e-7
900 2.4415996412139687 0.00271632709615219 0.00013235983144305468 0.00042826577140742117 4.4297898682543746e-14 -1.306552164064001e-7
910 2.468762399061685 0.002715795044445838 0.00014216628819387035 0.0005398695606411152 4.4853010194856324e-14 -1.612788820123598e-7
920 2.4959081981604414 0.002713586567697989 0.00014135551372103692 0.0005908031612480436 4.524158825347513e-14 -1.8421791658849822e-7
930 2.5230393317778033 0.002713205586247832 0.00013133242840813726 0.0004999365820855806 4.5852210917018965e-14 -1.628660440409005e-7
940 2.550182032161453 0.002715301578279576 0.00012768845465339153 0.00039469502321942684 4.6129766673175254e-14 -1.314486807579146e-7
950 2.577343693872005 0.0027164834970013554 0.0001365805159893983 0.0004677129132755198 4.6906922790412864e-14 -1.397540026690236e-7
960 2.6045018744357655 0.002714945820705588 0.0001429427724075916 0.0005769373670962974 4.723998969780041e-14 -1.74800783514506e-7
970 2.6316395869376055 0.0027130561527388586 0.00013718090586745598 0.0005688408002720857 4.773959005888173e-14 -1.8059363367586845e-7
980 2.6587722422178652 0.0027138870751991988 0.00012790236840589346 0.0004473438263186691 4.8183679268731794e-14 -1.4784423630048033e-7
990 2.6859236804083437 0.0027160803988460313 0.000130662948208253 0.00041542720395193466 4.873879078104437e-14 -1.2837512969278084e-7
1000 2.713087431176926 0.002716160270447396 0.0001415372790491328 0.0005089068477520664 4.9460435747050724e-14 -1.5284880549074585e-7
1010 2.740237970077155 0.0027140231672082692 0.00014436991499742027 0.0005901258976758195 5.007105841059456e-14 -1.8241217791185697e-7
1020 2.7673702839963923 0.00271301665136725 0.00013629667465888778 0.0005268157333888079 5.0182080713057076e-14 -1.6995111252123842e-7
1030 2.7945087360505445 0.002714811996922427 0.0001310381172773671 0.0003886657343645794 5.079270337660091e-14 -1.3582955656559577e-7
1040 2.8216677803225645 0.00271648733657064 0.000138242492342817 0.00048068469271833614 5.134781488891349e-14 -1.3457199703062142e-7
1050 2.848829118711849 0.0027154412746041934 0.00014602405178684263 0.0005629456022752111 5.218048215738236e-14 -1.6881386723719505e-7
1060 2.875971042365974 0.0027132902216574204 0.00014167964260884198 0.000586214309173938 5.262457136723242e-14 -1.8433086920786203e-7
1070 2.9031023040806465 0.0027134788104567122 0.00012986772686929157 0.0004757312855781515 5.3013149425851225e-14 -1.5640921667089088e-7
1080 2.9302491380058338 0.002715715429730159 0.00012687143342687422 0.00041320076830797525 5.362377208939506e-14 -1.291089132802015e-7
1090 2.957412561150412 0.002716415042516226 0.00013523924709956878 0.000487842507706282 5.4012350148013866e-14 -1.4488651985465587e-7
1100 2.98456762135944 0.0027145187033723733 0.00013892087473149503 0.000575681641821979 5.434541705540141e-14 -1.7794001609506264e-7
1110 3.0117024064046407 0.0027129738931164155 0.00013114893242758624 0.000541628076570988 5.5011550870176507e-14 -1.7471695320447834e-7
1120 3.038837332004851 0.0027143077249439517 0.0001238753631603217 0.00041995505754494067 5.540012892879531e-14 -1.4013200714851884e-7
1130 3.0659927426591955 0.0027163468672487126 0.00013075763050424084 0.0004213922664011438 5.589972928987663e-14 -1.2917880453086768e-7
1140 3.0931561446678018 0.002715882900469623 0.00014270716804258552 0.0005310662952592304 5.6565863104651726e-14 -1.5995662490513302e-7
1150 3.1203027529359098 0.002713647625623386 0.00014407612028695654 0.0005851180688117852 5.678790770957676e-14 -1.8453535227138577e-7
1160 3.147434008711503 0.0027131759027045964 0.00013569710158717877 0.0004998098459831346 5.745404152435185e-14 -1.647910838030004e-7
1170 3.174576243212325 0.002715263671097436 0.00013252440354866 0.00039766310921052206 5.800915303666443e-14 -1.3324494988123037e-7
1180 3.2017380262027895 0.002716538209294243 0.00014081185319685986 0.0004923165936780993 5.845324224651449e-14 -1.4048925146810327e-7
1190 3.2288970232560414 0.002715034151049602 0.00014660250339882123 0.0005766570929089943 5.88418203051333e-14 -1.7540460116340886e-7
1200 3.2560353519527347 0.00271308312030614 0.0001401056458160532 0.000573177841098893 5.956346527113965e-14 -1.8210610568288044e-7
1210 3.2831677948417255 0.0027138366904833813 0.0001293998096152804 0.00045364516750545647 5.98965321785272e-14 -1.4949407016896094e-7
1220 3.3103188714844216 0.002716075185240838 0.00013023937906326777 0.0004238439841612873 6.039613253960852e-14 -1.286429848110747e-7
1230 3.3374830795486097 0.002716239421801895 0.000139790533100611 0.0004984493888163799 6.084022174945858e-14 -1.5181336235521592e-7
1240 3.364634472098282 0.002714098157140583 0.00014181555558165511 0.0005816011974774105 6.13398221105399e-14 -1.8156330493929174e-7
1250 3.3917671024210843 0.002713006520945412 0.0001328233321557045 0.0005235418943923542 6.183942247162122e-14 -1.6991714244483924e-7
1260 3.4189051364697436 0.002714763680957406 0.00012674871172852604 0.0003925326019008635 6.233902283270254e-14 -1.3538076254482334e-7
1270 3.4460640854576368 0.0027165193377627545 0.00013408952369933853 0.00044806162485144796 6.283862319378386e-14 -1.3278377294922983e-7
1280 3.4732261326102583 0.0027155305233422067 0.00014303630037487556 0.0005487193410889102 6.328271240363392e-14 -1.6667263562798046e-7
1290 3.500368796913284 0.002713337895723448 0.00014028018005806303 0.0005756862379062699 6.372680161348399e-14 -1.8346061323225662e-7
1300 3.527500034118499 0.0027134398697545212 0.000130182248663284 0.0004774119330850368 6.428191312579656e-14 -1.567784304228395e-7
1310 3.5546464372089486 0.0027156900668917627 0.00012880344519989494 0.0004111345342844297 6.467049118441537e-14 -1.2936077800965173e-7
1320 3.5818101049065962 0.002716478947306013 0.00013855113574238112 0.00048350030808952393 6.539213615042172e-14 -1.4473620259594644e-7
1330 3.6089659996206604 0.0027146027393203276 0.00014310353517592734 0.0005759369198026221 6.55586696041155e-14 -1.785484778655394e-7
1340 3.6361012778407162 0.0027129849421134223 0.00013579146925051712 0.0005468903153726945 6.63358257213531e-14 -1.7671043525419733e-7
1350 3.6632358969604084 0.0027142578258102746 0.00012768034611225978 0.00042702425910323694 6.689093723366568e-14 -1.4216234134854788e-7
1360 3.6903910485809184 0.002716356316485088 0.00013281819471042957 0.0004227700886670904 6.716849298982197e-14 -1.2971922813687087e-7
1370 3.7175550067893655 0.0027159667678675796 0.00014345805037381556 0.0005237797363264463 6.766809335090329e-14 -1.5938377193004324e-7
1380 3.7447024282081722 0.0027137116673554727 0.00014433065957840656 0.0005805395126758928 6.822320486321587e-14 -1.8446192590331357e-7
1390 3.7718338508182194 0.0027131523381073745 0.00013569568336592808 0.000500383185747244 6.894484982922222e-14 -1.6568268521079403e-7
1400 3.79897565022789 0.002715223604358608 0.00013236866316798827 0.0004144310275540075 6.916689443414725e-14 -1.3389779005446457e-7
1410 3.8261374715836904 0.002716582758952707 0.00014074958409933502 0.0004927883825467383 6.955547249276606e-14 -1.402481266080547e-7
1420 3.8532972349838066 0.00271512206753884 0.00014683360737168807 0.0005679144760715182 7.011058400507864e-14 -1.7514613516036577e-7
1430 3.8804362073352294 0.002713114717707548 0.00014011989401573676 0.00056863580249078 7.072120666862247e-14 -1.8267772166390097e-7
1440 3.907568495569956 0.0027137913585518598 0.0001281735808400641 0.00045737407477786096 7.122080702970379e-14 -1.4988083198237723e-7
1450 3.9347191981535277 0.002716062797173262 0.00012715279409170489 0.0004187507550620362 7.172040739078511e-14 -1.2718924943713445e-7
1460 3.9618837751995954 0.0027163116152207397 0.0001357272332710113 0.0005163301979720369 7.233103005432895e-14 -1.4865386513144365e-7
1470 3.9890360028931386 0.0027141746761969537 0.000137525915875491 0.0005641662507481771 7.288614156664153e-14 -1.7853675280964735e-7
1480 4.01616899133087 0.0027130021523739897 0.0001288093241185898 0.0005109760340522018 7.316369732279782e-14 -1.6823778557787887e-7
1490 4.043306651837418 0.0027147163027592403 0.00012369710448161732 0.0003934313966147407 7.360778653264788e-14 -1.3439076497188062e-7
1500 4.0704654527716775 0.0027165424916262225 0.00013312089824015234 0.00042279539698397706 7.399636459126668e-14 -1.318298848011256e-7
1510 4.097628143333685 0.0027156167073420657 0.00014447815418135743 0.0005447710888469848 7.444045380111675e-14 -1.6657835377297255e-7
1520 4.124771557333759 0.00271338908384467 0.00014394747484278633 0.0005752992858240047 7.527312106958561e-14 -1.8538604748230316e-7
1530 4.151902821805761 0.002713406347085761 0.00013543091831446415 0.00048533216431462245 7.571721027943568e-14 -1.6012248475212565e-7
1540 4.179048803377329 0.0027156607033980112 0.0001342728285079358 0.0004193867492058301 7.6216810640517e-14 -1.3222303846180587e-7
1550 4.2062126412869905 0.002716535092506279 0.00014318159838073373 0.0004968866992841603 7.671641100159832e-14 -1.463891716800927e-7
1560 4.233369334209146 0.0027146865542013207 0.00014702441064224627 0.0005785552648908121 7.721601136267964e-14 -1.7996737864222462e-7
1570 4.260505135256254 0.002713000909840935 0.0001387110599680885 0.0005541433213474001 7.771561172376096e-14 -1.7866470600289702e-7
1580 4.287639494820657 0.0027142104565170415 0.00012884302263205426 0.00043342912268884426 7.799316747991725e-14 -1.4362568975649116e-7
1590 4.31479435754008 0.002716358701249049 0.0001318992710612702 0.0004366155539576866 7.860379014346108e-14 -1.2937285116592853e-7
1600 4.341958802827471 0.002716045876596 0.00014114583184239143 0.0005143270592141702 7.91033905045424e-14 -1.5758959734032962e-7
1610 4.369107030846893 0.002713778176019439 0.00014106010547712842 0.0005703554823049961 7.971401316808624e-14 -1.826947059017925e-7
1620 4.396238665723529 0.002713134455746239 0.00013130909111663586 0.0005019510172573072 8.01581023779363e-14 -1.6428866974824152e-7
1630 4.423380053703558 0.002715182177228061 0.00012720278512532405 0.0003938140109196464 8.071321389024888e-14 -1.3168937449542506e-7
1640 4.45054185366878 0.00271661957024703 0.00013607047614124572 0.0004688729139454839 8.104628079763643e-14 -1.3682560812133815e-7
1650 4.477702333510556 0.002715208095128268 0.00014371311573834576 0.0005532608582210496 8.1601392309949e-14 -1.7201243130218757e-7
1660 4.504841968362863 0.002713150705981488 0.00013895223177157477 0.0005578920038940005 8.215650382226158e-14 -1.8157729554245557e-7
1670 4.531974153423128 0.0027137501621693587 0.0001292186883989854 0.0004612629759564446 8.26561041833429e-14 -1.5066234805918843e-7
1680 4.559124475942438 0.0027160455558589945 0.00013014404492541734 0.00042236829189756797 8.298917109073045e-14 -1.2858817569072478e-7
1690 4.586289355101601 0.0027163776601067434 0.00014019715413751617 0.000497192803734281 8.359979375427429e-14 -1.504359787591475e-7
1700 4.613442392313632 0.002714251723167116 0.00014288407736386642 0.0005712807648011742 8.404388296412435e-14 -1.8146951921184373e-7
1710 4.6405757738287 0.0027130029253384165 0.0001343172264687275 0.0005230423011665097 8.471001677889944e-14 -1.7214508608691392e-7
1720 4.667713098709923 0.0027146699358880704 0.0001277942236679282 0.00040296862491290275 8.520961713998076e-14 -1.3739563143200934e-7
1730 4.694871716823254 0.002716559317756609 0.00013501165373767926 0.00043036713604693855 8.570921750106208e-14 -1.3250078252820263e-7
1740 4.722034996757765 0.00271569951883244 0.00014489366637000556 0.0005346668510606278 8.609779555968089e-14 -1.6561910336134605e-7
1750 4.749179162734307 0.002713443113866503 0.00014372944848823366 0.0005682703543348211 8.659739592076221e-14 -1.8452597253535222e-7
1760 4.776310498500843 0.0027133772339310433 0.00013492760315254849 0.0004876676011909553 8.715250743307479e-14 -1.5975214233507774e-7
1770 4.803456068434909 0.0027156287404512167 0.00013373444299237143 0.00046013665527533387 8.787415239908114e-14 -1.3135802726758493e-7
1780 4.830620022429866 0.0027165853153114984 0.00014297236062253514 0.0005024309893757462 8.837375276016246e-14 -1.448268377546925e-7
1790 4.857777481222145 0.002714769917725041 0.00014726029084941275 0.0005688768920616427 8.876233081878127e-14 -1.788597782651718e-7
1800 4.884913832874094 0.0027130215452895036 0.0001386935450810266 0.000548719740067205 8.915090887740007e-14 -1.7872003473476055e-7
1810 4.912047975626016 0.0027141654071645995 0.00012751686972922434 0.00043654600380138575 8.987255384340642e-14 -1.436850327190706e-7
1820 4.939202529040444 0.00271635572783986 0.00012876847178326672 0.00047648607365069484 9.009459844833145e-14 -1.2801946866968683e-7
1830 4.966367404433065 0.002716120490317262 0.00013713189356315416 0.0005690311651523894 9.076073226310655e-14 -1.5523903803217956e-7
1840 4.993516428469801 0.0027138464483848182 0.00013682109003619163 0.0005486803006309326 9.131584377541913e-14 -1.8103217789649815e-7
1850 5.020648316279098 0.0027131214869207643 0.00012733175605122564 0.000504470067603735 9.170442183403793e-14 -1.6394139859638268e-7
1860 5.04778931805748 0.002715140398056961 0.00012432723005980942 0.0003675291078735765 9.220402219511925e-14 -1.3163553197782825e-7
1870 5.074951054586608 0.002716651026583308 0.00013536289967005046 0.0004333297174154982 9.270362255620057e-14 -1.3645425181082133e-7
1880 5.10211220834286 0.0027152922551538687 0.0001453523067734182 0.0005626527764339695 9.331424521974441e-14 -1.7223675553969757e-7
1890 5.129252518417972 0.002713190255125942 0.00014279621606820385 0.0005628352544998494 9.381384558082573e-14 -1.8338173761163925e-7
1900 5.156384643530081 0.002713712382632823 0.0001345242745272776 0.0004683414620091364 9.425793479067579e-14 -1.53259622416626e-7
1910 5.183534582354824 0.0027160245099648287 0.00013560796895400638 0.0004422815675588776 9.475753515175711e-14 -1.3032352715374723e-7
1920 5.21069970932022 0.002716438462898711 0.0001449168220405731 0.0005035944970155359 9.514611321037592e-14 -1.5104579081656538e-7
1930 5.237853532189729 0.0027143290507328542 0.00014694045447111786 0.0005806857965626744 9.564571357145724e-14 -1.8215567783335567e-7
1940 5.264987337086263 0.0027130082195452893 0.0001373927476260513 0.0005329993534261002 9.614531393253856e-14 -1.7348183477272367e-7
1950 5.29212435969322 0.0027146245268365693 0.00012908003681278104 0.0004083336200854104 9.664491429361988e-14 -1.3823533907180233e-7
1960 5.319282765717876 0.0027165707547134204 0.0001342609537177954 0.0004623568468985484 9.725553695716371e-14 -1.3176656522796357e-7
1970 5.346446586476422 0.002715779010442964 0.00014277026105654234 0.0005332548814637184 9.764411501578252e-14 -1.6394895475425886e-7
1980 5.373591503238223 0.0027134994214344614 0.00014055385372588235 0.0005562417800741848 9.81992265280951e-14 -1.83288860401698e-7
1990 5.400722949147423 0.0027133520354218296 0.0001305352490460943 0.0004911985051551104 9.85878045867139e-14 -1.5892483930420032e-7
2000 5.427868118008384 0.002715594688866674 0.0001285315765239703 0.00041133047065222694 9.914291609902648e-14 -1.2970007321790045e-7
2010 5.45503214219072 0.0027166302812616397 0.00013836385210222316 0.0004886354065516407 9.958700530887654e-14 -1.4216967339671094e-7
2020 5.4821903361109054 0.0027148526798687006 0.00014426223758615237 0.0005538777466691513 1.0008660566995786e-13 -1.767558196258054e-7
2030 5.50932726117637 0.0027130463949589802 0.00013764170656679304 0.0005377705851983272 1.0047518372857667e-13 -1.78510279853078e-7
2040 5.536461226900659 0.0027141227107380867 0.0001287546287416171 0.00044109505951567263 1.010858063921205e-13 -1.448031726070803e-7
2050 5.563615456988377 0.002716348297358175 0.00013195507033844468 0.0004314526609388025 1.0158540675320182e-13 -1.2922386708781597e-7
2060 5.590780711356002 0.002716190747663048 0.00014181779628664171 0.0005088713454165505 1.0202949596305189e-13 -1.5655572372340332e-7
2070 5.617930518596632 0.002713915998759103 0.00014246866990669062 0.0005632064126417369 1.0275114092905824e-13 -1.833398428560673e-7
2080 5.645062696418666 0.002713113134258002 0.0001330433486500189 0.0005126738534739217 1.0297318553398327e-13 -1.669652225748386e-7
2090 5.672203339243832 0.002715098660149358 0.00012849673670049363 0.0003754200042449529 1.0375034165122088e-13 -1.3364048172346404e-7
2100 5.699364978984384 0.002716677371242675 0.00013736073975347793 0.00044561232971196407 1.038613639536834e-13 -1.3643650910791227e-7
2110 5.726526765351342 0.0027153744481874117 0.0001460089039755803 0.0005476455464594743 1.0441647546599597e-13 -1.7116370164770543e-7
2120 5.753667757671596 0.002713233525355574 0.00014284563109312695 0.0005530652476609665 1.0497158697830855e-13 -1.8270302965894911e-7
2130 5.780799862080567 0.0027136781836962945 0.0001342719107121561 0.00047134013317212675 1.053046538856961e-13 -1.5285722027580926e-7
2140 5.807949421492258 0.0027160009834286355 0.00013533336189391714 0.0005030416426350381 1.0580425424677742e-13 -1.2910758885929476e-7
2150 5.835114755373878 0.0027164950194330196 0.00014499073177277343 0.0005220500769104186 1.0658141036401503e-13 -1.4909080684319153e-7
2160 5.86226934420415 0.002714406595676719 0.0001473592380933106 0.0005750099319067337 1.0708101072509635e-13 -1.8085204913827967e-7
2170 5.889403599917801 0.0027130175804766553 0.00013745496433326083 0.0005281538169755184 1.0735856648125264e-13 -1.735107162977321e-7
2180 5.9165403514944845 0.0027145803166647633 0.00012776772781797794 0.00041183173555170427 1.078026556911027e-13 -1.38515364609311e-7
2190 5.943698524171709 0.0027165778691511304 0.00013129917384883686 0.0005377696192490067 1.0841327835464654e-13 -1.312208553871148e-7
2200 5.970862844496968 0.002715855598477017 0.00013902719682203798 0.0006148969282098182 1.0891287871572786e-13 -1.6317974465452966e-7
2210 5.998008510850508 0.002713557785538179 0.00013657916542315294 0.0005630758527196411 1.092459456231154e-13 -1.836047913371324e-7
2220 6.025140104352809 0.002713330661506479 0.0001267109231335872 0.0004963711284862726 1.0985656828665924e-13 -1.6021812532921067e-7
2230 6.052284886874497 0.002715559344012536 0.00012585378933913728 0.0003745829556466296 1.103006574965093e-13 -1.3053923287363385e-7
2240 6.079448944255015 0.00271667061773508 0.00013774845810025956 0.00048292013150830204 1.1085576900882188e-13 -1.4199249620274614e-7
2250 6.106607843726823 0.0027149344501436177 0.00014582312682404473 0.0005943206656762179 1.1146639167236572e-13 -1.7661033323712056e-7
2260 6.133745358879893 0.002713074755723598 0.0001413103236135029 0.0005720098674082408 1.11743947428522e-13 -1.7930309832498424e-7
2270 6.160879182173962 0.0027140823720102547 0.00013372122837856912 0.0004461900074010927 1.1224354778960333e-13 -1.4574414688360358e-7
2280 6.1880330789012215 0.0027163372345144193 0.00013704775592802846 0.0004618935192416407 1.1285417045314716e-13 -1.2905501304586803e-7
2290 6.21519866812419 0.0027162570577314036 0.00014636096679156976 0.0005403243631214583 1.1335377081422848e-13 -1.5554332786792732e-7
2300 6.242349245021696 0.0027139863580543044 0.00014651091517182816 0.0005978980216175822 1.1390888232654106e-13 -1.8288698843728097e-7
2310 6.26948174245341 0.0027131085936565984 0.00013621137086902002 0.0005281664568221878 1.1435297153639112e-13 -1.67455960471013e-7
2320 6.296622050670193 0.0027150571220935396 0.00012994427627827004 0.00039428418389364506 1.1485257189747244e-13 -1.338742629524315e-7
2330 6.323783566314711 0.0027166993222614328 0.00013693983373359926 0.000491576060338339 1.152966611073225e-13 -1.3562250251184307e-7
2340 6.35094594911648 0.002715454491334195 0.0001443274147579534 0.0005462458133992376 1.1590728377086634e-13 -1.7018789774583126e-7
2350 6.378087627410564 0.0027132793298327335 0.00014008118048748551 0.0005449729946561677 1.1629586182948515e-13 -1.8275438785908538e-7
2360 6.4052197427105835 0.002713647238836247 0.00013025012667434706 0.0004761113462060096 1.1679546219056647e-13 -1.5352979214691698e-7
2370 6.432368926063652 0.002715975531067509 0.00013053706737782095 0.0004279862574885218 1.172950625516478e-13 -1.290655105914973e-7
2380 6.459534430069674 0.0027165477182944002 0.00014082777050429144 0.0005061971190259973 1.1785017406396037e-13 -1.4822860731032728e-7
2390 6.486689767143719 0.0027144843231185533 0.00014460155186630518 0.0005583705962695085 1.1818324097134791e-13 -1.8048561848922964e-7
2400 6.513824497542296 0.0027130304964983606 0.00013649681161881982 0.0005334849651017493 1.187383524836605e-13 -1.743469750670884e-7
2410 6.540961006466691 0.002714537258789454 0.00012883271226040837 0.000417027372128842 1.191269305422793e-13 -1.3952395816994867e-7
2420 6.568118926448657 0.0027165809138416227 0.00013420198167885992 0.000440825437215131 1.197930643570544e-13 -1.3127242637356318e-7
2430 6.595283705943435 0.002715929256329514 0.00014340812407607445 0.0005270717861238783 1.201816424156732e-13 -1.627563300070356e-7
2440 6.622430119679524 0.0027136181058152946 0.00014192428026786147 0.000559763235135291 1.208477762304483e-13 -1.8395099875972987e-7
2450 6.649561895554609 0.0027133130796722915 0.00013210074623848993 0.0005015024928032297 1.2106982083537332e-13 -1.612753531823538e-7
2460 6.676706308637589 0.00271552314921377 0.00012983028324794124 0.0003915105603058411 1.2156942119645464e-13 -1.3096447458362664e-7
2470 6.703870365837736 0.0027167064080075784 0.0001398403810607644 0.0004621185631989988 1.2218004385999848e-13 -1.4127100506360242e-7
2480 6.731029938727509 0.002715014724875861 0.0001468726765491081 0.0005680379073912389 1.2273515537231106e-13 -1.758250851452165e-7
2490 6.758168055624593 0.0027131060710859287 0.00014185908638186006 0.0005482929816896798 1.2312373343092986e-13 -1.7940220084966454e-7
2500 6.785301770773604 0.0027140447712144934 0.00013394557808257113 0.0004506790531643712 1.2362333379201118e-13 -1.4598123413668768e-7
2510 6.8124553347883365 0.0027163239869087276 0.00013718368085260593 0.0005300440773774451 1.238453783969362e-13 -1.2818620072775188e-7
2520 6.839621225380191 0.002716320193955813 0.00014675049783826496 0.0005339641720704114 1.2445600106048005e-13 -1.5386791802123703e-7
2530 6.866772559263764 0.0027140572425067167 0.00014707087837125603 0.0005857193352882817 1.251776460264864e-13 -1.8193388856319857e-7
2540 6.893905400255765 0.002713107227013092 0.0001362504026982235 0.0005216157628840645 1.2551071293387395e-13 -1.6782297778823608e-7
2550 6.921045395630121 0.0027150159377281307 0.00012854000619375621 0.0004066163730884753 1.2612133559741778e-13 -1.345552410328558e-7
2560 6.948206765979359 0.002716717616593591 0.0001340874192370296 0.0005740656659367627 1.265099136560366e-13 -1.3585280431207669e-7
2570 6.97536971488822 0.0027155327320773377 0.0001408126723833333 0.000634341713499964 1.2706502516834917e-13 -1.7069691265773237e-7
2580 7.002512084390819 0.002713327398427209 0.00013637769781073872 0.000564248406702994 1.2756462552943049e-13 -1.8446660986582246e-7
2590 7.029644241864075 0.0027136192174302388 0.00012669295497246916 0.0004831694484078164 1.283417816466681e-13 -1.55753365352972e-7
2600 7.056793055006094 0.002715948666988609 0.00012812712792788236 0.00038928628053958025 1.2856382625159313e-13 -1.3017101412448328e-7
2610 7.083958695400438 0.0027165971306620483 0.0001403070877952835 0.0005201080170050831 1.2917444891513696e-13 -1.4785049313018577e-7
2620 7.1111147597833035 0.0027145618058073717 0.00014619666229953826 0.0006120235534174956 1.297850715786808e-13 -1.7982852385162353e-7
2630 7.138249982784645 0.0027130464277677225 0.00013998720523724582 0.0005683884093871105 1.301736496372996e-13 -1.7420648319568523e-7
2640 7.165386276126192 0.0027144955724436874 0.0001334522461039504 0.00042055185294753716 1.3078427230084344e-13 -1.390903300004425e-7
2650 7.192543930206516 0.00271658062082999 0.00013882169172086618 0.00047587216007527466 1.3117285035946225e-13 -1.2964023328288459e-7
2660 7.219709133206926 0.002716000082783084 0.00014760263250635088 0.0005686392769900239 1.3167245072054357e-13 -1.6061794824056338e-7
2670 7.246856288291649 0.002713679703454211 0.00014575799123617967 0.0006054202678068554 1.3217205108162489e-13 -1.8277095423978535e-7
2680 7.2739882740612565 0.002713298719337995 0.00013510649911640456 0.0005149520159610788 1.326716514427062e-13 -1.612027534541498e-7
2690 7.301132334315842 0.002715486607356727 0.00013116477308078422 0.0004141680793390279 1.3317125180378753e-13 -1.3078947742580296e-7
2700 7.328296365391578 0.0027167384717014 0.00013952247916901975 0.0005126052140045356 1.336153410136376e-13 -1.4051585377553022e-7
2710 7.355456584281075 0.0027150935833961847 0.00014546491319634216 0.0005500056701686074 1.3428147482841268e-13 -1.7557989685952624e-7
2720 7.382595310438771 0.0027131395944581696 0.00013939909076090613 0.0005497575151419132 1.34781075189494e-13 -1.8063628665423992e-7
2730 7.409728944033237 0.002714009298251474 0.000130258963532615 0.0004563766156737148 1.3522516439934407e-13 -1.479551106475102e-7
2740 7.436882174693927 0.0027163086823560377 0.00013286616140472933 0.0004437244897634862 1.3561374245796287e-13 -1.295195236131197e-7
2750 7.464048337082708 0.002716380583260138 0.0001431373650893608 0.00052092254879188 1.361133428190442e-13 -1.5450682320193587e-7
2760 7.49120041853812 0.002714128921314094 0.00014469957440158254 0.0005687055362668669 1.36501920877663e-13 -1.8291156405085204e-7
2770 7.518333625544013 0.0027131087899352124 0.00013550399783937453 0.0005275399440906603 1.3711254354120683e-13 -1.6925374804119264e-7
2780 7.545473326974542 0.002714974966123125 0.00012949952475703772 0.00038926685332846267 1.375566327510569e-13 -1.3508738873173332e-7
2790 7.572634530957711 0.002716732275703019 0.0001367049506686192 0.0004602908873373446 1.3800072196090696e-13 -1.3460403639267704e-7
2800 7.5997980154946045 0.0027156091353335234 0.00014479896408662755 0.0005502019295013927 1.387223669269133e-13 -1.686381480101723e-7
2810 7.626941081977814 0.0027133777426225076 0.00014127242572227296 0.0005616348049376496 1.389999226830696e-13 -1.8313325329984143e-7
2820 7.654073312640422 0.002713594111207362 0.00013155834760709268 0.0004857291677046738 1.3949952304415092e-13 -1.5522570188421236e-7
2830 7.681221763451435 0.0027159203636624414 0.00013171218019052602 0.00041067022950547205 1.4011014570769476e-13 -1.2942839373517034e-7
2840 7.708387507397282 0.002716642725379294 0.0001423434536976439 0.00048555926156035323 1.4060974606877608e-13 -1.4677445808720067e-7
2850 7.735544275428303 0.0027146390861883655 0.0001474923401814261 0.0005825499905105502 1.4094281297616362e-13 -1.7951880129012197e-7
2860 7.762680006812497 0.0027130655243746945 0.00014090345462229882 0.000543040305836795 1.4127587988355117e-13 -1.7512051012850537e-7
2870 7.789816113681014 0.0027144558478374835 0.00013408134215477522 0.0004450736510602793 1.4210854715202004e-13 -1.4000801941298267e-7
2880 7.816973497820559 0.0027165779551280144 0.0001392750382457987 0.0005378991147354517 1.4249712521063884e-13 -1.2930238102137385e-7
2890 7.844139095163486 0.0027160683171280446 0.0001481761257396259 0.0005498849978756715 1.4271916981556387e-13 -1.5953313576205134e-7
2900 7.871286983901637 0.0027137421121142093 0.00014634456544493102 0.0005908417148664524 1.4355183708403274e-13 -1.8243897593300507e-7
2910 7.898419201212827 0.002713287016361201 0.0001349786162975415 0.0005105484720049347 1.438849039914203e-13 -1.6196737609324956e-7
2920 7.925562923196455 0.0027154498892376974 0.00012951787824501664 0.0004232625011847402 1.443845043525016e-13 -1.316130161365517e-7
2930 7.952726907110062 0.002716767440240467 0.00013665063726618347 0.0005813833648119493 1.4471757125988916e-13 -1.4089645964624804e-7
2940 7.979887749008587 0.002715171362683761 0.00014207423888342274 0.0006238088032716194 1.4538370507466425e-13 -1.7639752928043228e-7
2950 8.007027093295793 0.0027131753158322527 0.0001359493166424377 0.000557103656224911 1.458277942845143e-13 -1.8258736189898672e-7
2960 8.03416067137863 0.0027139758378679733 0.00012712654055549333 0.0004637075393023604 1.4643841694805815e-13 -1.5006829863330294e-7
2970 8.061313567785064 0.002716291299661779 0.00013099100533772292 0.0004090666418322675 1.4682699500667695e-13 -1.302664562342918e-7
2980 8.088479971208496 0.0027164378695230204 0.0001430389723506889 0.000544272950475766 1.4738210651898953e-13 -1.5385549628746765e-7
2990 8.115632786107843 0.0027142008244625472 0.00014665064445173215 0.0006153700707020038 1.4804824033376462e-13 -1.82158049712025e-7
3000 8.142766378379495 0.002713113228931163 0.00013913790078309843 0.0005499329191109847 1.4854784069484595e-13 -1.689406038715628e-7
3010 8.169905806783579 0.0027149347598678978 0.00013401805257573252 0.00040629168505190716 1.4910295220715852e-13 -1.3426233949875968e-7
3020 8.197066828732616 0.0027167438458826974 0.00014101905132135408 0.00048427793686867115 1.493805079633148e-13 -1.325810530127707e-7
3030 8.22423082026033 0.002715683501196345 0.00014869298716842195 0.0005885196168357032 1.5010215292932116e-13 -1.663584531852501e-7
3040 8.251374584002592 0.002713429644984231 0.00014478422558882595 0.0006034491211760473 1.504352198367087e-13 -1.8195456535669442e-7
3050 8.278506914189244 0.002713571685103886 0.00013415376456664212 0.0004922422019933426 1.5093482019779003e-13 -1.5501630891943952e-7
3060 8.305655013548876 0.0027158912840177267 0.0001326409404650835 0.0004327412364919514 1.5154544286133387e-13 -1.2900616116725064e-7
3070 8.332820836748565 0.002716685242826719 0.00014184058244109626 0.0005259170387216239 1.5193402091995267e-13 -1.4598190868110594e-7
3080 8.359978288712794 0.0027147157439504615 0.00014605237953755964 0.0005590671784974077 1.52433621281034e-13 -1.7959810753257616e-7
3090 8.38711454050897 0.002713087326740053 0.00013847901897208974 0.0005490864718249999 1.5293322164211531e-13 -1.7681091739676913e-7
3100 8.41425048529379 0.0027144183183996943 0.00013061879879818042 0.00043202626008737033 1.5343282200319663e-13 -1.4233305404599828e-7
3110 8.441407596107867 0.0027165734499867483 0.00013542376269553888 0.0004583578412892253 1.539879335155092e-13 -1.3096869473129547e-7
3120 8.468573563133729 0.0027161344280310644 0.00014511176220088125 0.0005327206093223014 1.5437651157412802e-13 -1.6065434125037137e-7
3130 8.495722181712742 0.0027138054997377097 0.0001445468818229029 0.0005759935199338706 1.5498713423767185e-13 -1.8388993217890136e-7
3140 8.522854652713418 0.002713277820913006 0.0001346996488050371 0.0005166689701158744 1.5543122344752192e-13 -1.6346721945677267e-7
3150 8.549998049644476 0.002715412920196159 0.0001308320060282293 0.000401319065169381 1.5593082380860324e-13 -1.316992830190794e-7
3160 8.577161965476366 0.0027167933785945337 0.0001393955751405245 0.00048313374509989515 1.5643042416968456e-13 -1.39005123437827e-7
3170 8.604323408277496 0.0027152481947350683 0.00014594552268003104 0.0005702462042295187 1.5698553568199713e-13 -1.7382541765871562e-7
3180 8.631463381041165 0.0027132133941705585 0.00014058270962713151 0.0005594817320320189 1.5737411374061594e-13 -1.808401469526738e-7
3190 8.658596930203 0.0027139444428008574 0.00013150963647924472 0.00046553456998954523 1.57818202950466e-13 -1.4907225019851478e-7
3200 8.685749492532619 0.0027162719751956826 0.00013410278941974782 0.00043015567893911477 1.5837331446277858e-13 -1.2912807971715914e-7
3210 8.712916106952852 0.0027164920097786966 0.000144842790148104 0.0005153626130439681 1.5898393712632242e-13 -1.5274747306153608e-7
3220 8.740069640455516 0.002714272849939243 0.00014794001120462297 0.0005913991561943277 1.5942802633617248e-13 -1.8220016445255095e-7
3230 8.767203638269697 0.0027131206105306333 0.00014016163565875307 0.0005373725493397208 1.5976109324356003e-13 -1.7027687364816078e-7
3240 8.794342817824813 0.0027148957999992753 0.00013483650886497313 0.00044970685403400434 1.603162047558726e-13 -1.3548525373547997e-7
3250 8.821503648380476 0.0027167530089443437 0.00014165244377026644 0.000531885584168279 1.6081580511695392e-13 -1.3260453346240083e-7
3260 8.84866812021738 0.002715755781753157 0.00014936373021291906 0.0005723253199753087 1.6142642778049776e-13 -1.658660101291968e-7
3270 8.875812577491295 0.0027134825431818234 0.00014531766122461852 0.0005910901744888841 1.620370504440416e-13 -1.8222414408617464e-7
3280 8.902945029239655 0.002713551468407712 0.0001337709629951688 0.0004950220504358893 1.6220358389773537e-13 -1.5596201236274418e-7
3290 8.93009278627141 0.0027158614957011533 0.00013067091593652917 0.0004216637195385564 1.6298074001497298e-13 -1.2947331797309932e-7
3300 8.957258667533475 0.0027167249934631236 0.0001388665276016045 0.000568998503476692 1.6353585152728556e-13 -1.4572828019531167e-7
3310 8.984416785733421 0.0027147918256093394 0.00014274880208694024 0.000592879962511339 1.6392442958590436e-13 -1.7973065852559666e-7
3320 9.011553569537405 0.0027131113601995957 0.00013533239166697384 0.00055541266664072 1.6447954109821694e-13 -1.7798971292044414e-7
3330 9.038689373551069 0.0027143821483860916 0.00012802736475203645 0.00043809225474911173 1.6486811915683575e-13 -1.43593956479884e-7
3340 9.065846204521508 0.0027165670501479145 0.000134328761505752 0.00043119485183296113 1.6547874182037958e-13 -1.3111357083921718e-7
3350 9.093012513416973 0.0027161983811684266 0.0001458654161980813 0.0005597772680124846 1.6575629757653587e-13 -1.600221573720589e-7
3360 9.120161853162228 0.0027138694802476206 0.00014721963113577635 0.0006089201294079416 1.6642243139131097e-13 -1.8372721729834171e-7
3370 9.1472945978615 0.002713271086072987 0.00013887508509444896 0.000521560975405122 1.670330540548548e-13 -1.6389974037508455e-7
3380 9.174437685535398 0.0027153760908631376 0.00013550582143600476 0.0004229086744554911 1.674216321134736e-13 -1.3152080972902508e-7
3390 9.201601516550934 0.0027168165924266597 0.00014360732899589349 0.0004888362351141984 1.6803225477701744e-13 -1.3763345969521637e-7
3400 9.228763538273768 0.0027153238049884296 0.0001496633875033637 0.0006023534422465726 1.6853185513809876e-13 -1.722912079398398e-7
3410 9.255904145099615 0.002713253345442879 0.00014373439374988983 0.0005945839992754776 1.6903145549918008e-13 -1.802629195461758e-7
3420 9.283037689655892 0.002713915233907491 0.00013352053890745776 0.00046959561441123343 1.6958656701149266e-13 -1.4902454562124717e-7
3430 9.310189922848867 0.0027162514889281356 0.00013442548023429268 0.00045007659545526213 1.699196339188802e-13 -1.284949431570523e-7
3440 9.337356725348275 0.002716543574584608 0.00014391934989084666 0.0005345405249453927 1.7064127888488656e-13 -1.516827315426253e-7
3450 9.364510965012288 0.0027143448786612883 0.0001461977935101623 0.0005763261394595709 1.7108536809473662e-13 -1.8204068317866084e-7
3460 9.391645384333122 0.002713130431453718 0.0001375141418541811 0.0005429850196179697 1.7158496845581794e-13 -1.715367572360793e-7
3470 9.41878433646823 0.002714858024573776 0.00013143856495124063 0.00040343342326215614 1.7214007996813052e-13 -1.370687864703235e-7
3480 9.445944969134782 0.0027167601835845455 0.00013818945385788103 0.00047158180134387884 1.7252865802674933e-13 -1.3347017477002843e-7
3490 9.473109900091432 0.0027158265263845078 0.0001468580638828459 0.0005569939857829054 1.7313928069029316e-13 -1.664523771168977e-7
3500 9.500255050255667 0.0027135366559497445 0.00014424581448257585 0.000579646733404271 1.734723475976807e-13 -1.8341386596125832e-7
3510 9.527387643150114 0.0027135333168231326 0.00013429687354314765 0.000500983227800178 1.7391643680753077e-13 -1.5728938653359475e-7
3520 9.554535066155307 0.002715831064729378 0.00013275416163641084 0.00042513684007638997 1.745270594710746e-13 -1.2953128086801158e-7
3530 9.581700986097847 0.002716762202362287 0.00014215935336891642 0.0005046394060749249 1.7508217098338719e-13 -1.442391445640595e-7
3540 9.608859754958223 0.002714867477698542 0.00014690561694195178 0.0005868976964449324 1.7563728249569976e-13 -1.7803851869863108e-7
3550 9.6359970825351 0.0027131374946449374 0.0001399694276179152 0.0005586259094537138 1.762479051592436e-13 -1.7719276225198338e-7
3560 9.66313276619332 0.0027143472758446832 0.00013203567537738178 0.00044115058743482427 1.7680301667155618e-13 -1.4318179569500905e-7
3570 9.690289312143394 0.002716558640572631 0.000136917205057249 0.0004485321974275758 1.769140389740187e-13 -1.3017640751802895e-7
3580 9.717455937342098 0.0027162602254319373 0.00014729565134271227 0.000541921832534098 1.7752466163756253e-13 -1.5898463708355869e-7
3590 9.744605991525091 0.0027139347280768487 0.00014825822430153157 0.0005957059096198813 1.7824630660356888e-13 -1.837981131827017e-7
3600 9.771739030588035 0.002713267193641729 0.00013974796412806928 0.0005270209519209756 1.7857937351095643e-13 -1.6512049649626743e-7
3610 9.798881825514371 0.0027153395667513128 0.00013622314190364358 0.0004510524153411577 1.7918999617450027e-13 -1.325579412471295e-7
3620 9.826045557226484 0.002716837162907567 0.00014424495049876777 0.000521358910671843 1.798006188380441e-13 -1.3770862088860014e-7
3630 9.853208134291894 0.0027153978090853795 0.00015036088496235157 0.0005917740576495412 1.800781745942004e-13 -1.7220092614964276e-7
3640 9.88034937584613 0.002713294612198355 0.0001441417574005856 0.0005874291136790388 1.8068879725774423e-13 -1.8091224288364666e-7
3650 9.907482935158036 0.0027138878255286887 0.00013282220163227996 0.00047508222124992283 1.8091084186266926e-13 -1.4981390401708345e-7
3660 9.934634842538664 0.0027162298797659638 0.00013210525699128807 0.0004361294935181226 1.8146595337498184e-13 -1.281608256820056e-7
3670 9.961801811266673 0.0027165926600475425 0.00014079659412641262 0.0005520863631638395 1.821875983409882e-13 -1.5028685084869947e-7
3680 9.988956742815354 0.0027144166391316134 0.00014295779056494102 0.0005598652591390918 1.8274270985330077e-13 -1.8097123655364328e-7
3690 10.016091595354746 0.0027131421631614075 0.0001346814485493298 0.0005474661479915599 1.8318679906315083e-13 -1.7152394599587112e-7
3700 10.043230336562669 0.002714820919624906 0.00012942564445361714 0.0004074190287174373 1.8368639942423215e-13 -1.3730853405554263e-7
3710 10.070390760923697 0.002716765036993372 0.00013795684540343202 0.00045195178012025217 1.8418599978531347e-13 -1.3317964271345374e-7
3720 10.097556127144754 0.0027158953762152814 0.00014859923902827026 0.0005727215590924928 1.8490764475131982e-13 -1.6627521995569785e-7
3730 10.124701966853449 0.002713591763485187 0.00014780545814070372 0.000598917387549136 1.8512968935624485e-13 -1.8439326382137304e-7
3740 10.151834720192664 0.002713517372384596 0.0001391545826102556 0.0005075920426408365 1.857403120197887e-13 -1.5903944361498204e-7
3750 10.178981819093819 0.00271580028325016 0.0001377102229230065 0.00043924992429611454 1.8618440122963875e-13 -1.305740325847618e-7
3760 10.206147760230218 0.00271679697500875 0.00014639584000904478 0.0005146979824380837 1.865174681370263e-13 -1.440604041713742e-7
3770 10.233307163735923 0.0027149424904199934 0.00015048539826081046 0.0006132130543692327 1.8707257964933888e-13 -1.776656383239148e-7
3780 10.260445044550332 0.002713165574163018 0.00014273602941479736 0.0005820938450378232 1.8751666885918894e-13 -1.7744037290835443e-7
3790 10.287580629172258 0.00271431399132769 0.0001333992971879358 0.0004460049310046621 1.8812729152273278e-13 -1.4335120455109297e-7
3800 10.314736889862955 0.0027165487786867002 0.00013656025796307704 0.00046626596781040863 1.886268918838141e-13 -1.292642188141166e-7
3810 10.341903810454381 0.0027163200801668024 0.0001458144543209375 0.0005420389338662845 1.8912649224489542e-13 -1.5743469077619116e-7
3820 10.369054572597141 0.002714000616848185 0.00014604185878573525 0.0005890547384921341 1.8962609260597674e-13 -1.8297883389896408e-7
3830 10.396187924709638 0.0027132659733375307 0.00013670456195889456 0.0005317255302351165 1.9001467066459554e-13 -1.6532715539814558e-7
3840 10.42333044486514 0.0027153040505460938 0.00013264201744522523 0.0004074540537608584 1.9062529332813938e-13 -1.3268495632247357e-7
3850 10.450494067553244 0.002716855728528168 0.00014101036968294065 0.00048301841572728765 1.911248936892207e-13 -1.3710367316628613e-7
3860 10.477657181316458 0.0027154705732910594 0.0001483807374336142 0.0005800386291755499 1.9162449405030202e-13 -1.717302541290669e-7
3870 10.504799060213971 0.0027133372051687376 0.00014380871506152544 0.0005791086436514048 1.921796055626146e-13 -1.815589388044509e-7
3880 10.531932652867923 0.002713862170987566 0.00013430310650631915 0.0004806847247225132 1.9273471707492718e-13 -1.510507572528852e-7
3890 10.559084239580594 0.0027162074816886425 0.00013509264474290914 0.00044764913966466313 1.9312329513354598e-13 -1.2870948046944664e-7
3900 10.586251356548775 0.0027166396629943234 0.00014479380328588816 0.0005243660171654341 1.9356738434339604e-13 -1.500579727489737e-7
3910 10.613406968981979 0.0027144883674122644 0.0001476223122934748 0.0005999121527335838 1.9412249585570862e-13 -1.8109592388529383e-7
3920 10.640542266627893 0.002713155739919533 0.00013945332738729045 0.0005532742052553608 1.946776073680212e-13 -1.7244024612481784e-7
3930 10.667680811757853 0.002714784471552638 0.0001330944849252588 0.0004128583609257497 1.9512169657787126e-13 -1.3795555465091064e-7
3940 10.694841019846159 0.0027167678927521774 0.00013998594006610506 0.0004645710739464848 1.954547634852588e-13 -1.326227838322272e-7
3950 10.722006800829647 0.002715962639197149 0.00014955314417660175 0.0005663136872890995 1.961208973000339e-13 -1.6521179320525686e-7
3960 10.749153329664853 0.0027136480272454805 0.00014841464876851963 0.0005966894780139453 1.9662049766111522e-13 -1.8417341975031799e-7
3970 10.776286263126497 0.0027135035130777894 0.00013966203577206373 0.0005119056579741543 1.9728663147589032e-13 -1.5972842910672957e-7
3980 10.803433047450772 0.0027157691602504347 0.00013815477649503527 0.00045766238649569413 1.9800827644189667e-13 -1.310543030811316e-7
3990 10.830598991276581 0.002716829201076353 0.00014692703118148717 0.0005257448632871586 1.9806378759312793e-13 -1.4390710093116654e-7
4000 10.857759008997633 0.002715016388511502 0.0001511237428590722 0.0006087353637880266 1.988964548615968e-13 -1.7772311928065051e-7
4010 10.884897447794735 0.002713195129158913 0.000142947186117948 0.0005805544821564368 1.9911849946652183e-13 -1.7818092467523073e-7
4020 10.912032950863145 0.002714281992095764 0.000132337234953164 0.0004508170391530064 1.9984014443252818e-13 -1.4370695632113666e-7
4030 10.939188924631907 0.0027165373790528986 0.0001339057074538619 0.000462937116348372 2.003397447936095e-13 -1.2796325285260114e-7
4040 10.966356118794176 0.0027163776990178465 0.00014253528330204638 0.0005437824542672276 2.0067281170099704e-13 -1.5488920612994233e-7
4050 10.993507578318123 0.0027140665916769962 0.00014283256446827514 0.0005776167974396174 2.0128343436454088e-13 -1.8082601677902683e-7
4060 11.020641256021104 0.0027132665468509744 0.00013411758492486823 0.0005344356159016073 2.0183854587685346e-13 -1.6433573483790705e-7
4070 11.047783513245163 0.002715268910766773 0.00013126344964577716 0.0003879512613554903 2.0233814623793478e-13 -1.322092914909173e-7
4080 11.074947014168757 0.0027168725410309197 0.00014158317405194208 0.00046829048568586273 2.0272672429655358e-13 -1.3673419468077552e-7
4090 11.102110644579012 0.002715542141332817 0.00015094826023366627 0.000587799266725475 2.0355939156502245e-13 -1.722984772960603e-7
4100 11.129253161892956 0.0027133810062836693 0.00014815699187468694 0.0005901644769783498 2.0394796962364126e-13 -1.838033582475394e-7
4110 11.156386806538073 0.0027138382450515373 0.00013970036892368629 0.0004890163683948234 2.0433654768226006e-13 -1.5409319095031168e-7
4120 11.183538077909802 0.0027161843160880767 0.0001402768976390489 0.00045683603862722855 2.0483614804334138e-13 -1.308941232537489e-7
4130 11.210705325760898 0.00271668462081702 0.00014906665998349193 0.00054179639508245 2.0522472610196019e-13 -1.509862218668711e-7
4140 11.237861607870071 0.0027145600298219864 0.0001510511561333395 0.00062328023273861 2.0577983761427276e-13 -1.81766039455153e-7
4150 11.264997363183221 0.002713171355778782 0.00014184019568643473 0.000568353477674366 2.0622392682412283e-13 -1.733531358002376e-7
4160 11.292135730559549 0.0027147491001428435 0.00013385811883728132 0.00041836715642651345 2.0672352718520415e-13 -1.3819708634919825e-7
4170 11.319295717400122 0.0027167690599010663 0.0001390159417642762 0.0004812615134101028 2.0722312754628547e-13 -1.3134816582126285e-7
4180 11.346461894317482 0.0027160283562922614 0.00014753639084352674 0.0005609720060283374 2.078337502098293e-13 -1.6312312768173437e-7
4190 11.373609111490152 0.002713705372305224 0.00014569464053469885 0.0005954185259803291 2.0827783941967937e-13 -1.8260152164113752e-7
4200 11.400742246076124 0.002713491986277101 0.00013615793713224526 0.0005156753984079665 2.0883295093199195e-13 -1.5874931360952693e-7
4210 11.427888730119674 0.002715738232934753 0.00013430564662830007 0.0004301348174967634 2.0944357359553578e-13 -1.2963042935083824e-7
4220 11.455054664458968 0.0027168594543997486 0.000143813908316837 0.0005062880767058298 2.099431739566171e-13 -1.4183787754203092e-7
4230 11.482215280978759 0.002715089589235343 0.000149563812245407 0.0005992749615008064 2.1049828546892968e-13 -1.7628975250427725e-7
4240 11.509354283759956 0.002713226286089775 0.00014325266309295098 0.00057408941991971 2.1083135237631723e-13 -1.7843501546330534e-7
4250 11.536489723574114 0.0027142514398668664 0.00013465260971544856 0.00045604143128713526 2.1149748619109232e-13 -1.4507259730664468e-7
4260 11.563645412574814 0.002716524926233446 0.00013769834381607775 0.0004675279472875493 2.1199708655217364e-13 -1.2929168637446087e-7
4270 11.590812863289555 0.00271643351335936 0.00014720633495334093 0.0005419048388856096 2.124411757620237e-13 -1.561894073919684e-7
4280 11.61796501278746 0.0027141327743058323 0.0001479844390182197 0.0006090685547357477 2.1299628727433628e-13 -1.8288218334681916e-7
4290 11.64509902928147 0.002713268856086011 0.0001389952454985865 0.0005428535372788423 2.1355139878664886e-13 -1.66888062925509e-7
4300 11.67224103550909 0.0027152340800133427 0.00013460614573499396 0.0003926319420878288 2.1410651029896144e-13 -1.3373776893733924e-7
4310 11.699404404688899 0.0027168875317534376 0.00014309994862187278 0.000477580122785648 2.1471713296250527e-13 -1.3638606013435459e-7
4320 11.726568535534478 0.0027156130607411386 0.00015144642095515557 0.000589062147999031 2.148281552649678e-13 -1.710676712378444e-7
4330 11.753711695514466 0.002713426974159401 0.0001483348796180783 0.0005950393457366809 2.1566082253343666e-13 -1.8315088187503608e-7
4340 11.78084541091922 0.0027138160679165985 0.00013981920645661044 0.0004920117869590124 2.1616042289451798e-13 -1.541035875753517e-7
4350 11.807996370485812 0.0027161601543626585 0.00014047107104193276 0.0004737784714384796 2.162714451969805e-13 -1.3068031131117843e-7
4360 11.835163729204853 0.0027167271480059182 0.00014950467269148336 0.0005470140949420665 2.1688206786052433e-13 -1.5045531986540583e-7
4370 11.862320665491646 0.002714631161172444 0.00015159833714357222 0.0006231517206586323 2.1765922397776194e-13 -1.8176838929461172e-7
4380 11.88945688806158 0.002713188740897016 0.00014183751550372263 0.000570627850216221 2.1799229088514949e-13 -1.7396461915062462e-7
4390 11.91659509336647 0.0027147146053112864 0.0001324430803270362 0.00042241484803789975 2.1860291354869332e-13 -1.380284182645682e-7
4400 11.943754852998763 0.0027167684726517793 0.0001361160243532305 0.00048115505636714406 2.1910251390977464e-13 -1.2925917268856126e-7
4410 11.97092140461827 0.002716092151584223 0.00014415847883512574 0.0005500263185739263 2.1965762542208722e-13 -1.5987677957806646e-7
4420 11.998069303110915 0.0027137630681247425 0.00014253033591854461 0.000585108111707533 2.202127369343998e-13 -1.799525730902704e-7
4430 12.02520265318724 0.0027134820545966346 0.0001337918134158326 0.0005173555404408003 2.2082335959794364e-13 -1.5736477438083192e-7
4440 12.052348845235091 0.002715707040310135 0.00013347042753949332 0.0004119371731261534 2.2115642650533118e-13 -1.2892623990347847e-7
4450 12.079514755936128 0.002716887631368242 0.0001449995062555076 0.0004864489145730566 2.2154500456395e-13 -1.4167910625812357e-7
4460 12.106675955324548 0.002715161965348625 0.0001527169059634797 0.0006065047750510866 2.2221113837872508e-13 -1.775903551952312e-7
4470 12.133815527584657 0.002713259022510417 0.00014813940352601787 0.0005842742973238835 2.2265522758857514e-13 -1.8160816210035885e-7
4480 12.160950921309665 0.00271422230332691 0.00014036887500854496 0.00046535230012129114 2.2332136140335024e-13 -1.4886713557760221e-7
4490 12.188106325753724 0.002716511325997309 0.0001429550651038538 0.00047590885065007527 2.237654506132003e-13 -1.3204111122350692e-7
4500 12.215274015843216 0.0027164875441403604 0.00015145162730556872 0.0005612997623422045 2.2432056212551288e-13 -1.5770187121343017e-7
4510 12.242426848795418 0.0027141992936251585 0.00015128639460908858 0.0006330279440170949 2.2476465133536294e-13 -1.8413640071529092e-7
4520 12.26956121906279 0.0027132731248497434 0.00014108529411989093 0.0005540458806205795 2.2531976284767552e-13 -1.6809567765898106e-7
4530 12.29670298926793 0.0027151997923821262 0.000134907672109212 0.0004051781348775041 2.2581936320875684e-13 -1.3384188971400993e-7
4540 12.323866218266627 0.0027169007674829326 0.0001417203656901462 0.0004948028128851645 2.2637447472106942e-13 -1.347452741181851e-7
4550 12.351030833568613 0.002715682977467763 0.00014909101036566808 0.0005853980229566513 2.2681856393091948e-13 -1.6860059829856833e-7
4560 12.378174639743722 0.002713474622997644 0.00014525877214556962 0.0005949144095804826 2.273181642920008e-13 -1.810785725964853e-7
4570 12.405308446532736 0.00271379630864184 0.00013598977714998606 0.0004951713823309611 2.278177646530821e-13 -1.522758829707732e-7
4580 12.432459103348881 0.0027161358139180538 0.00013650513798379513 0.00045191180185599755 2.282618538629322e-13 -1.281654735223181e-7
4590 12.459626558752525 0.002716767769146191 0.0001465778126253714 0.0005284370480292955 2.287614542240135e-13 -1.474778495071799e-7
4600 12.486784137467986 0.002714701930125294 0.00015037522624111277 0.000614332061963152 2.294275880387886e-13 -1.7989581387999748e-7
4610 12.513920836229445 0.002713207770507844 0.0001426565790117981 0.0005690792207704298 2.297051437949449e-13 -1.7418288717927985e-7
4620 12.541058895771334 0.002714681209756326 0.0001353098421697663 0.0004273660765587439 2.303157664584887e-13 -1.396570183855722e-7
4630 12.568218426104474 0.0027167666210180493 0.0001404678449484474 0.0004842237895132939 2.308708779708013e-13 -1.3126292925866312e-7
4640 12.595385335885886 0.0027161544513929704 0.0001493411147490197 0.0005715644013507548 2.311484337269576e-13 -1.6233765886587703e-7
4650 12.62253391138992 0.002713821274004944 0.00014800747005500972 0.0006141445321669048 2.316480340880389e-13 -1.833288937221067e-7
4660 12.649667489880835 0.002713473657605648 0.0001386718674885829 0.0005274335838968969 2.3225865675158275e-13 -1.6085043707050883e-7
4670 12.676813398414353 0.002715675734540895 0.00013652730825549698 0.00041579771301269997 2.3264723481020155e-13 -1.3076972980559723e-7
4680 12.703979274137426 0.00271691404744508 0.0001461524960981474 0.0005007067158705469 2.3331336862497665e-13 -1.4125311881599788e-7
4690 12.731141043607716 0.0027152337639869133 0.00015293330333303193 0.0006098915143735173 2.339239912885205e-13 -1.7615899545900347e-7
4700 12.758281192238805 0.0027132932540919787 0.00014806060440387449 0.0005906770525795357 2.3436808049837055e-13 -1.8061965392866114e-7
4710 12.785416556121888 0.002714194383863946 0.00014027008696254934 0.00046746141419345966 2.3486768085945187e-13 -1.4832291118151717e-7
4720 12.812571674990902 0.0027164965050194747 0.0001430437894868921 0.0004984485283424656 2.3542279237176444e-13 -1.3122603811660543e-7
4730 12.839739584373685 0.0027165394940423717 0.00015188425986150696 0.0005646139578359133 2.358668815816145e-13 -1.5680803234260137e-7
4740 12.866893089758792 0.002714265717001554 0.00015179869440101472 0.0006344379124376687 2.3631097079146457e-13 -1.840071489562095e-7
4750 12.894027825027072 0.002713278999893334 0.00014093563162411935 0.00055731387368263 2.3669954885008337e-13 -1.6850538284397383e-7
4760 12.921169371329986 0.0027151658385193246 0.00013326273466846933 0.00039728704601416087 2.3725466036239595e-13 -1.3326218507563036e-7
4770 12.948332450706504 0.0027169120809560515 0.0001387482956142505 0.0004913789103099253 2.3780977187470853e-13 -1.3228645944825994e-7
4780 12.975497531129088 0.0027157513584740024 0.00014574835180861486 0.0005686161296223347 2.3830937223578985e-13 -1.6531371334893423e-7
4790 13.00264198059537 0.002713522986690741 0.00014222366873259932 0.0005894785244240364 2.3886448374810243e-13 -1.7864824766323008e-7
4800 13.029775892243231 0.00271377794582126 0.00013385965967651963 0.0004967705646793941 2.391420395042587e-13 -1.5110022168387207e-7
4810 13.056926250576014 0.0027161112169558324 0.0001360362948704315 0.000432098373930323 2.3991919562149633e-13 -1.2761938605238083e-7
4820 13.084093787711444 0.0027168068891284 0.00014810931518463948 0.0005169339226874792 2.4030777368011513e-13 -1.4761693616430766e-7
4830 13.11125199666337 0.002714772298556267 0.0001538943845190513 0.0006271004502707012 2.4080737404119645e-13 -1.816550325680648e-7
4840 13.138389179567367 0.002713228282937698 0.00014781591086600746 0.0005796787373766321 2.4119595209981526e-13 -1.7769242698903406e-7
4850 13.165527108161841 0.0027146486894809333 0.00014114707206370184 0.00043669710277616236 2.4175106361212784e-13 -1.4345700934407642e-7
4860 13.19268640545586 0.002716763401616578 0.00014565133189074875 0.0004954989088290507 2.4213964167074664e-13 -1.3385256349055625e-7
4870 13.219853657319778 0.0027162153679720353 0.00015349317607789553 0.0005944775704431748 2.426947531830592e-13 -1.638131829058507e-7
4880 13.24700290696147 0.002713880199117348 0.00015122931643655468 0.000641313398166643 2.4319435354414054e-13 -1.8465673482176773e-7
4890 13.274136729570753 0.002713467096674428 0.00014058406150523395 0.0005382734185502835 2.4369395390522186e-13 -1.6198640281168616e-7
4900 13.301282365159341 0.0027156444727462017 0.00013657648400301872 0.00043002997043639635 2.441380431150719e-13 -1.3059075455214286e-7
4910 13.328448194697048 0.0027169386618640873 0.00014462480902295992 0.0005079847508573376 2.4474866577861576e-13 -1.393579055417038e-7
4920 13.355610520947675 0.0027153048877272246 0.0001505028506939358 0.0006043884425590562 2.4530377729092834e-13 -1.736319763124411e-7
4930 13.382751252394959 0.0027133290362334034 0.00014486945004442853 0.0005889231602401179 2.4558133304708463e-13 -1.7850397373772586e-7
4940 13.409886605327948 0.0027141680830806794 0.00013635539059100656 0.0004704646623373554 2.462474668618597e-13 -1.4623627893686764e-7
4950 13.43704144293448 0.002716480988706264 0.0001391679115170061 0.0004724705535034124 2.4674706722294104e-13 -1.2834835780121956e-7
4960 13.46420955711619 0.002716589862314739 0.00014923794275943297 0.0005488586239966731 2.4724666758402236e-13 -1.5369563629435978e-7
4970 13.491363726953836 0.0027143322739028343 0.00015089488093814708 0.0006250293105171112 2.477462679451037e-13 -1.823198142818748e-7
4980 13.518498838250679 0.0027132865226640623 0.00014215548573187243 0.0005589020907691422 2.4819035715495374e-13 -1.6899634282946385e-7
4990 13.545640174067108 0.002715132477169142 0.0001364821235364881 0.00039905892469460635 2.488009798184976e-13 -1.350889222949403e-7
5000 13.572803097971105 0.00271692188578824 0.0001434049873053239 0.0004978828226492871 2.494116024820414e-13 -1.3454090556919152e-7
5010 13.599968628026149 0.0027158185309570505 0.00015117178348194175 0.0005980163735956889 2.498001805406602e-13 -1.6819578678092806e-7
5020 13.627113720235062 0.0027135721661575803 0.00014783304116664417 0.000614915470500299 2.503552920529728e-13 -1.8241337003052638e-7
5030 13.65424775040106 0.0027137609878555118 0.00013863377492929092 0.0005071613441917644 2.508548924140541e-13 -1.5463354397123041e-7
5040 13.681397815832542 0.002716086219991181 0.00013885672062425176 0.0004377744526711247 2.515210262288292e-13 -1.2918948455540452e-7
5050 13.70856542161154 0.002716844453368403 0.00014909716814232856 0.0005227128040606877 2.521871600436043e-13 -1.4692609966843705e-7
5060 13.735724250558562 0.0027148428954075943 0.00015406006357737085 0.0006278772042656033 2.5252022695099186e-13 -1.8014668658314272e-7
5070 13.762861926458392 0.002713250380795234 0.00014772584178491106 0.0005829132286351291 2.531308496145357e-13 -1.7663134870563512e-7
5080 13.78999973792338 0.002714616975034353 0.0001410959566682201 0.0004385374166645528 2.533528942194607e-13 -1.4263891605164301e-7
5090 13.817158798176358 0.002716758684119206 0.00014581846307398221 0.0005269808091437067 2.5374147227807953e-13 -1.3267177661132964e-7
5100 13.84432637338968 0.0027162745260430124 0.00015399912904570155 0.0005907488079689438 2.5413005033669833e-13 -1.627034970351701e-7
5110 13.871476290800413 0.0027139394798060645 0.00015177973855468553 0.0006417362831820927 2.548516953027047e-13 -1.8445197586601565e-7
5120 13.898610369430102 0.0027134620340017904 0.00014036955146644656 0.0005400351801924108 2.554623179662485e-13 -1.6225751698025404e-7
5130 13.925755740508123 0.002715613155723272 0.0001348385360851559 0.00041547518727780286 2.558508960248673e-13 -1.2982419492420337e-7
5140 13.95292151183711 0.002716961369634004 0.00014174277423751214 0.0005225857642764398 2.5646151868841116e-13 -1.36977230621673e-7
5150 13.980084377955341 0.0027153748814954105 0.00014732629339773892 0.0005918480356014166 2.5685009674702997e-13 -1.7087257657309288e-7
5160 14.007225693182479 0.002713365739161647 0.00014205468877052485 0.0005912265858066257 2.5729418595688003e-13 -1.768063776015584e-7
5170 14.034361048013412 0.0027141428454342045 0.00013448792226104298 0.0004726980231517519 2.5779378631796135e-13 -1.4561923079905016e-7
5180 14.061515605042258 0.0027164645434726094 0.000138990002604714 0.00044980142366179976 2.581268532253489e-13 -1.281055588794547e-7
5190 14.088683908873273 0.0027166385705095263 0.00015097106957896657 0.0005602325338077696 2.5884849819135525e-13 -1.540386394524047e-7
5200 14.115838734699917 0.002714398887508196 0.00015461468832367057 0.000645935851753543 2.592925874012053e-13 -1.8418035709896666e-7
5210 14.142974232298208 0.0027132956276536523 0.00014738646599119005 0.000572969687240632 2.598476989135179e-13 -1.7228243640561004e-7
5220 14.170115369110404 0.002715099559926354 0.00014222212995016346 0.00041044179594618146 2.6029178812336795e-13 -1.3828020710650328e-7
5230 14.197278130231718 0.002716930112278855 0.0001483990535686202 0.0005139659632472648 2.6084689963568053e-13 -1.364326832148865e-7
5240 14.224444095227028 0.0027158845787828238 0.00015522550690750855 0.0006253708665645563 2.614020111479931e-13 -1.6920435408666282e-7
5250 14.25158983087209 0.0027136223266871163 0.00015100604014541143 0.0006461291222694676 2.617905892066119e-13 -1.8347402133613456e-7
5260 14.27872399590544 0.002713745647775156 0.0001404675929464542 0.0005193155200445831 2.6229018956769323e-13 -1.5547509554791894e-7
5270 14.30587377549702 0.0027160608860055755 0.00013884842801369847 0.00045426387007563296 2.627342787775433e-13 -1.2869494814314944e-7
5280 14.333041437302342 0.002716880352623033 0.00014765162936062294 0.0005367306299007835 2.6334490144108713e-13 -1.449583152211137e-7
5290 14.360200875337405 0.002714913224222427 0.00015175526445314753 0.0006189163620877736 2.636224571972434e-13 -1.7789885389026677e-7
5300 14.387339053039742 0.0027132745536126036 0.00014461910403977128 0.0005846434868319594 2.6412205755832474e-13 -1.749133012804438e-7
5310 14.414476764362252 0.002714586807451759 0.00013734029587754586 0.00044174064537999547 2.646771690706373e-13 -1.4084227346368439e-7
5320 14.441635587802125 0.0027167529828194133 0.00014221635749502707 0.0004915075710576478 2.651212582804874e-13 -1.3008269774024417e-7
5330 14.468803472541289 0.002716332332901547 0.0001516456524340017 0.0005760793459315128 2.6567636979279996e-13 -1.6009540276199635e-7
5340 14.4959540539293 0.002713999223921904 0.00015120216172420797 0.0006312937352592751 2.6606494785141876e-13 -1.833878942294944e-7
5350 14.523088401800948 0.0027134585927946204 0.00014187508775974277 0.000543612769998203 2.6645352591003757e-13 -1.6313118794339387e-7
5360 14.55023351877314 0.0027155820232407186 0.000138279755953786 0.00042320431136766423 2.6711965972481266e-13 -1.3162311676348515e-7
5370 14.57739922249247 0.002716982481399778 0.00014649109802941673 0.0005089890137681685 2.6750823778343147e-13 -1.3897355596002858e-7
5380 14.604562615103442 0.0027154440980121284 0.0001527260765607769 0.0006208168118382318 2.681188604469753e-13 -1.7345612326157e-7
5390 14.631704517534033 0.002713403587854982 0.00014760384830742406 0.0006111743237134926 2.686184608080566e-13 -1.8016119525399166e-7
5400 14.658839888969862 0.002714118814636568 0.0001390424026252765 0.00048225952972980046 2.69340105774063e-13 -1.4853129937618392e-7
5410 14.685994167822667 0.00271644727740067 0.00014161789071531265 0.00045883994597761824 2.6961766153021927e-13 -1.290487176481593e-7
5420 14.713162646667937 0.00271668564752686 0.00015194425196293976 0.0005516008010268969 2.7028379534499436e-13 -1.5307474290188715e-7
5430 14.740318120975607 0.0027144656006476055 0.00015491680861259662 0.0006418404366559383 2.706168622523819e-13 -1.8280554043225653e-7
5440 14.767454016542024 0.002713306415167072 0.0001474814344071043 0.0005708901359754437 2.7094992915976945e-13 -1.714301598179581e-7
5450 14.794594967340489 0.0027150672659983673 0.0001423901351645703 0.0004453425555951407 2.7150504067208203e-13 -1.374708633150156e-7
5460 14.821757558921181 0.002716936797169813 0.00014876610478715505 0.0005535824843632131 2.7200464103316335e-13 -1.3514788397343307e-7
5470 14.848923941414311 0.0027159491870169437 0.0001558769421401904 0.0006197328188852769 2.723377079405509e-13 -1.6808450771509904e-7
5480 14.876070317658566 0.0027136730560810667 0.00015162448675005538 0.0006442393301242522 2.7317037520901977e-13 -1.8332398511886464e-7
5490 14.903204631004895 0.0027137316311954597 0.00014022842680513133 0.0005182892685506313 2.7344793096517606e-13 -1.5572144097424097e-7
5500 14.930354130044604 0.002716035103918905 0.00013709375213440928 0.0004334644628330997 2.7422508708241367e-13 -1.2793248194407895e-7
5510 14.957521834470196 0.0027169144262569446 0.00014493764085930517 0.0005625775529154442 2.7466917629226373e-13 -1.4293315191433384e-7
5520 14.984681868147025 0.00271498290217296 0.00014883112003546192 0.000610802953487477 2.751132655021138e-13 -1.7592770276214904e-7
5530 15.01182055291517 0.0027132999910603516 0.00014209989254545705 0.0005880889302345427 2.756128658631951e-13 -1.740898916429197e-7
5540 15.038958176451443 0.0027145576104726328 0.00013574742464884286 0.00044484352683316075 2.7605695507304517e-13 -1.4079714055103717e-7
5550 15.06611676045959 0.0027167465527646833 0.00014231084038909014 0.0004665265013589215 2.7672308888782027e-13 -1.3006976898633088e-7
5560 15.093284939416744 0.0027163887818331734 0.00015362666979005433 0.0005995882866879354 2.7711166694643907e-13 -1.6048905008036535e-7
5570 15.12043617964833 0.0027140593027518705 0.00015502719402077947 0.0006592580426204586 2.776112673075204e-13 -1.8509948744606616e-7
5580 15.147570809942057 0.0027134566504772722 0.00014706546182749052 0.0005607051509616268 2.778333119124454e-13 -1.6588456189025341e-7
5590 15.174715681899121 0.002715550933314317 0.00014375539985843165 0.0004391231709981458 2.785549568784518e-13 -1.3393212810876938e-7
5600 15.201881308435333 0.0027170020175031 0.00015121389076623332 0.0005296796527824998 2.789435349370706e-13 -1.3998870849478206e-7
5610 15.22904521425405 0.0027155125562201565 0.00015667555917313417 0.0006517987891609955 2.7960966875184567e-13 -1.738843225372491e-7
5620 15.256187708230682 0.0027134427408159094 0.00015070418419910493 0.0006455501789681684 2.8016478026415825e-13 -1.8085877656528332e-7
5630 15.283323112641835 0.002714096190859778 0.00014079448570068333 0.0004955687735180847 2.8055335832277706e-13 -1.490229300400974e-7
5640 15.31047711657387 0.0027164293144354315 0.00014161493236337095 0.00047735954594663177 2.810529586838584e-13 -1.2828766132212677e-7
5650 15.337645756968895 0.002716731132841676 0.000150660046252744 0.0005623234206167949 2.814415367424772e-13 -1.511966112597088e-7
5660 15.364801871744532 0.002714532305226396 0.0001528120234905404 0.0006298590986459907 2.82052159406021e-13 -1.8105275999269477e-7
5670 15.391938176382855 0.002713318870268168 0.00014455492680312478 0.0005750536458205002 2.8255175976710234e-13 -1.7034395340120856e-7
5680 15.41907895604434 0.0027150358334248814 0.0001389249406275438 0.00040918544006707247 2.8294033782572114e-13 -1.36244733696389e-7
5690 15.446241375357017 0.0027169424169119923 0.00014555101018519904 0.0005087099115020921 2.834954493380337e-13 -1.3318036768371344e-7
5700 15.473408163079467 0.0027160128799558953 0.0001538779411407005 0.0006047004191451766 2.8399504969911504e-13 -1.6627413288328868e-7
5710 15.500555179422278 0.002713724540755289 0.00015138600896375695 0.0006330699938938977 2.8449465006019636e-13 -1.8300841991817263e-7
5720 15.527689654736081 0.0027137189865556427 0.00014196453433113127 0.0005233334305969062 2.8493873927004643e-13 -1.5689072624218425e-7
5730 15.554838879799334 0.002716009002941749 0.00014061314634191113 0.0004471203849552019 2.8554936193359026e-13 -1.2945776839932976e-7
5740 15.582006615073622 0.0027169468923907603 0.00014960513047753646 0.0005297425868245886 2.8593793999220907e-13 -1.4433385749773597e-7
5750 15.609167234176807 0.0027150522109504064 0.00015408692536805893 0.0006395395001816961 2.865485626557529e-13 -1.7782173196596862e-7
5760 15.63630643294872 0.002713326787803104 0.0001474523659086541 0.0006027609468629569 2.8715918531929674e-13 -1.7665119722305028e-7
5770 15.663443982434606 0.002714529353339559 0.00014001293524650225 0.0004530209432841992 2.8738122992422177e-13 -1.4282562609164995e-7
5780 15.690602324845946 0.0027167390064864396 0.00014475800433320438 0.00047903686914485544 2.881028748902281e-13 -1.3033020018760055e-7
5790 15.717770782522628 0.0027164441465150077 0.00015467800985545898 0.0005868418819702237 2.885469641000782e-13 -1.5937062309147147e-7
5800 15.744922676818254 0.0027141200368844473 0.00015554935081269858 0.0006507695713698913 2.8910207561239076e-13 -1.8403556550829897e-7
5810 15.772057602109097 0.002713456302056007 0.00014743820012450993 0.0005554440946857753 2.8954616482224083e-13 -1.654057362226373e-7
5820 15.799202239595905 0.0027155200414461385 0.0001441582298653597 0.00047855615491665393 2.9015678748578466e-13 -1.3330039850861282e-7
5830 15.826367779816895 0.002717019886605219 0.0001517902203064933 0.0005738209092862601 2.906008766956347e-13 -1.3879654997273468e-7
5840 15.853532183472266 0.0027155799340902995 0.00015749049711342937 0.0006443353332143964 2.9110047705671604e-13 -1.7293943233459026e-7
5850 15.880675269043172 0.002713482720797724 0.00015135726957666733 0.0006414342735062695 2.917110997202599e-13 -1.8088441115790942e-7
5860 15.90781071840946 0.0027140746611845987 0.00014050080428642378 0.000492318749822418 2.9215518893010994e-13 -1.493109910876268e-7
5870 15.934964449254723 0.0027164106220216905 0.0001398455288653583 0.000453408368424002 2.9254376698872875e-13 -1.275803745236412e-7
5880 15.96213323678039 0.0027167749335565354 0.0001481085520941247 0.0005934741834177082 2.9304336734981007e-13 -1.4954427838444531e-7
5890 15.989289981838894 0.002714598708563534 0.00015015352916406113 0.0006191338705273663 2.938205234670477e-13 -1.797846238221648e-7
5900 16.016426702827278 0.002713332522531906 0.0001423617426408442 0.0005794103271158368 2.9398705692074145e-13 -1.701940470391644e-7
5910 16.043567321426266 0.002715004808567473 0.00013763202671011803 0.000412919001107126 2.944311461305915e-13 -1.365409181380526e-7
5920 16.07072956268282 0.00271694666399867 0.00014593380120509966 0.0004830943074982663 2.952083022478291e-13 -1.3323327330831988e-7
5930 16.097896740871818 0.0027160753862203496 0.0001561171697389249 0.0006323114244382033 2.954858580039854e-13 -1.6663620487827407e-7
5940 16.125044395599172 0.002713776767668162 0.00015531740010782911 0.000664656859323931 2.9598545836506673e-13 -1.8453288396774345e-7
5950 16.15217904557312 0.0027137077317982115 0.00014709219366030316 0.0005408304628111149 2.963185252724543e-13 -1.591163587973978e-7
5960 16.179328002064814 0.0027159825512893675 0.0001458098103851484 0.00046594127963228704 2.9704017023846063e-13 -1.3097063093349095e-7
5970 16.206495756860633 0.002716977742674543 0.00015407343832695518 0.0005415300300427583 2.975952817507732e-13 -1.4463422325947204e-7
5980 16.233656950469417 0.0027151210708584975 0.0001578787137014172 0.0006723325571388328 2.9803937096062327e-13 -1.7782973964333487e-7
5990 16.26079667014844 0.00271335496954048 0.00015041120910987764 0.0006384454315568888 2.9848346017047334e-13 -1.77080836292272e-7
6000 16.2879341606531 0.0027145021864174463 0.0001416170618964221 0.00046624134247186255 2.989275493803234e-13 -1.430201234751266e-7
6010 16.315092261656464 0.0027167305608973916 0.00014471510393297856 0.000498852751079748 2.99482660892636e-13 -1.293680338106465e-7
6020 16.342260984520795 0.0027164981709826464 0.00015349724790267113 0.0005832989878935546 3.0003777240494856e-13 -1.5765285481510877e-7
6030 16.36941352773066 0.0027141813347499474 0.00015361598630315567 0.0006375481683200679 3.0042635046356736e-13 -1.827956833122535e-7
6040 16.396548760510168 0.0027134580635213997 0.0001447213448721065 0.0005600757539655499 3.009259508246487e-13 -1.6490474632688268e-7
6050 16.423693175658787 0.002715489628291704 0.0001409583566726378 0.0004239170288048433 3.0148106233696126e-13 -1.3258788816861156e-7
6060 16.450858624438077 0.0027170365589660947 0.0001489806815712563 0.0005237355596969806 3.0203617384927384e-13 -1.3741440566157614e-7
6070 16.478023515577068 0.002715646619098469 0.000155925020832169 0.0006296946034116679 3.0253577421035516e-13 -1.7186524074123272e-7
6080 16.505167195256238 0.002713523673792225 0.00015147989378806615 0.0006302640829326522 3.0309088572266774e-13 -1.8118115558264473e-7
6090 16.532302702778377 0.002714054308405846 0.00014249758689674708 0.0004982629057749266 3.034239526300553e-13 -1.5060266361777153e-7
6100 16.559456162944077 0.0027163912847269055 0.00014339561128966658 0.00047087718241878296 3.040345752935991e-13 -1.2871388760729574e-7
6110 16.58662508500932 0.0027168173102639923 0.00015263242521705095 0.0005541883363511246 3.0453417565468044e-13 -1.5032837777893826e-7
6120 16.613782452954442 0.002714665117551416 0.0001552542583325498 0.0006538060379214228 3.051447983182243e-13 -1.8102920499099562e-7
6130 16.640919599454325 0.0027133475783114504 0.0001474573859598997 0.000589588678862385 3.0581093213299937e-13 -1.720273483524215e-7
6140 16.668060068674095 0.0027149742840999335 0.00014155779103243845 0.0004198008467692915 3.059219544354619e-13 -1.3779042388074175e-7
6150 16.69522212595775 0.002716949477541359 0.00014817520693624723 0.0004980615959820911 3.064215547965432e-13 -1.3296190028936478e-7
6160 16.722389679555242 0.0027161366771006373 0.00015723161955250923 0.0006177797967744647 3.06810132855162e-13 -1.65502546191831e-7
6170 16.74953797122605 0.002713829740034153 0.00015602734442079054 0.0006540919498539965 3.0769831127486214e-13 -1.8383774916160825e-7
6180 16.776672809844708 0.002713698042741297 0.00014771069840048532 0.0005349585888030362 3.078648447285559e-13 -1.590050873413653e-7
6190 16.803821505592015 0.002715956007909125 0.00014641296497442202 0.0005056946420032293 3.0858648969456226e-13 -1.3053749456050427e-7
6200 16.83098926816819 0.0027170068635080135 0.00015483242489984465 0.0005859438745264844 3.091971123581061e-13 -1.4362895751606213e-7
6210 16.858151022528535 0.002715189100611115 0.00015880351841688982 0.0006641386281649453 3.0953017926549364e-13 -1.77171435828837e-7
6220 16.885291265786403 0.0027133840877927805 0.00015103333721656916 0.0006331906423063804 3.1002977962657496e-13 -1.7733117496375767e-7
6230 16.912428708229132 0.0027144758212999625 0.00014119359849505163 0.000462804098839642 3.1047386883642503e-13 -1.4331691733674091e-7
6240 16.93958656672144 0.0027167211104796346 0.00014290039627961617 0.00047559956678910886 3.109179580462751e-13 -1.2861418072821067e-7
6250 16.966755540114683 0.0027165506981743333 0.0001510668037149135 0.0006130709319717154 3.114175584073564e-13 -1.56182914110762e-7
6260 16.993908725404918 0.002714242739035327 0.00015119515380676042 0.0006258952109033933 3.120836922221315e-13 -1.8192406388699358e-7
6270 17.021044273986504 0.002713460988435284 0.00014281922501697668 0.0005648246184294381 3.125832925832128e-13 -1.6506008584410908e-7
6280 17.04818847436855 0.0027154597577744946 0.00014008566089353594 0.0003948680322198861 3.1308289294429414e-13 -1.3293060819115294e-7
6290 17.075353822947687 0.0027170518944874644 0.00014973332889912816 0.0004993371764252519 3.135269821541442e-13 -1.3741586615595826e-7
6300 17.102519187561988 0.00271571234286 0.0001584283178107174 0.0006575986420455093 3.1397107136399427e-13 -1.722479705929569e-7
6310 17.129663462737224 0.002713565508127122 0.00015558122719974167 0.0006616424679709576 3.145816940275381e-13 -1.826745951071698e-7
6320 17.156799040789803 0.002714035077343886 0.00014757653110984104 0.0005132244644951434 3.1502578323738817e-13 -1.5253337957137103e-7
6330 17.183952233184876 0.0027163713623255185 0.00014836740084120493 0.0004904907015479409 3.15636405900932e-13 -1.297445247828981e-7
6340 17.211121277233882 0.0027168582144713755 0.0001568952309752091 0.0005772671530080986 3.1608049511078207e-13 -1.5026574448444557e-7
6350 17.23827925982945 0.0027147314784449496 0.0001588462670728926 0.0006865547637457947 3.1646907316940087e-13 -1.8090790956948061e-7
6360 17.265416841175856 0.002713364123195928 0.00015019990901508134 0.0006247200437895506 3.171907181354072e-13 -1.7235922385747202e-7
6370 17.292557173928618 0.0027149444996367364 0.00014292894373485243 0.0004315755212853656 3.176348073452573e-13 -1.377667783798199e-7
6380 17.319719044360546 0.0027169511426328656 0.00014800672415386383 0.0005183587060421102 3.1807889655510735e-13 -1.3183196467597344e-7
6390 17.34688696042606 0.002716196819920713 0.00015605518534148255 0.000601271426184824 3.1857849691618867e-13 -1.639105824272416e-7
6400 17.37403588725219 0.002713883371126947 0.0001541698104206389 0.0006416661445806104 3.1913360842850125e-13 -1.829542332493217e-7
6410 17.40117092840741 0.0027136899381475024 0.00014513941770878514 0.0005397810444058848 3.195776976383513e-13 -1.588216859554903e-7
6420 17.42831937316321 0.00271592968024733 0.0001434340754891802 0.0004511920173361217 3.2007729799943263e-13 -1.300365114892399e-7
6430 17.455487136831398 0.0027170348906274144 0.00015242342368822307 0.0005362044759448237 3.2046587605805144e-13 -1.425488593449764e-7
6440 17.482649442698996 0.0027152567007242587 0.00015768324437561058 0.0006506410524440565 3.21020987570364e-13 -1.765635395415896e-7
6450 17.509790214300487 0.0027134142859885687 0.00015156172531789443 0.0006227380824985751 3.214650767802141e-13 -1.7799606746426305e-7
6460 17.53692762117085 0.002714450325826719 0.00014348996590984056 0.0004686803118840732 3.2213121059498917e-13 -1.4459950319761772e-7
6470 17.564085236725074 0.002716710760013473 0.00014654877196316877 0.0004940737414891316 3.226308109560705e-13 -1.2943048740589325e-7
6480 17.591254448308923 0.002716601984186014 0.0001555529891276769 0.0005860292698578462 3.2296387786345804e-13 -1.5662257102540267e-7
6490 17.61840827134082 0.0027143044676206547 0.00015617788598998517 0.000663305289457794 3.236855228294644e-13 -1.8287951600998165e-7
6500 17.645544146963335 0.0027134653585799023 0.00014764195498276225 0.0005718283726264817 3.237965451319269e-13 -1.665105076546075e-7
6510 17.672688141688525 0.0027154300473786054 0.00014365556201277778 0.00040626239437435707 3.247402347028583e-13 -1.3369130277048752e-7
6520 17.69985338126634 0.0027170659937346036 0.00015173436098161496 0.0005153133482305172 3.2507330161024584e-13 -1.368231813238599e-7
6530 17.727019205947432 0.002715777456832288 0.00015953417318592518 0.0006440492667026954 3.260725023324085e-13 -1.711782144899138e-7
6540 17.7541640785913 0.002713608363628505 0.0001563946242122303 0.0006517230431229981 3.259059688787147e-13 -1.8227654414890116e-7
6550 17.781299742061464 0.002714017205795739 0.00014832899756514183 0.0005096902382889512 3.265721026934898e-13 -1.526475154328276e-7
6560 17.808452671361735 0.002716350904097234 0.0001491133542038806 0.0005275694445571188 3.270717030545711e-13 -1.2942055406711445e-7
6570 17.835621823816012 0.0027168974170520828 0.00015779368482596561 0.0005907916197973595 3.2779334802057747e-13 -1.4945053385197372e-7
6580 17.862780409607936 0.002714797370153097 0.00015981332751760854 0.0006790199787588547 3.2823743723042753e-13 -1.8055913734398973e-7
6590 17.889918430831024 0.0027133817722508977 0.00015072573819711494 0.0006196943755307771 3.287925487427401e-13 -1.7279393311631433e-7
6600 17.917058637668617 0.0027149153139853655 0.000142306255006196 0.00042927873021292307 3.2912561565012766e-13 -1.3795402646711877e-7
6610 17.944220317060893 0.00271695157633137 0.00014612047222044056 0.0004986455471435169 3.295697048599777e-13 -1.3085150803601698e-7
6620 17.971388580866062 0.002716255626703889 0.0001537069840247589 0.0006232270768312675 3.299582829185965e-13 -1.6236943188560417e-7
6630 17.998538138981765 0.002713937320909933 0.00015195900788150148 0.0006344778970367448 3.3073543903583413e-13 -1.821472000033741e-7
6640 18.025673392835763 0.002713682958000131 0.00014352667553195264 0.0005443769843803681 3.310129947919904e-13 -1.5894886708404843e-7
6650 18.05282159200874 0.0027159030964382025 0.00014304030806368186 0.0004244882185527876 3.3162361745553426e-13 -1.3022272551012945e-7
6660 18.079989345634296 0.00271706134129192 0.0001536054029487208 0.0005259018587486786 3.3228975127030935e-13 -1.4249768511286336e-7
6670 18.107152191099882 0.002715323755648253 0.00016053787038482353 0.0006762380997480388 3.3256730702646564e-13 -1.771241487022828e-7
6680 18.134293495359827 0.002713445673179571 0.00015590765294791128 0.000651326570959454 3.3323344084124074e-13 -1.7969555885740776e-7
6690 18.161430878961852 0.002714425737800508 0.00014859703651800296 0.0004793538448786827 3.3362201889985954e-13 -1.4652772332174216e-7
6700 18.188588251625635 0.002716699525845249 0.00015135756967202363 0.000512890012748346 3.3401059695847835e-13 -1.3032863131862376e-7
6710 18.215757688557638 0.002716651928131406 0.0001596314889514319 0.0006130973202898016 3.3451019731955967e-13 -1.5655230548563745e-7
6720 18.242912144305368 0.00271436646636797 0.0001595745072348493 0.0006948610184134285 3.3506530883187224e-13 -1.8289519314638276e-7
6730 18.27004835927481 0.002713471282929818 0.00015012374883522733 0.0006051024575178809 3.356204203441848e-13 -1.668808453317988e-7
6740 18.29719215978906 0.002715400794995945 0.00014470624365051804 0.0004219574143216054 3.360645095540349e-13 -1.3349591180926434e-7
6750 18.32435728495172 0.0027170788767317 0.00015136440621731675 0.0005355498343170284 3.3650859876388495e-13 -1.3551787551467284e-7
6760 18.35152355755092 0.002715841926183674 0.0001582868693907262 0.0006300723657300944 3.3700819912496627e-13 -1.6961511580589755e-7
6770 18.378669030089714 0.0027136531207583516 0.0001545163879930174 0.0006414528795373187 3.3745228833481633e-13 -1.8151436292912493e-7
6780 18.405804794712672 0.0027140010132101237 0.0001458093144894793 0.0005143991338012466 3.380073998471289e-13 -1.5243681722454383e-7
6790 18.4329574681869 0.0027163303071010276 0.0001463523052545445 0.0004776211674147879 3.3850700020821023e-13 -1.2876408197158573e-7
6800 18.460126720916993 0.0027169354188320157 0.000155790545509783 0.0005584415006415488 3.389510894180603e-13 -1.4834163312126003e-7
6810 18.487285902395648 0.0027148630868836167 0.0001591330741342634 0.0006670867047618989 3.3939517862791035e-13 -1.8013218446109175e-7
6820 18.514424371519077 0.0027134007382350602 0.00015171122680947413 0.0006103477830071702 3.4006131244268545e-13 -1.7362386099109214e-7
6830 18.541564463941803 0.0027148867990054453 0.00014491040768749964 0.0004349411172858142 3.40394379350073e-13 -1.3920201042717795e-7
6840 18.568725949506387 0.0027169510133934027 0.00014994610431908373 0.0005159567659168696 3.4100500201361683e-13 -1.315691673976771e-7
6850 18.595894549256112 0.0027163134210550217 0.00015828605451660246 0.0006191803265236384 3.414490912234669e-13 -1.628703081030941e-7
6860 18.62304473680512 0.002713991811590358 0.00015688388940213448 0.0006677994400435816 3.4189318043331696e-13 -1.8326153136856427e-7
6870 18.65018021568016 0.002713677233523244 0.00014808608342816161 0.0005514488629635439 3.42115225038242e-13 -1.6039568201658277e-7
6880 18.677328175558948 0.002715876286215497 0.00014625983362355545 0.0004356506600943222 3.4305891460917337e-13 -1.3077091902792895e-7
6890 18.7044959086932 0.002717086296673312 0.0001553407288153077 0.0005300472740263906 3.435585149702547e-13 -1.4173972539112747e-7
6900 18.731659282955064 0.0027153903223746728 0.00016156851455350628 0.000665611643853703 3.43836070726411e-13 -1.7611866394429132e-7
6910 18.75880112557903 0.00271347841390923 0.00015672888949561662 0.0006439276092143897 3.443356710874923e-13 -1.794480504190856e-7
6920 18.785938500412232 0.0027144023430230235 0.00014939295808732598 0.0004799148609778703 3.4516833835596117e-13 -1.466724420025339e-7
6930 18.813095630502485 0.002716687358353875 0.00015217439612634577 0.0005464711635826403 3.4561242756581123e-13 -1.299833839129338e-7
6940 18.840265277751662 0.0027167002082438122 0.0001606090906008705 0.000602620568594503 3.458899833219675e-13 -1.5587622197046142e-7
6950 18.867420357387527 0.0027144282703248745 0.00016054308376186344 0.0006890026246912928 3.4638958368304884e-13 -1.828071285389948e-7
6960 18.89455691887029 0.0027134783418811034 0.00015051922420722028 0.0006012930867851374 3.472222509515177e-13 -1.673957221737583e-7
6970 18.921700534122458 0.0027153718007183673 0.0001438700469800812 0.0004020538458012757 3.4744429555644274e-13 -1.33431107822564e-7
6980 18.948865537619348 0.0027170903541447007 0.00014941750972163528 0.0005202804614209411 3.479994070687553e-13 -1.3416158785410945e-7
6990 18.97603224436986 0.002715905347919344 0.0001560080793506402 0.0006279739297865294 3.4833247397614286e-13 -1.6783444963071382e-7
7000 19.003178315013358 0.0027136984880828732 0.0001525073253668622 0.0006368664293894266 3.489430966396867e-13 -1.8057326629675765e-7
7010 19.03031419062088 0.0027139860871311532 0.00014452906013585388 0.0005184800837294001 3.49442697000768e-13 -1.5236581223765061e-7
7020 19.057466610533062 0.00271630927300181 0.00014640370163374053 0.0004535764573161405 3.499978085130806e-13 -1.28745070999875e-7
7030 19.084635950716688 0.0027169718678451767 0.00015738926854096116 0.0005658189571555727 3.505529200253932e-13 -1.4833329959947024e-7
7040 19.11179571834591 0.0027149284794384435 0.00016239606090718035 0.0006897507958159022 3.5110803153770576e-13 -1.8104089835503858e-7
7050 19.13893464158358 0.0027134208666770897 0.00015633288560244803 0.0006355515911853349 3.514410984450933e-13 -1.7570841945869758e-7
7060 19.166074630589222 0.002714858950115076 0.00015011149581892886 0.00044239397294321137 3.519962099574059e-13 -1.413205572370851e-7
7070 19.1932359194595 0.0027169494084502907 0.00015464036279301156 0.0005334451862347711 3.5244029916725594e-13 -1.3256298571738957e-7
7080 19.220404842468348 0.002716370127614783 0.00016219028157462103 0.00064522200287076 3.527733660746435e-13 -1.630145531344052e-7
7090 19.247555657603705 0.002714046910530767 0.00016008718128939284 0.000697996175109239 3.534394998894186e-13 -1.8355478388615678e-7
7100 19.274691374086043 0.0027136729539345397 0.0001502746182828707 0.0005806720511085106 3.538280779480374e-13 -1.6084822316458393e-7
7110 19.301839103228243 0.0027158495461359826 0.00014694939047453167 0.00045107974084845903 3.5443870061158123e-13 -1.304011911481065e-7
7120 19.329006808164927 0.0027171099216574367 0.0001547316911259588 0.0005501094580957488 3.5493830097266255e-13 -1.4023546762546857e-7
7130 19.356170700860698 0.0027154563647576986 0.00016019865141478335 0.0006544823398840771 3.5532687903128135e-13 -1.7449365343792655e-7
7140 19.38331308736033 0.002713512428920121 0.00015476158437081186 0.0006360656708761514 3.5588199054359393e-13 -1.7860623746299154e-7
7150 19.410450468696773 0.002714380278959455 0.0001468705887988814 0.0004842893891609523 3.5638159090467525e-13 -1.4616188206972858e-7
7160 19.437607360815363 0.002716674876852618 0.00014960220855230055 0.0005027785081468394 3.5688119126575657e-13 -1.289107271502249e-7
7170 19.464777208573935 0.002716747349048186 0.00015898221191790266 0.0005875839066296074 3.5743630277806915e-13 -1.545298149493307e-7
7180 19.491932906241896 0.002714490125925391 0.00016029866853938636 0.0006786068457298455 3.5793590313915047e-13 -1.8239813388267953e-7
7190 19.519069823311185 0.0027134866343168267 0.0001519760673306041 0.0005929991001918378 3.5849101465146305e-13 -1.6830038420713456e-7
7200 19.54621326313936 0.0027153431835280017 0.0001468521039224283 0.0004129779781544274 3.590461261637756e-13 -1.347024946793396e-7
7210 19.573378140447616 0.002717100726573807 0.0001535033209338256 0.0005356462461417744 3.5943470422239443e-13 -1.3501957452609348e-7
7220 19.600545270486656 0.002715967965963562 0.00016072344794528185 0.0006483103906042009 3.5993430458347575e-13 -1.6873624143765031e-7
7230 19.627691940028505 0.002713744631170533 0.00015742356437109853 0.0006671199097586511 3.6032288264209456e-13 -1.8215835254770107e-7
7240 19.654827938191193 0.0027139722705927776 0.00014884244840676476 0.0005260204768428034 3.6071146070071336e-13 -1.5402985271625869e-7
7250 19.681980107668597 0.002716288054167328 0.00014927133530787134 0.00046403772841263624 3.615996391204135e-13 -1.29221034293487e-7
7260 19.709149524153453 0.002717007283651408 0.00015886477574473311 0.0005535821385665995 3.6148861681795097e-13 -1.47473727397842e-7
7270 19.736309869765595 0.002714993717551456 0.00016329848060789423 0.0006825355681697731 3.622102617839573e-13 -1.8005667848841524e-7
7280 19.763449255127433 0.002713442329239 0.00015709362430801012 0.0006310961574212959 3.6259883984257613e-13 -1.754680262602078e-7
7290 19.790589153589536 0.002714831839903804 0.0001509100574773307 0.0004459406483481865 3.6337599595981374e-13 -1.4133147385269023e-7
7300 19.817750242376242 0.0027169465999778123 0.0001554907989643173 0.000564711715484778 3.637090628672013e-13 -1.3208802595383369e-7
7310 19.84491947355577 0.0027164253988083216 0.0001631866216668376 0.0006370457173350275 3.6443070783320763e-13 -1.6241380811285913e-7
7320 19.872070909801884 0.002714102144506238 0.0001610245413418789 0.0006941017458892418 3.647082635893639e-13 -1.8364280560892858e-7
7330 19.899206872705697 0.0027136698387528048 0.0001505191573908931 0.0005783382587105645 3.65374397404139e-13 -1.6132400367025646e-7
7340 19.926354377526952 0.002715822717848523 0.00014590985866032627 0.0004346160583252878 3.6587399776522034e-13 -1.2998656665510335e-7
7350 19.953522044477992 0.002717132010666417 0.00015274745127762893 0.0005398483143870259 3.6615155352137663e-13 -1.3846751184012787e-7
7360 19.980686442884974 0.002715521525292481 0.0001579944159085396 0.0006311967004576369 3.6676217618492046e-13 -1.724702496493986e-7
7370 20.007829373630162 0.0027135471400958266 0.00015295217020559046 0.0006332790812750844 3.673727988484643e-13 -1.7752247633559792e-7
7380 20.034966771202043 0.0027143590030998836 0.00014591627576764052 0.0004877604130048008 3.679279103607769e-13 -1.459020140639352e-7
7390 20.06212342484818 0.0027166615631184663 0.00015007964257647338 0.00048084033182660413 3.685385330243207e-13 -1.2875959674718493e-7
7400 20.08929346003656 0.002716793149764342 0.0001609875841705355 0.0006038182060724706 3.689271110829395e-13 -1.5468344068467284e-7
7410 20.116449768607247 0.0027145520027957765 0.000163953778781803 0.0006994555077225462 3.6942671144402084e-13 -1.8374534700134265e-7
7420 20.14358704902807 0.0027134961141985266 0.00015685462210154717 0.0006159558326671588 3.701483564100272e-13 -1.7079889298242558e-7
7430 20.170730322791133 0.002715314909104735 0.0001520934214071165 0.0004251864645659076 3.703704010149522e-13 -1.3702456756286058e-7
7440 20.197895068553787 0.0027171098905930664 0.00015807712646330588 0.0005523084589328375 3.7087000137603354e-13 -1.3615199428639263e-7
7450 20.225062610186537 0.0027160297330655505 0.00016449351023404182 0.0006739761747113215 3.714806240395774e-13 -1.6914029936945752e-7
7460 20.2522098798002 0.0027137916207215216 0.00016044110693233464 0.0006965802665210852 3.719802244006587e-13 -1.8272372867865006e-7
7470 20.27934601350064 0.0027139597683681848 0.00015073755602532693 0.0005523826195646953 3.723688024592775e-13 -1.545174507394144e-7
7480 20.306497938548027 0.0027162666388011536 0.0001496384583696708 0.0004794984347893383 3.728684028203588e-13 -1.286452465205576e-7
7490 20.333667421561454 0.002717041504071902 0.00015805423090417686 0.0005616883513273052 3.734235143326714e-13 -1.4576802539762596e-7
7500 20.360828337054283 0.0027150591603547184 0.0001617983076648545 0.0006735707295151272 3.739231146937527e-13 -1.7834203544595667e-7
7510 20.38796819256173 0.002713465203757707 0.00015500712964543832 0.0006249119594681218 3.7442271505483404e-13 -1.7445700243451379e-7
7520 20.41510801464206 0.0027148057888303602 0.00014839847595310635 0.00044989369284131886 3.7481129311345285e-13 -1.4041200202714876e-7
7530 20.44226890513328 0.002716943118497743 0.00015311509595933735 0.0005262092019455711 3.752553823233029e-13 -1.305360065508715e-7
7540 20.46943843384095 0.0027164795976286553 0.00016185252478357828 0.0006235038499753376 3.7597702728930926e-13 -1.608164382580629e-7
7550 20.49659048815682 0.002714157764249409 0.0001611908769167987 0.0006848593289986438 3.7653213880162184e-13 -1.832477458242436e-7
7560 20.523726707343386 0.002713667950936611 0.00015241315440854257 0.0005706970483263518 3.7675418340654687e-13 -1.6231033566661834e-7
7570 20.550873995805294 0.0027157960576911526 0.00014931227993357995 0.000444060148776404 3.772537837676282e-13 -1.3134878012847906e-7
7580 20.578041618289244 0.0027171529392803133 0.0001571169122417124 0.0005523525127425488 3.7780889527994077e-13 -1.396041332604736e-7
7590 20.6052065123165 0.0027155860803178187 0.00016282990932648796 0.0006729944027078494 3.783084956410221e-13 -1.7390997152436083e-7
7600 20.63234999037607 0.0027135827251723497 0.00015785812135576477 0.0006611596016743437 3.7891911830456593e-13 -1.7963962989191173e-7
7610 20.65948741483511 0.002714338570660706 0.00014997239515424185 0.0004958310230676055 3.79363207514416e-13 -1.4777908766659686e-7
7620 20.68664383065478 0.0027166475402434806 0.00015261731693370014 0.0004908550317936911 3.7969627442180354e-13 -1.2915422511810756e-7
7630 20.71381404189883 0.002716837732459097 0.00016223085726076197 0.0005944433194464693 3.804179193878099e-13 -1.537230698684354e-7
7640 20.74097095606464 0.002714614105544836 0.00016473766571197492 0.0006948038542733403 3.809175197488912e-13 -1.8275026348278916e-7
7650 20.7681086097005 0.0027135069976771194 0.00015755084429876188 0.0006135495342640684 3.814726312612038e-13 -1.704842162013624e-7
7660 20.79525172726324 0.0027152869781089032 0.00015287536217396675 0.00045191302198988037 3.817501870173601e-13 -1.3681653945547595e-7
7670 20.82241633485709 0.0027171176162917943 0.00015894963125716609 0.0005834975158065525 3.822497873784414e-13 -1.3549703650758498e-7
7680 20.84958427347679 0.0027160902314482863 0.00016550832283383166 0.0006677436837313477 3.83026943495679e-13 -1.6857080248109113e-7
7690 20.87673213970156 0.002713839023781465 0.0001613345886895244 0.0006942323954640672 3.8336001040306655e-13 -1.8290679420946008e-7
7700 20.90386841895952 0.00271394832746633 0.00015083910996615911 0.0005510898203829329 3.8374858846168536e-13 -1.548659988616186e-7
7710 20.93102010353886 0.0027162448384842543 0.00014843662000089142 0.00046455376320342356 3.842481888227667e-13 -1.2786865766611607e-7
7720 20.958189641878317 0.0027170742372546147 0.0001560672950746204 0.0005673362963797279 3.8480330033507926e-13 -1.4368502327534437e-7
7730 20.985351115676323 0.0027151240575976855 0.0001597138640717146 0.0006496341828277075 3.854139229986231e-13 -1.7622454698986022e-7
7740 21.01249144418339 0.0027134893544654287 0.00015342594122684912 0.0006239909864613202 3.858025010572419e-13 -1.7336616621942234e-7
7750 21.039631199166998 0.0027147805045814135 0.00014773401327615674 0.00045288177614433156 3.861910791158607e-13 -1.400814379182182e-7
7760 21.06679188831572 0.002716938595406189 0.00015395487061449877 0.0005053982693451475 3.8663516832571077e-13 -1.30367502288363e-7
7770 21.09396170178949 0.0027165325695103233 0.00016428194261143444 0.0006401572708012448 3.872457909892546e-13 -1.612050077093603e-7
7780 21.121114369733867 0.0027142136430766284 0.00016516962323192508 0.0007058600634475276 3.878009025015672e-13 -1.8500260898702405e-7
7790 21.148250855033478 0.002713667302973767 0.00015747593078011075 0.0005933721647712886 3.88189480560186e-13 -1.6509418790082684e-7
7800 21.175397934811272 0.0027157694967163623 0.0001544842742191236 0.0004563861522439705 3.886890809212673e-13 -1.3372740964228972e-7
7810 21.202565505263237 0.0027171726226406507 0.0001615345645269714 0.0005692751367412097 3.8918868128234863e-13 -1.4076777146006475e-7
7820 21.22973088477509 0.002715650088072234 0.00016649100020189035 0.0006992587746295076 3.8968828164342995e-13 -1.744850178828192e-7
7830 21.25687491375557 0.0027136193446399247 0.00016070077019210893 0.0006908224663011442 3.9018788200451127e-13 -1.8037113818909854e-7
7840 21.284012378529944 0.0027143192722932606 0.00015159705750871405 0.0005207769723770683 3.906874823655926e-13 -1.4820614671249253e-7
7850 21.311168559951152 0.0027166329923796898 0.0001527319457539261 0.0005068213358968565 3.911870827266739e-13 -1.2834579566928933e-7
7860 21.33833893636008 0.002716881073624641 0.00016128432091473086 0.0005885437628737611 3.9163117193652397e-13 -1.518597679012884e-7
7870 21.365496450681018 0.0027146763634936758 0.00016314568155010244 0.000686811872168791 3.9218628344883655e-13 -1.810006400385089e-7
7880 21.39263448806854 0.0027135194533291183 0.00015537717929606687 0.0006078266555122891 3.926303726586866e-13 -1.6934060094453418e-7
7890 21.41977746317128 0.0027152599685893223 0.00015041170564292648 0.00041169167250409977 3.931854841709992e-13 -1.3554886060286597e-7
7900 21.44694193117841 0.0027171244688934623 0.00015678703613442377 0.0005474452912971328 3.93574062229618e-13 -1.3359020167684477e-7
7910 21.4741102560004 0.0027161498131587094 0.00016446694397449478 0.0006552146411787918 3.9418468489316183e-13 -1.668735276254621e-7
7920 21.501258718505827 0.0027138870028066 0.00016188476041520858 0.000685614572995541 3.9457326295178063e-13 -1.8263002073061908e-7
7930 21.52839515492581 0.002713938071003912 0.00015313046424325773 0.0005435692427270267 3.9518388561532447e-13 -1.559735676535251e-7
7940 21.555546605250267 0.00271622291669397 0.00015216557741165105 0.0004739646011622245 3.9562797482517453e-13 -1.2933079665891634e-7
7950 21.582716190583728 0.0027171057621440302 0.0001606342099647753 0.0005655007662870304 3.9623859748871837e-13 -1.450844031407328e-7
7960 21.609878214425553 0.002715188654977834 0.00016465196331989868 0.0006928382679012302 3.9668268669856843e-13 -1.7811665829585432e-7
7970 21.63701902139595 0.002713514624209318 0.0001582902617286796 0.0006498673857782133 3.9729330936211227e-13 -1.7584862128244838e-7
7980 21.66415871962114 0.0027147561433642797 0.0001515457010217639 0.00046123718026691574 3.979039320256561e-13 -1.4199736207698432e-7
7990 21.69131920574763 0.0027169334485376414 0.0001562071784359466 0.0005156792182361425 3.9812597663058114e-13 -1.305880290001539e-7
8000 21.718489292344675 0.00271658446054632 0.00016538682622938456 0.000632156531101602 3.988476215965875e-13 -1.601377535402626e-7
8010 21.745642571277923 0.0027142699552511742 0.00016589225853990463 0.0007022220642539656 3.9940273310890007e-13 -1.8401152938679003e-7
8020 21.772779334717324 0.0027136679961610134 0.00015815481148463863 0.0005914456006257396 4.000133557724439e-13 -1.6470246427799698e-7
8030 21.799926213734228 0.0027157429795114105 0.00015524296146334466 0.0004849998789229204 4.0023540037736893e-13 -1.3329976404710821e-7
8040 21.82709372335453 0.0027171908280313357 0.0001624328304157444 0.000602516805435771 4.005684672847565e-13 -1.399468001710266e-7
8050 21.85425957442379 0.0027157131113693922 0.00016754675018385676 0.0006941975070443585 4.0123460109953157e-13 -1.7393941177022068e-7
8060 21.881404154639384 0.0027136567363617234 0.00016154698345698145 0.00068920449289811 4.015676680069191e-13 -1.8059897311835009e-7
8070 21.90854167063367 0.0027143009086375734 0.00015157283588323637 0.0005197072815990578 4.022338018216942e-13 -1.4839274824201442e-7
8080 21.93569761885828 0.0027166177515931533 0.0001514235253206723 0.0004914626138543543 4.02622379880313e-13 -1.272764737592672e-7
8090 21.962868148276538 0.002716922922920608 0.00015934176875493354 0.0005967927664988215 4.032885136950881e-13 -1.49645863160246e-7
8100 21.990026253188734 0.0027147382679104347 0.0001612202857942379 0.0006625946575474773 4.0362158060247566e-13 -1.7900732784722623e-7
8110 22.017164680267744 0.0027135329253711983 0.0001540455393915754 0.0006092151464654472 4.0428771441725075e-13 -1.6842071859335275e-7
8120 22.044307521225267 0.00271523329937121 0.00015002897915959883 0.00041442093829130444 4.047318036271008e-13 -1.352767486849542e-7
8130 22.071471844636037 0.002717130245650142 0.00015794979155099036 0.0005268622433721726 4.051758928369509e-13 -1.334894511406444e-7
8140 22.098640543425216 0.0027162084228960293 0.00016724003454529027 0.0006741356782004049 4.056754931980322e-13 -1.6749712457268287e-7
8150 22.1257896001892 0.002713935476177922 0.00016610652388343523 0.0007085522038051684 4.0639713816403855e-13 -1.846648003646802e-7
8160 22.152926205022283 0.0027139289242610618 0.00015828004310688203 0.0005677265624245975 4.067302050714261e-13 -1.588229464948215e-7
8170 22.180077426480796 0.0027162007608796425 0.00015721838176328953 0.00048755199402006344 4.071187831300449e-13 -1.315477740765754e-7
8180 22.207247049757523 0.0027171360225813636 0.00016490918058874687 0.0005837708286396959 4.076183834911262e-13 -1.46114742076092e-7
8190 22.234409615349747 0.0027152529654746486 0.00016819073001496243 0.0007205058530234121 4.081734950034388e-13 -1.7872576378564174e-7
8200 22.261550907265732 0.002713541146819855 0.00016096911106613083 0.0006804969040027364 4.085620730620576e-13 -1.7661145823252324e-7
8210 22.288690561806742 0.00271473276140119 0.0001529512083943237 0.00048596303280556974 4.091171845743702e-13 -1.4227062989941724e-7
8220 22.315850845126835 0.0027169277158540844 0.00015615670497863112 0.0005325754803116034 4.0945025148175773e-13 -1.295504364509474e-7
8230 22.343021193842116 0.0027166356375786195 0.00016436763863002832 0.0006196374287956719 4.098943406916078e-13 -1.582057447433935e-7
8240 22.370175080588265 0.002714326688467874 0.00016427704324108029 0.0006940826212865625 4.1050496335515163e-13 -1.8234014129842047e-7
8250 22.39731213401819 0.002713670185620968 0.00015598479732623093 0.0005853161156693099 4.1100456371623295e-13 -1.6354514313990376e-7
8260 22.424458824011417 0.0027157169673111153 0.00015282255791108375 0.0004440140725554542 4.1155967522854553e-13 -1.3184954950583305e-7
8270 22.451626268671035 0.0027172080182894394 0.00016049717708320572 0.0005660162526982537 4.120037644383956e-13 -1.3791273509138058e-7
8280 22.478792582023452 0.002715775524271626 0.00016683383014351398 0.0006822626031215417 4.1244785364824565e-13 -1.7236266778783427e-7
8290 22.505937715169484 0.0027136949316575883 0.00016244881145030115 0.000680757049159042 4.128919428580957e-13 -1.8056526007205476e-7
8300 22.533075293651656 0.0027142836079936837 0.00015420142960653467 0.0005123384575634882 4.134470543704083e-13 -1.4963198537165656e-7
8310 22.56023101199428 0.0027166021011168487 0.00015535722201048024 0.0005023458017723303 4.1400216588272087e-13 -1.287695331857186e-7
8320 22.58740168445865 0.0027169635769059204 0.00016399058233864425 0.0005928618519153162 4.146127885462647e-13 -1.511702468256354e-7
8330 22.614560373692154 0.002714800083797801 0.0001662089524223417 0.000707483315214974 4.150013666048835e-13 -1.8112722813788673e-7
8340 22.64169919722004 0.002713547460895075 0.00015881552866815808 0.000633247998595432 4.152789223610398e-13 -1.7098981009051883e-7
8350 22.668841913039294 0.002715207057369885 0.00015359290129081098 0.0004226595401615185 4.156675004196586e-13 -1.3700381591968264e-7
8360 22.696006087714917 0.0027171349726132824 0.00015997439287266963 0.0005381870113133624 4.1627812308320244e-13 -1.3344502723319773e-7
8370 22.723175149293667 0.002716266202944958 0.0001682830933242886 0.000666063225634228 4.1705527920044005e-13 -1.6634983619604783e-7
8380 22.750324800163945 0.0027139846798539956 0.00016683828789277547 0.0007044444748656176 4.175548795615214e-13 -1.8373887651992622e-7
8390 22.777461584833866 0.002713920975513913 0.0001590050108645551 0.000564802298809064 4.1799896877137144e-13 -1.5840611319954115e-7
8400 22.804612582585086 0.0027161783153217367 0.0001580134347953072 0.0005193111485268798 4.1860959143491527e-13 -1.3095683321236016e-7
8410 22.83178223319221 0.0027171647364723655 0.00016587804575146878 0.0006202419195031617 4.189426583423028e-13 -1.451895959269009e-7
8420 22.85894532836071 0.0027153165628258195 0.0001692918424822765 0.0007158224199870222 4.194977698546154e-13 -1.7823251084375602e-7
8430 22.886087107716687 0.002713568511665201 0.00016176447935322086 0.0006787881279276542 4.1994185906446546e-13 -1.7686977543909966e-7
8440 22.91322672822505 0.002714710072206651 0.00015279944312904608 0.00048430996553733285 4.2049697057677804e-13 -1.4230512927186409e-7
8450 22.940386807535486 0.002716921123614156 0.00015479754078243546 0.0005156586537022889 4.2099657093785936e-13 -1.2829703978974796e-7
8460 22.967557405216326 0.002716685523397549 0.00016250787195974835 0.0006259281708469455 4.217182159038657e-13 -1.5605372120442425e-7
8470 22.99471189278054 0.0027143837939586552 0.00016253672485194134 0.0006742697728436831 4.2194026050879074e-13 -1.8065845695759972e-7
8480 23.02184924298437 0.002713673557410952 0.00015488548271296742 0.000589070675929948 4.2260639432356584e-13 -1.6291958497496436e-7
8490 23.048995750161172 0.0027156910045829058 0.0001528026213845484 0.0004186936497482252 4.2299497238218464e-13 -1.31705196777428e-7
8500 23.07616312312756 0.0027172239712374615 0.00016196578759748509 0.0005451919188621535 4.2349457274326596e-13 -1.3790675136930289e-7
8510 23.103329887521515 0.0027158371538421517 0.00016984366249931767 0.0007044077397592163 4.23938661953116e-13 -1.7316970190335586e-7
8520 23.13047557464343 0.002713733890834964 0.00016683618196514514 0.0007065179012687439 4.244937734654286e-13 -1.827217770525752e-7
8530 23.157613226428243 0.0027142672995421994 0.00015933851795094548 0.0005383591974436608 4.2493786267527867e-13 -1.5233097376913453e-7
8540 23.1847687174338 0.002716585985009039 0.00016025493507154445 0.0005179001270395611 4.255484853388225e-13 -1.3063835477405012e-7
8550 23.21193952289218 0.0027170030435017473 0.00016812985009650403 0.0006174185754123096 4.260480856999038e-13 -1.519405011906591e-7
8560 23.23909878987666 0.002714861864792677 0.00016961446040767228 0.0007368778647187657 4.2638115260729137e-13 -1.8166425870427914e-7
8570 23.26623801812938 0.00271356326189192 0.0001613389112966599 0.0006651296153561415 4.268807529683727e-13 -1.7167867116904979e-7
8580 23.29338062061219 0.002715181472010642 0.00015482246869906333 0.0004477983399509 4.2743586448068527e-13 -1.3706494772980013e-7
8590 23.320544644197295 0.002717138759137942 0.00015982734462369538 0.0005562326741230805 4.2787995369053533e-13 -1.3221457317857954e-7
8600 23.347714057984643 0.002716323091642351 0.00016725498957906865 0.0006531273088734579 4.2849057635407917e-13 -1.6445654354817207e-7
8610 23.37486430216334 0.0027140345627343293 0.00016525698356639648 0.0006955193916931002 4.289901767151605e-13 -1.82265816106586e-7
8620 23.4020012795892 0.0027139145542859934 0.00015691020013193635 0.0005596140815145589 4.2943426592501055e-13 -1.5736222778658937e-7
8630 23.429152062492832 0.002716156047486224 0.00015571313631221423 0.0004759920426216091 4.2998937743732313e-13 -1.2950025143898536e-7
8640 23.456321734422993 0.0027171923751047175 0.00016422014277729107 0.0005814537078336901 4.305444889496357e-13 -1.43251563784752e-7
8650 23.483485351471884 0.0027153797464829522 0.00016891107029390099 0.00070426382989075 4.3104408931071703e-13 -1.7696424935934735e-7
8660 23.51062762210808 0.0027135968126281314 0.0001629952856599991 0.0006702665283691012 4.315992008230296e-13 -1.7715181187131016e-7
8670 23.537767219671732 0.0027146882330450523 0.00015567443896978206 0.0004772278538255903 4.3204329003287967e-13 -1.4363335496848928e-7
8680 23.564927095457264 0.002716913870290954 0.00015884614355247723 0.0005289611892409507 4.3232084578903596e-13 -1.2970756592227406e-7
8690 23.592097931978007 0.0027167343803903656 0.0001671980602559983 0.0006332218864704142 4.330424907550423e-13 -1.575319632657335e-7
8700 23.619253016003253 0.0027144410852112566 0.0001674977103850382 0.0007166166524681383 4.3354209111612363e-13 -1.8276902848460286e-7
8710 23.646390671227447 0.0027136782538265455 0.0001594880546924022 0.0006113674505756617 4.3393066917474243e-13 -1.6531861353388105e-7
8720 23.673537003101348 0.0027156653644552736 0.00015612238209247446 0.0004270496220019071 4.3459680298951753e-13 -1.330685547931698e-7
8730 23.700704297758154 0.002717238737207754 0.00016381128744145687 0.0005580725587228663 4.350408921993676e-13 -1.375641655206039e-7
8740 23.727871502845588 0.0027158981028216505 0.00017087754409187073 0.0006954255763578221 4.3548498140921765e-13 -1.7200595411599566e-7
8750 23.7550177460298 0.002713773707361738 0.0001676345804807552 0.0007010813464153332 4.358180483166052e-13 -1.8193729280535816e-7
8760 23.78215548278311 0.002714252063617571 0.00016015083394642192 0.0005336003507482312 4.3665071558507407e-13 -1.5195180480416764e-7
8770 23.809310749403586 0.002716569360650541 0.00016114453349507147 0.0005528515120674093 4.369837824924616e-13 -1.2995804362071842e-7
8780 23.836481675749383 0.002717041024945026 0.00016920389059392688 0.0006346555234764129 4.37927472063393e-13 -1.5099400426357524e-7
8790 23.863641510476437 0.0027149232445986666 0.00017075403882450626 0.0007320643321432341 4.3814951666831803e-13 -1.8127187423269192e-7
8800 23.890781147599014 0.0027135799724312113 0.0001620737587477867 0.0006628076060581911 4.3853809472693683e-13 -1.7197377811228784e-7
8810 23.917923645067276 0.0027151563242578374 0.00015454279860718396 0.00044506458543674965 4.390932062392494e-13 -1.3697159420362995e-7
8820 23.945087513963045 0.0027171414580279838 0.0001584564687433861 0.0005376888635212351 4.39648317751562e-13 -1.3087152980699285e-7
8830 23.972257266774264 0.00271637876585047 0.0001655070414890806 0.0006517927831146686 4.4025894041510583e-13 -1.6249709774644607e-7
8840 23.999408100022258 0.0027140846649842633 0.00016372051152406026 0.000679910884467172 4.409250742298809e-13 -1.8098331652459808e-7
8850 24.026545277508177 0.0027139090278763787 0.00015605042377420415 0.0005636300922410853 4.409805853811122e-13 -1.5705083501397676e-7
8860 24.05369585012238 0.0027161336858698227 0.00015603549569715073 0.00045038976185074464 4.4170223034711853e-13 -1.2947510072993004e-7
8870 24.080865534589215 0.0027172187552543087 0.00016595786243499462 0.0005651677022252555 4.4231285301066237e-13 -1.43324854259465e-7
8880 24.108029663280934 0.002715442373318858 0.00017212414342085043 0.0007295010864403206 4.426459199180499e-13 -1.7789778082962697e-7
8890 24.135172428813213 0.0027136259892825624 0.00016749027523332456 0.0006986573591526435 4.4314552027913123e-13 -1.7930927880711155e-7
8900 24.162312013279838 0.0027146671386286455 0.0001607587557581986 0.0005045356004961254 4.4381165409390633e-13 -1.4604485103774646e-7
8910 24.189471685767035 0.002716905908461448 0.0001635623167453165 0.0005465768074233157 4.4420023215252513e-13 -1.3114170417053567e-7
8920 24.216642750403395 0.002716782129699992 0.00017117354960483283 0.000659608991119387 4.4458881021114394e-13 -1.5800741725128262e-7
8930 24.243798426857825 0.0027144986642478573 0.00017077651389388112 0.0007475370211409427 4.451439217234565e-13 -1.8319806971341676e-7
8940 24.27093639684858 0.0027136842495033646 0.00016186313755577338 0.0006442710475422775 4.4564352208453784e-13 -1.6588161964273696e-7
8950 24.298082563010045 0.002715640380673049 0.0001571774022157852 0.0004417387342023904 4.460876112943879e-13 -1.3289941371745842e-7
8960 24.32524977484282 0.0027172527525100676 0.00016360078204720487 0.0005772441353598667 4.466427228067005e-13 -1.361938379920713e-7
8970 24.35241741036599 0.002715958333301355 0.00016989147910326724 0.0006820593938221542 4.471423231677818e-13 -1.7024113013741626e-7
8980 24.379564211393006 0.0027138143827164425 0.00016611902862328208 0.0006913291063985749 4.4758641237763186e-13 -1.8073718873780342e-7
8990 24.40670204617915 0.0027142381262360064 0.00015816320834401135 0.0005288189176561042 4.481970350411757e-13 -1.5109051342346302e-7
9000 24.433857094856037 0.002716552666937424 0.00015905441692153134 0.0005069228278291593 4.48474590797332e-13 -1.2860430050921912e-7
9010 24.461028135234685 0.002717078020618864 0.00016787864350620898 0.0005932928035586871 4.489741911584133e-13 -1.492919995647879e-7
9020 24.48818853112288 0.002714984466291629 0.00017070292868205328 0.0007208842025562268 4.4969583612441966e-13 -1.8040558616037525e-7
9030 24.51532858315297 0.0027135977491417056 0.00016362220783049168 0.0006541932261254768 4.5008441418303846e-13 -1.7256571381747687e-7
9040 24.542470985444375 0.0027151317723730197 0.00015758056453482133 0.00043797890371255477 4.505285033928885e-13 -1.3831145976792025e-7
9050 24.569634697560065 0.0027171432924303473 0.0001625540623726197 0.0005535528818362279 4.5102810375396984e-13 -1.3210272520498834e-7
9060 24.596804779585668 0.0027164335310341232 0.0001702041069976535 0.0006693515381047677 4.516387264175137e-13 -1.6381637388089565e-7
9070 24.623956199904402 0.002714135189055708 0.0001685907502258381 0.0007199847800768433 4.5208281562736374e-13 -1.829370643406658e-7
9080 24.6510935873665 0.002713904600434906 0.0001604272996906073 0.0005843607380766058 4.5247139368598255e-13 -1.591323902459113e-7
9090 24.67824395530562 0.0027161112186217923 0.00015911062045402246 0.0004603149384564409 4.529154828958326e-13 -1.304040194035315e-7
9100 24.7054136441261 0.002717243979485027 0.00016766348178706442 0.0005749728768845719 4.535816167106077e-13 -1.4271672762263161e-7
9110 24.732578275341975 0.0027155045963421507 0.00017318703213837415 0.000719558779559315 4.539701947692265e-13 -1.7679323275612488e-7
9120 24.759721539833908 0.002713656166569047 0.0001683839547103376 0.000691826318952482 4.5469183973523286e-13 -1.7871878769612232e-7
9130 24.786861123273773 0.0027146469371686853 0.00016168798289687076 0.0004979037479255211 4.551359289450829e-13 -1.4573862860382954e-7
9140 24.814020593042194 0.002716897169927589 0.00016456380010278421 0.0005838357111656034 4.554689958524705e-13 -1.304317341339343e-7
9150 24.84119187319198 0.0027168284829627697 0.0001723419847038103 0.000650032103843845 4.561906408184768e-13 -1.5711776994137392e-7
9160 24.86834813428685 0.0027145560810895946 0.00017194776633394515 0.0007424846941920249 4.566902411795581e-13 -1.8295273567864105e-7
9170 24.89548642508417 0.002713691243873976 0.00016253353141480246 0.0006412198424677884 4.570788192381769e-13 -1.6621600991022917e-7
9180 24.92263243317971 0.002715615662483866 0.00015678503361409493 0.0004179306185604359 4.57522908448027e-13 -1.3268568701248085e-7
9190 24.949799556090877 0.00271726568962452 0.00016225978234532052 0.0005578558843856163 4.579669976578771e-13 -1.3480511738796224e-7
9200 24.9769676098226 0.0027160179108453968 0.0001682725309565588 0.0006719578744270871 4.585776203214209e-13 -1.68512257745408e-7
9210 25.00411496666463 0.0027138555245669028 0.0001647995351135777 0.0006791916148097821 4.59243754136196e-13 -1.7982905895431662e-7
9220 25.031252907808554 0.002714225008504861 0.00015756380805639545 0.0005330063647354666 4.595768210435835e-13 -1.510197415347934e-7
9230 25.0584077413506 0.002716535542727791 0.0001596635309223408 0.00048150243640754375 4.601319325558961e-13 -1.2863991829300165e-7
9240 25.085578885451046 0.0027171137413651856 0.00016983463245260982 0.0006142546992542464 4.6074255521944e-13 -1.4942405188418328e-7
9250 25.11273983470453 0.0027150454638041406 0.00017411639437566446 0.0007482835357199846 4.608535775219025e-13 -1.8144327404934373e-7
9260 25.13988030717842 0.00271361655012358 0.00016819078371480944 0.0006842423474332504 4.615752224879088e-13 -1.7467681384453786e-7
9270 25.167022623911073 0.0027151078145905097 0.00016259753321630136 0.0004658926659060203 4.620193116977589e-13 -1.4040315369407348e-7
9280 25.194186176967197 0.0027171442380201864 0.0001670827743456766 0.000572827387367858 4.625744232100715e-13 -1.3312807578361467e-7
9290 25.221356577177037 0.0027164873283336203 0.00017400095628193466 0.0006970784878416181 4.631850458736153e-13 -1.6405537505098742e-7
9300 25.248508583191477 0.0027141862101410646 0.00017173149893684884 0.0007518827555486052 4.634626016297716e-13 -1.832873143136791e-7
9310 25.275646192111996 0.002713901440418835 0.00016263436240760806 0.0006177228682998637 4.637956685371591e-13 -1.595623552467975e-7
9320 25.302796363271167 0.002716088873181965 0.00015998649878517328 0.0004758417948739213 4.644618023519342e-13 -1.300125291639996e-7
9330 25.32996604995914 0.00271726808637988 0.00016739652962112522 0.0005950705888513319 4.649614027130156e-13 -1.4125486480064814e-7
9340 25.357131174753686 0.0027155664089036882 0.00017224764770138614 0.0007061880177923197 4.655165142253281e-13 -1.7520249247747477e-7
9350 25.38427494296073 0.0027136875431865806 0.00016693622847896794 0.0006816441906627446 4.660716257376407e-13 -1.7779237947157522e-7
9360 25.411414538434304 0.0027146278717865755 0.0001598295982205972 0.0004932582427573107 4.665157149474908e-13 -1.4504139693970186e-7
9370 25.438573809589972 0.0027168881014820795 0.00016271233715819828 0.0005363297267884093 4.669598041573408e-13 -1.2919324169496926e-7
9380 25.46574529749311 0.0027168738592001284 0.0001713479479813497 0.0006347986724207777 4.674038933671909e-13 -1.5568538241743368e-7
9390 25.49290213859199 0.0027146135700556033 0.00017223560048938981 0.00073182638715652 4.680145160307347e-13 -1.8248216922169685e-7
9400 25.52004075887356 0.00271369937024899 0.00016438304656190628 0.0006326393287700016 4.684586052405848e-13 -1.6705261580464426e-7
9410 25.54718661746608 0.002715591300624535 0.00016000286741322026 0.00043138398499686925 4.688471832992036e-13 -1.3396554897869561e-7
9420 25.574353647625244 0.002717277717196721 0.00016641028290776953 0.000575755790901189 4.695133171139787e-13 -1.358278697970866e-7
9430 25.60152210996822 0.002716076875346263 0.0001729216515407425 0.0007007022940277441 4.699574063238288e-13 -1.696674600815129e-7
9440 25.628670023726414 0.0027138981495468243 0.00016954924765099976 0.000717406483224714 4.703459843824476e-13 -1.8160478664625002e-7
9450 25.655808082067857 0.0027142130539419607 0.00016168297239019816 0.0005524382477895551 4.710121181972227e-13 -1.5276091845563972e-7
9460 25.68296270353924 0.002716518020411036 0.0001624796407005324 0.000492795384118283 4.713451851046102e-13 -1.291587912602768e-7
9470 25.710133942133382 0.0027171482606311247 0.00017142079724060365 0.0005990179639153714 4.715672297095352e-13 -1.4862218984342847e-7
9480 25.73729543730494 0.0027151062809432744 0.0001752050046340805 0.000737930068782866 4.723998969780041e-13 -1.804549102377498e-7
9490 25.76443633753034 0.0027136365826679384 0.00016917348688004225 0.0006765486290243317 4.728439861878542e-13 -1.7428511246979535e-7
9500 25.79157857996602 0.0027150845657699725 0.00016364665440418285 0.00045794361453188603 4.733435865489355e-13 -1.4016151895419903e-7
9510 25.818741971832566 0.002717144233947396 0.00016819218730658553 0.0006111679342231113 4.735101200026293e-13 -1.3241985826881653e-7
9520 25.845912677458593 0.0027165398737644545 0.00017523163882982154 0.0006878063230952858 4.741207426661731e-13 -1.632793416779043e-7
9530 25.873065263286854 0.0027142372905039833 0.0001729102734603117 0.0007468029949736499 4.750089210858732e-13 -1.832136206402117e-7
9540 25.900203101419955 0.0027138992356583987 0.00016321946339546006 0.0006141493696167344 4.752309656907983e-13 -1.5991588647327042e-7
9550 25.9273530818056 0.002716066489869102 0.00015948386383029332 0.00045217104273309605 4.758415883543421e-13 -1.2965497929158716e-7
9560 25.954522758513452 0.002717290929344483 0.0001660976454271102 0.0005759503989097858 4.761746552617296e-13 -1.398112855853288e-7
9570 25.98168836592938 0.002715627473069191 0.0001707622869824726 0.0006852144686454453 4.769518113789672e-13 -1.7366615804587817e-7
9580 26.008832638184764 0.002713719574160009 0.0001658388211598998 0.000671919294431722 4.775069228912798e-13 -1.7715916756349055e-7
9590 26.03597225435096 0.002714609598060789 0.00015949901478526276 0.0004974329090207674 4.778955009498986e-13 -1.450939835415815e-7
9600 26.063131326795936 0.002716878344492369 0.00016361504912335486 0.0005116670694601533 4.7839510131098e-13 -1.292278358788673e-7
9610 26.090303011378786 0.0027169180233067173 0.00017355911957748246 0.0006585765450505265 4.787836793695988e-13 -1.5588202487006412e-7
9620 26.117460426780855 0.002714671027457655 0.0001758531286293045 0.0007602029806569321 4.794498131843739e-13 -1.8364825396065982e-7
9630 26.144599383239896 0.002713708510183473 0.00016902447515768155 0.0006631428309168408 4.797828800917614e-13 -1.6913674520244044e-7
9640 26.171745100705717 0.0027155672727795428 0.0001649058904039188 0.00046050786196738525 4.801714581503802e-13 -1.3578675473733504e-7
9650 26.198912033380946 0.0027172887153847198 0.0001707423495829877 0.0005960764536091512 4.80782080813924e-13 -1.3654778671099755e-7
9660 26.22608089448786 0.002716135150956446 0.00017657200134986326 0.0007291931073223346 4.815037257799304e-13 -1.697828564238969e-7
9670 26.253229365889567 0.0027139414929983033 0.00017253890283085553 0.0007496614933557577 4.820033261410117e-13 -1.8193688259226203e-7
9680 26.280367552766798 0.0027142025037967207 0.00016369769451526908 0.0005856373564095962 4.82502926502093e-13 -1.530698713859361e-7
9690 26.307521967639786 0.002716500454034442 0.00016318480296178842 0.000508954187948496 4.829470157119431e-13 -1.2856018910371858e-7
9700 26.334693292420795 0.002717181637840895 0.0001711072590973543 0.0006091994662347222 4.833911049217932e-13 -1.4709949756278734e-7
9710 26.361855326430643 0.0027151668926907457 0.00017428509254263384 0.0007251202503915088 4.84001727585337e-13 -1.7903501029793711e-7
9720 26.388996660827015 0.0027136577854669813 0.00016776231076114778 0.000666472033173271 4.845013279464183e-13 -1.735648146854868e-7
9730 26.416138841320528 0.0027150622779670793 0.00016192437295277072 0.00045334565908095037 4.848899060050371e-13 -1.395364644055791e-7
9740 26.443302073754236 0.0027171437302061703 0.00016659849499057517 0.0005637022193750729 4.85500528668581e-13 -1.3123328811669166e-7
9750 26.470473076284534 0.002716591567305345 0.00017453048722687272 0.0006735906416838189 4.85944617878431e-13 -1.620724935222015e-7
9760 26.497626239410476 0.0027142886874422824 0.0001735387610448794 0.0007368302814948491 4.865552405419749e-13 -1.8307046354684373e-7
9770 26.5247643151913 0.002713898064061381 0.00016535322782774506 0.0006057536821659215 4.869438186005937e-13 -1.6091402037059221e-7
9780 26.55191411122013 0.002716044188268815 0.00016290869994203854 0.00046675537215190577 4.874989301129062e-13 -1.3084233403334866e-7
9790 26.57908377227831 0.002717312744975928 0.00017031573684871023 0.0005950660159464993 4.879985304739876e-13 -1.4067795399072547e-7
9800 26.606249853716427 0.0027156880439536384 0.00017535245282918218 0.0007267779834245758 4.886646642887627e-13 -1.7474978862563884e-7
9810 26.633394633056934 0.0027137524312435906 0.00017045275618555965 0.0007087819621797165 4.888311977424564e-13 -1.7883164001898655e-7
9820 26.660534279585804 0.0027145921009125444 0.0001633402334719131 0.0005158880888405104 4.893307981035377e-13 -1.4655368573389393e-7
9830 26.687693154149464 0.0027168680575121768 0.00016618055868341023 0.0005239461588048 4.901079542207754e-13 -1.2941129577410254e-7
9840 26.714865025088894 0.002716961075345733 0.00017504168922071971 0.000643937650572135 4.903855099769316e-13 -1.5496191565112123e-7
9850 26.742023009352046 0.0027147285626695377 0.0001769644902058871 0.0007501952310318138 4.906630657330879e-13 -1.8279725859230746e-7
9860 26.769162310808344 0.0027137188368668488 0.00017008405374224943 0.0006553219794108722 4.912736883966318e-13 -1.6890151160754143e-7
9870 26.79630789661869 0.0027155436367145742 0.00016603841577421134 0.0004814070136495152 4.919398222114069e-13 -1.3556548036331123e-7
9880 26.82347472744432 0.002717298584154062 0.00017193543312611496 0.0006345170677487522 4.922728891187944e-13 -1.3584726963123255e-7
9890 26.850643974618954 0.0027161923164520656 0.00017785903394009793 0.0007206100422072481 4.928835117823382e-13 -1.6914988084375693e-7
9900 26.87779300042236 0.002713985177685118 0.0001737000500079021 0.0007448922131954028 4.931610675384945e-13 -1.820287410512081e-7
9910 26.904931324039726 0.0027141928728588384 0.00016418662737563877 0.000581876262425951 4.936051567483446e-13 -1.533959180531279e-7
9920 26.932085535956542 0.0027164829089841723 0.00016258017034878754 0.00048638969802505816 4.94326801714351e-13 -1.2801319209533925e-7
9930 26.959256937763794 0.0027172139954850893 0.0001698485088863726 0.000608101185754939 4.94770890924201e-13 -1.4556562096486766e-7
9940 26.986419500715925 0.0027152269527690354 0.00017295906642788024 0.0007012667674501927 4.951039578315886e-13 -1.7762383758778413e-7
9950 27.01356127157917 0.002713679692656033 0.00016691237855095918 0.0006580840576202451 4.957145804951324e-13 -1.7309172061294238e-7
9960 27.040703398214394 0.002715040490908207 0.00016185927510245 0.00045730383735759217 4.963252031586762e-13 -1.3960733353549609e-7
9970 27.067866468963356 0.002717142382996133 0.00016778733659094234 0.0005402326918628741 4.966582700660638e-13 -1.3123753587028205e-7
9980 27.095037757600725 0.002716642234550198 0.0001770581617628417 0.000697770478354176 4.971023592759138e-13 -1.6237344898346857e-7
9990 27.122191493940207 0.0027143402951101316 0.00017736236171007248 0.0007652591679004894 4.975464484857639e-13 -1.84417245834109e-7
10000 27.14932981556444 0.0027138979480350574 0.00017006614628224532 0.0006357861283915467 4.982680934517703e-13 -1.6301931118109843e-7
10010 27.17647943372978 0.00271602195583848 0.00016766925270367644 0.0004831018837140322 4.984901380566953e-13 -1.3247328087264432e-7
10020 27.203649072781847 0.0027173334725705783 0.00017445476929273338 0.0006159100471897494 4.991007607202391e-13 -1.4121730823809262e-7
10030 27.230815619888745 0.002715748109352568 0.00017887021642534428 0.0007556097486423052 4.995448499300892e-13 -1.7485744468012003e-7
10040 27.257960909130546 0.002713786167610025 0.000173274862329876 0.0007409379698700702 4.999889391399392e-13 -1.7919876693758743e-7
10050 27.28510059768321 0.002714575637085727 0.00016513606220287962 0.0005484788217788306 5.004330283497893e-13 -1.4674865412927195e-7
10060 27.31225927731501 0.002716857376163806 0.00016670884524266292 0.0005405843598256244 5.009326287108706e-13 -1.2861669656041852e-7
10070 27.339431325801993 0.0027170031488587573 0.00017466822383411894 0.0006274386526742282 5.01432229071952e-13 -1.5339252477236665e-7
10080 27.366589873668282 0.002714786169563698 0.00017604535070646875 0.0007383629913139123 5.020428517354958e-13 -1.815124190986117e-7
10090 27.39372952813987 0.0027137304035422484 0.00016869787506218798 0.0006457383833770036 5.025979632478084e-13 -1.682837980909735e-7
10100 27.420874993890035 0.002715520723957721 0.00016443630409532594 0.0004310184295499564 5.029865413064272e-13 -1.3489206191971692e-7
10110 27.448041722187345 0.0027173077550397915 0.00017059709417213307 0.0005885011655898387 5.034861416675085e-13 -1.346251442407853e-7
10120 27.475211347112854 0.002716248756495958 0.0001774668687682757 0.0007075443241684187 5.040967643310523e-13 -1.6810094046870033e-7
10130 27.502360926599742 0.0027140293379486697 0.0001746719116396965 0.0007356862743316261 5.044853423896711e-13 -1.82133151357608e-7
10140 27.52949939591873 0.0027141842190037497 0.0001666212529881625 0.0005737388455759884 5.050404539019837e-13 -1.5448997169650175e-7
10150 27.556653409664023 0.002716465257032301 0.00016618490047432785 0.0005014343973239743 5.054845431118338e-13 -1.2912187496473548e-7
10160 27.583824881259254 0.0027172454872773613 0.0001741124980293111 0.0006108712582115761 5.059841434729151e-13 -1.4638286426407743e-7
10170 27.610987966171393 0.0027152869955789343 0.00017753196712391888 0.00074714477175164 5.065392549852277e-13 -1.7877097873569836e-7
10180 27.638130177874565 0.002713702476585006 0.00017139463273672074 0.0006940972271022305 5.069278330438465e-13 -1.747639803350784e-7
10190 27.66527225924447 0.0027150192611556847 0.00016544524566558668 0.0004750735742594103 5.077049891610841e-13 -1.408620779403194e-7
10200 27.692435166854562 0.0027171402386521382 0.0001701092618657662 0.0005531437667154471 5.079270337660091e-13 -1.3116268907098494e-7
10210 27.71960673101626 0.002716691920943939 0.00017846551310900797 0.000684371582925003 5.084266341270904e-13 -1.6139138261667824e-7
10220 27.746761038030147 0.0027143922954123226 0.00017848643925568225 0.0007561757052272355 5.092593013955593e-13 -1.8369226082560293e-7
10230 27.773899614828032 0.002713898975860365 0.00017118496132256932 0.0006283940957797496 5.095368571517156e-13 -1.6287132872103757e-7
10240 27.80104906251345 0.002715999866411284 0.00016883671563815253 0.0005167890064108338 5.099809463615657e-13 -1.3221411979090627e-7
10250 27.828218672470904 0.0027173529265566787 0.00017570095866924974 0.000654055991547442 5.10702591327572e-13 -1.4051732829334608e-7
10260 27.855385672804445 0.0027158072467594187 0.00018020137789151173 0.0007480239128012656 5.110911693861908e-13 -1.743729694489919e-7
10270 27.882531471405265 0.0027138204100572165 0.00017439143138532238 0.0007367425270027317 5.115907697472721e-13 -1.794224139190367e-7
10280 27.909671209885012 0.002714559913252592 0.00016551281215980142 0.0005447925292759725 5.121458812595847e-13 -1.4698535163523635e-7
10290 27.936829696250445 0.0027168461897097654 0.00016601234542178443 0.0005195694879559509 5.127009927718973e-13 -1.2783653862839855e-7
10300 27.964001911795684 0.0027170439603782454 0.00017345719200752516 0.0006377043512130198 5.130340596792848e-13 -1.517444963611767e-7
10310 27.991161015187 0.0027148435419224824 0.0001748831885513978 0.0007159489314382261 5.135891711915974e-13 -1.8017796254713983e-7
10320 28.01830102652877 0.0027137427501312435 0.00016809383228503 0.0006378578853670214 5.139777492502162e-13 -1.678893062083937e-7
10330 28.045446378516438 0.00271549806477183 0.00016466209869821997 0.000413164397963961 5.145328607625288e-13 -1.3492288772399023e-7
10340 28.07261300014401 0.0027173159177352954 0.00017208421831278324 0.0005691642111106399 5.149769499723789e-13 -1.3461177175359323e-7
10350 28.099782992193017 0.0027163042828215376 0.0001802911418592768 0.0007317770353276742 5.156985949383852e-13 -1.6856356243693154e-7
10360 28.126933123688737 0.0027140739184301314 0.00017870022013222596 0.0007637854802551303 5.161426841482353e-13 -1.8370629115178014e-7
10370 28.154071747431658 0.00271417651013753 0.0001713842983853616 0.0006029285928952355 5.165312622068541e-13 -1.566482901565994e-7
10380 28.18122556753979 0.002716447468235819 0.00017082164729902936 0.0005179995430621975 5.170308625679354e-13 -1.3062417690494257e-7
10390 28.20839710160739 0.0027172759519144695 0.00017810718758663556 0.0006319940025916182 5.17585974080248e-13 -1.4683973349261577e-7
10400 28.235560701124292 0.0027153469315257576 0.00018090030000014358 0.0007761628044615776 5.18030063290098e-13 -1.7895016373711608e-7
10410 28.262703358900893 0.0027137265175338978 0.00017403251331633122 0.0007259744787251332 5.184186413487168e-13 -1.7518624734788428e-7
10420 28.289845405874253 0.002714998850045273 0.00016701815649695134 0.0005068943589137676 5.188072194073357e-13 -1.4093336934083676e-7
10430 28.317008150956102 0.002717137483037829 0.00017047039977749622 0.0005702213760147012 5.194733532221107e-13 -1.3017892549430782e-7
10440 28.34417998185171 0.0027167406828047863 0.00017801428714580916 0.0006692791973927914 5.199729535831921e-13 -1.597846425458252e-7
10450 28.371334856424816 0.0027144446157694414 0.00017755307048491359 0.0007454265009152472 5.204725539442734e-13 -1.82500731379584e-7
10460 28.398473698617515 0.002713901340545887 0.00016983538170691433 0.0006193851373065273 5.209721543053547e-13 -1.622577744213316e-7
10470 28.425622985989218 0.00271597828147023 0.0001673095382278786 0.0004683983210923559 5.21471754666436e-13 -1.3139345628188082e-7
10480 28.452792564348186 0.0027173716158675693 0.0001746011662955614 0.0006101685295759607 5.219158438762861e-13 -1.3920051241886333e-7
10490 28.479960010037825 0.0027158658172899263 0.00018013418733326225 0.0007361049680183473 5.224154442373674e-13 -1.734389017977317e-7
10500 28.507106318890607 0.0027138552812715462 0.00017569985397419046 0.0007282550680359767 5.228595334472175e-13 -1.79718827604319e-7
10510 28.53424611715594 0.002714545068561397 0.0001682438133610468 0.0005368640221415921 5.233591338082988e-13 -1.481397679612556e-7
10520 28.561404413200062 0.0027168346687782485 0.0001697769787930976 0.000534766775094897 5.239142453206114e-13 -1.2890735322582114e-7
10530 28.588576788030778 0.002717083813718258 0.000177760605491944 0.0006411453694915581 5.244138456816927e-13 -1.5262357572730367e-7
10540 28.61573644154852 0.0027149008587221577 0.0001794503550469579 0.0007614376313297422 5.248579348915428e-13 -1.8149992503206647e-7
10550 28.642876815792196 0.002713756105335155 0.00017244176381852954 0.0006734241033085064 5.252465129501616e-13 -1.69627653310786e-7
10560 28.67002206202671 0.002715475828655751 0.00016799487329163722 0.0004373512963756765 5.256350910087804e-13 -1.3601699775257076e-7
10570 28.69718857318281 0.0027173231468633663 0.00017418422283971272 0.0005797413806829521 5.261902025210929e-13 -1.3433089752394947e-7
10580 28.7243589226007 0.002716359016614291 0.00018163036883596351 0.0007198557890742974 5.267453140334055e-13 -1.6755372555686196e-7
10590 28.751509605923427 0.0027141190625974785 0.00017982962452509207 0.0007558025196400253 5.271894032432556e-13 -1.8308073402450867e-7
10600 28.778648394476566 0.0027141698822327905 0.00017254249882554711 0.0005961232947207518 5.278555370580307e-13 -1.5651788989976424e-7
10610 28.805802026404816 0.002716429514450555 0.00017202045880424492 0.0005515212174572737 5.280775816629557e-13 -1.3027777749216384e-7
10620 28.832973613697344 0.002717305081768313 0.00017940907871291358 0.0006700546989696354 5.286326931752683e-13 -1.4613368895500719e-7
10630 28.860137717099942 0.002715406233343778 0.00018225061201241743 0.0007696784300575965 5.292433158388121e-13 -1.7860443488660047e-7
10640 28.887280822191045 0.0027137513995178003 0.00017507861950590782 0.0007224173247929455 5.294653604437372e-13 -1.7549212145356027e-7
10650 28.914422843150625 0.0027149794668482365 0.00016724906482559995 0.0005033511481783437 5.301314942585122e-13 -1.4102247481280742e-7
10660 28.941585424955704 0.002717134009305822 0.0001697036280014896 0.0005506297118910153 5.306310946195936e-13 -1.2914855593932895e-7
10670 28.96875751106799 0.0027167882336974485 0.0001768528776170279 0.0006640208290911165 5.313527395855999e-13 -1.5803776409324858e-7
10680 28.995912947263683 0.0027144968574775237 0.00017654889908137004 0.0007238207679167719 5.316858064929875e-13 -1.8123994143380318e-7
10690 29.0230520603395 0.0027139045129051693 0.00016944225905362803 0.0006115554999028827 5.320743845516063e-13 -1.619124073912029e-7
10700 29.05020119304675 0.0027159567946465715 0.00016788057688695945 0.0004430591759821967 5.326850072151501e-13 -1.3137630817648244e-7
10710 29.077370733622868 0.002717389226789326 0.0001763929369540176 0.0005964926427316497 5.330735852737689e-13 -1.3921020693347e-7
10720 29.104538614736104 0.0027159237117267256 0.00018321456642214374 0.0007605734501061612 5.336842079373127e-13 -1.7411168045419836e-7
10730 29.131685434634257 0.002713890792995795 0.00017991163963215252 0.0007561771603686873 5.341838082983941e-13 -1.8152707235086712e-7
10740 29.15882530176178 0.0027145310556012316 0.00017302041651343967 0.0005653772643052224 5.347389198107066e-13 -1.5033770565748555e-7
10750 29.185983410155902 0.0027168227677937854 0.00017429114085135256 0.0005516562026183225 5.350719867180942e-13 -1.3029736420653502e-7
10760 29.213155935868862 0.0027171226356903022 0.0001816278128144868 0.0006657248892428802 5.355715870791755e-13 -1.5304654303003326e-7
10770 29.240316134136066 0.0027149581688578287 0.00018267054391799808 0.0007907297553042536 5.361822097427194e-13 -1.817784257682111e-7
10780 29.267456879030284 0.0027137706162774513 0.00017489086678196324 0.0007050903271675901 5.367928324062632e-13 -1.7008699383256817e-7
10790 29.29460202958265 0.002715454230452772 0.0001693518938255463 0.0004615665513698075 5.37181410464882e-13 -1.3594079587573096e-7
10800 29.32176842886402 0.0027173296785905966 0.00017439883212637112 0.0005973268442646118 5.377365219771946e-13 -1.331682332674118e-7
10810 29.348939126335612 0.0027164129511314536 0.00018111516391895299 0.0007060224240608148 5.382916334895071e-13 -1.659280737123861e-7
10820 29.376090360894292 0.002714164762565677 0.00017888170696152218 0.0007459312956699105 5.388467450018197e-13 -1.8195765167164368e-7
10830 29.40322932663826 0.002714164547145324 0.00017123087151535386 0.0005874695613601877 5.392908342116698e-13 -1.558460946144563e-7
10840 29.430382778810408 0.0027164118017595808 0.00017059407710423336 0.0005050428183783762 5.396794122702886e-13 -1.2926621664050009e-7
10850 29.457554415304084 0.0027173333615525923 0.00017856485999816763 0.0006281398483587441 5.402900349338324e-13 -1.4472128298699538e-7
10860 29.484719015350343 0.002715465152260626 0.00018249894081556872 0.000758781089228 5.407896352949138e-13 -1.7778850320854939e-7
10870 29.51186257179487 0.0027137771994125842 0.00017671701291991116 0.0007144860134502551 5.411227022023013e-13 -1.7595806940272005e-7
10880 29.539004576386944 0.0027149608409902538 0.00017022270166332918 0.0004954760396632119 5.417888360170764e-13 -1.4222194319804538e-7
10890 29.566166996015106 0.0027171304224728036 0.0001736017584487015 0.0005660832775260527 5.422884363781577e-13 -1.302186761528018e-7
10900 29.593339329193636 0.002716834977710828 0.00018123385874972575 0.0006844823948667367 5.428990590417015e-13 -1.5904985269446503e-7
10910 29.620495323084377 0.0027145492237023294 0.00018109362229045285 0.000769364512726467 5.433986594027829e-13 -1.8277937122342103e-7
10920 29.647634714989948 0.00271390864248078 0.00017361808120121107 0.0006469174777293807 5.433986594027829e-13 -1.6371335467054576e-7
10930 29.67478369959784 0.0027159354516310317 0.00017097372036873107 0.0004524788037023608 5.44508882427408e-13 -1.3230533020460594e-7
10940 29.701953197312044 0.0027174058901038027 0.00017829055905160688 0.0006031139941448105 5.446199047298705e-13 -1.3874946713701014e-7
10950 29.729121505173005 0.0027159810548731734 0.00018449534298533996 0.000749948091422703 5.455635943008019e-13 -1.730972484147381e-7
10960 29.756268838255494 0.0027139271078371477 0.0001810467077111874 0.0007490599913420048 5.46007683510652e-13 -1.809781259339959e-7
10970 29.78340878505533 0.0027145180157831907 0.00017420496569212602 0.0005589153969377536 5.46229728115577e-13 -1.5017456903281684e-7
10980 29.810566708382996 0.002716810405058998 0.00017552752067048633 0.0005856362797616033 5.470068842328146e-13 -1.2983791968682685e-7
10990 29.837739374590633 0.002717160127626494 0.00018298470681750244 0.0006825316461839259 5.471734176865084e-13 -1.523379468057202e-7
11000 29.86490010851917 0.0027150150432393378 0.00018402406632283419 0.0007852293052617032 5.478950626525148e-13 -1.81556560987081e-7
11010 29.892041227465313 0.0027137859097435125 0.00017585158005327086 0.0007020224112852524 5.482281295599023e-13 -1.7042413719107897e-7
11020 29.919186290274382 0.0027154330850130835 0.00016943790492343264 0.00045802857564852806 5.487277299209836e-13 -1.3584398358395245e-7
11030 29.946352574533524 0.002717335312504201 0.0001735897286090212 0.000578658070390925 5.489497745259087e-13 -1.31909623260561e-7
11040 29.97352360891826 0.002716465895467178 0.00018002365952350162 0.0006873571755258157 5.495048860382212e-13 -1.6414155375368728e-7
11050 30.000675390165103 0.0027142105584001736 0.00017804736122741378 0.0007248057925866025 5.502265310042276e-13 -1.80809650952815e-7
11060 30.027814539148753 0.0027141599578162645 0.00017105951956309488 0.0005795810363348752 5.507816425165402e-13 -1.5556110835637243e-7
11070 30.054967815761675 0.002716393927458169 0.00017147780535846827 0.0004805856747560622 5.511147094239277e-13 -1.292243916922394e-7
11080 30.08213949363565 0.002717360515493516 0.00018062603345805802 0.000619487718978462 5.51614309785009e-13 -1.447992796569417e-7
11090 30.109304582062713 0.0027155236044575735 0.00018581610795953996 0.0007839770623591091 5.522804435997841e-13 -1.7869101223411777e-7
11100 30.13644859210485 0.002713803718935339 0.00018107213828898926 0.0007426913946200209 5.524469770534779e-13 -1.7796246211458982e-7
11110 30.163590589139304 0.002714942931667896 0.0001750033437168659 0.0005237858679245089 5.532796443219468e-13 -1.4439881925120954e-7
11120 30.19075284683156 0.0027171262578245983 0.00017799130958412348 0.0005836043814791969 5.534461777756405e-13 -1.3147012717339282e-7
11130 30.21792541812524 0.002716881119707183 0.00018495334711251372 0.0007098469490151027 5.542233338928781e-13 -1.5944316123678878e-7
11140 30.245081966364324 0.002714601929378369 0.0001841814428236828 0.0007991388504767771 5.546674231027282e-13 -1.8314215162869253e-7
11150 30.272221645281995 0.0027139138778065753 0.000175893010419932 0.0006785642963466065 5.551670234638095e-13 -1.641651821838834e-7
11160 30.299370490381392 0.0027159144733581555 0.00017211117768006927 0.0004663037786437618 5.556666238248908e-13 -1.3205499712221763e-7
11170 30.326539941543025 0.002717421667440775 0.00017837449814901013 0.0006213330424558183 5.561107130347409e-13 -1.3743010705315195e-7
11180 30.353708667703888 0.002716037828963441 0.00018394495011310683 0.0007370302550291363 5.566103133958222e-13 -1.714876403935417e-7
11190 30.380856515828672 0.002713964221444482 0.0001800932097329403 0.0007396762223135234 5.571099137569036e-13 -1.7992468366416492e-7
11200 30.407996553851966 0.0027145061611444318 0.00017293942134632642 0.0005502237693513767 5.574429806642911e-13 -1.4942798784965683e-7
11210 30.435154298434526 0.002716798059604447 0.00017424710113757232 0.0005404015485810376 5.580536033278349e-13 -1.2865306451247116e-7
11220 30.46232709915607 0.002717196719662608 0.00018241473931469098 0.000641857196184259 5.58497692537685e-13 -1.5088623871867268e-7
11230 30.489488362854843 0.0027150717267857304 0.00018457719394162627 0.0007751624351732822 5.590528040499976e-13 -1.8090058049886198e-7
11240 30.516629860888298 0.0027138020739574673 0.0001778040529525268 0.0006944281325752533 5.594968932598476e-13 -1.7105684436882068e-7
11250 30.543774844284062 0.0027154124802482725 0.00017260637701477653 0.00045239242233940935 5.59996493620929e-13 -1.3707441550575572e-7
11260 30.570941012687268 0.002717340308941914 0.00017758922643319787 0.0005947485268278374 5.606071162844728e-13 -1.3299005680901532e-7
11270 30.598112375431498 0.0027165180716608823 0.0001844680527845168 0.000722798950082093 5.609401831918603e-13 -1.6529875181310605e-7
11280 30.62526470170204 0.002714256769348249 0.00018254772060743695 0.0007707099348107649 5.616618281578667e-13 -1.8253327579639822e-7
11290 30.652404041695668 0.002714156261999137 0.00017504811076384766 0.0006148117282261945 5.61939383914023e-13 -1.5735766834435588e-7
11300 30.679557147100937 0.0027163759556109958 0.00017434006917609938 0.0004905577463125699 5.627720511824919e-13 -1.2994940125484952e-7
11310 30.7067288601713 0.0027173866659566124 0.00018235941730178364 0.0006246771913789306 5.629940957874169e-13 -1.4417399743591602e-7
11320 30.73389442937145 0.0027155816945126864 0.00018705827343058548 0.0007742020252522464 5.637157407534232e-13 -1.7769724220068409e-7
11330 30.76103889726569 0.0027138311353488327 0.00018222144879609755 0.0007359540583915525 5.640488076608108e-13 -1.7748141677473945e-7
11340 30.788180896715744 0.002714925776579936 0.0001762285237343345 0.0005171857156997528 5.647149414755859e-13 -1.4417877184632949e-7
11350 30.815342992866675 0.002717121462492508 0.0001792746733991316 0.0006187095069094539 5.649369860805109e-13 -1.308987833054852e-7
11360 30.842515791165606 0.002716926029184336 0.00018634599908319227 0.0007006321054051634 5.654365864415922e-13 -1.5874899673020098e-7
11370 30.869672886438725 0.0027146547217103034 0.00018553390790398687 0.0007943564604404596 5.65825164500211e-13 -1.8303160661434164e-7
11380 30.896812857407497 0.0027139201990843717 0.0001767752975789624 0.000675698747757858 5.663802760125236e-13 -1.6449170461359845e-7
11390 30.92396156927656 0.0027158936852128748 0.00017207765489605665 0.00044362762313343573 5.669908986760674e-13 -1.3176012764364185e-7
11400 30.95113096898678 0.0027174364052574814 0.00017756734174733592 0.0006059143458854166 5.674349878859175e-13 -1.3599912553014726e-7
11410 30.978300102700427 0.002716093694361723 0.0001829431537507879 0.0007113439547482558 5.679345882469988e-13 -1.697472170499633e-7
11420 31.00544846346047 0.0027140016457592917 0.00017943769745223 0.0007188898326901949 5.682676551543864e-13 -1.7894583580918527e-7
11430 31.03258859970523 0.0027144950379271106 0.00017299187803596297 0.0005423844478406603 5.69044811271624e-13 -1.4922806884689313e-7
11440 31.059746167582098 0.0027167853651940727 0.00017539181339913697 0.0005179107538555439 5.693778781790115e-13 -1.286158329085417e-7
11450 31.086919094483893 0.0027172322631751145 0.00018469607203559963 0.0006622840063368329 5.697664562376303e-13 -1.510646877957208e-7
11460 31.11408088079828 0.002715128135559879 0.0001881024252089875 0.0008015860360499616 5.702660565987117e-13 -1.8201963356897022e-7
11470 31.141222761973758 0.002713819049725463 0.00018225651680360246 0.0007233853366036547 5.706546346573305e-13 -1.7318207296251918e-7
11480 31.168367674484386 0.0027153923837853885 0.00017735677461827955 0.000507524155820116 5.712652573208743e-13 -1.3914342746743275e-7
11490 31.195533725300706 0.0027173445816259167 0.000181843496742368 0.000613243197873925 5.717093465307244e-13 -1.340576621941612e-7
11500 31.222705408009162 0.002716569495712396 0.00018803937828596444 0.0007491864171438323 5.719313911356494e-13 -1.6564484169948328e-7
11510 31.24985827775473 0.0027143034041470825 0.00018550399494585861 0.000801149586707739 5.72708547252887e-13 -1.8294381743809603e-7
11520 31.27699781818925 0.002714153720437919 0.00017715307343044005 0.0006466099480904597 5.731526364627371e-13 -1.577493287426967e-7
11530 31.30415075910607 0.002716358098696313 0.00017528916646244726 0.0005050409667424205 5.738187702775122e-13 -1.295072447919307e-7
11540 31.33132250176271 0.002717411860068065 0.00018235323483459175 0.0006416500224347699 5.74207348336131e-13 -1.4273525342136523e-7
11550 31.358488544625725 0.0027156394004505657 0.0001864964363539262 0.000761828741005055 5.748179709996748e-13 -1.7615206297956487e-7
11560 31.385633474002613 0.0027138594694802553 0.00018127483860060566 0.0007266510573068485 5.753175713607561e-13 -1.765182509067681e-7
11570 31.41277548758601 0.002714909669261768 0.00017503503248151344 0.0005080585563391748 5.757061494193749e-13 -1.433755474362225e-7
11580 31.439937426198796 0.0027171164379791684 0.0001781687783129573 0.0005738924301160742 5.762612609316875e-13 -1.2960109017912114e-7
11590 31.46711044478295 0.002716970118158729 0.0001860284760206575 0.0006867507164022291 5.768163724440001e-13 -1.5734660939372563e-7
11600 31.494268082770322 0.0027147075463119282 0.00018638552042418938 0.0007849290237799122 5.772604616538501e-13 -1.825901495683662e-7
11610 31.521408351770802 0.002713927549384255 0.00017900472340513234 0.0006682318501644025 5.777045508637002e-13 -1.652869385943001e-7
11620 31.548556937853977 0.0027158734071931127 0.00017546059397973717 0.0004564318415454238 5.782596623760128e-13 -1.3299529677893163e-7
11630 31.575726283061567 0.0027174503597684513 0.00018167304261552171 0.0006201767839068006 5.788702850395566e-13 -1.370718137484045e-7
11640 31.60289581623303 0.0027161489297204233 0.00018738252289149702 0.000755514217190556 5.794809077031005e-13 -1.710136842327653e-7
11650 31.630044689729225 0.0027140395659969127 0.00018386339727553358 0.0007653391805222398 5.799805080641818e-13 -1.80770039980363e-7
11660 31.657184931992596 0.0027144846911788703 0.00017676507784107943 0.0005774176018706334 5.803135749715693e-13 -1.5092262971739406e-7
11670 31.68434232605032 0.0027167724084794227 0.00017802529802918025 0.0005273669437777517 5.809241976351132e-13 -1.290922466219875e-7
11680 31.71151537130108 0.0027172668208550847 0.00018630078113917608 0.0006480978475950083 5.814237979961945e-13 -1.5029641543254021e-7
11690 31.738677674313013 0.0027151844401538177 0.00018932455293617327 0.0007921743482371957 5.81756864903582e-13 -1.8107942198833122e-7
11700 31.765819944157236 0.002713836968735546 0.00018343375160039948 0.0007165137771129038 5.821454429622008e-13 -1.7277266890563473e-7
11710 31.792964794359534 0.002715372810635815 0.0001786357346697247 0.00047677156892489414 5.829225990794384e-13 -1.3886330296920954e-7
11720 31.820130725699812 0.002717347986672393 0.0001831824788153444 0.0006499062617454365 5.834221994405198e-13 -1.3339697757833272e-7
11730 31.84730271657363 0.002716619764177275 0.00018945817820959716 0.0007407540906632093 5.838662886503698e-13 -1.6499321179552334e-7
11740 31.8744561248498 0.002714350104491959 0.00018684416047199564 0.000796784592573152 5.843658890114511e-13 -1.8293684209721016e-7
11750 31.901595871454855 0.002714151965540589 0.0001779521600363529 0.0006436359877776687 5.8475446707007e-13 -1.580352103514083e-7
11760 31.9287486528579 0.002716340311039638 0.00017515561563225725 0.00048222747845338976 5.85420600884845e-13 -1.290231613297101e-7
11770 31.955920418367505 0.0027174359561808526 0.00018157617812733604 0.0006308651219569805 5.858646900946951e-13 -1.4120342146119283e-7
11780 31.98308692446929 0.0027156963596648223 0.00018561114659739622 0.0007368807636616292 5.863087793045452e-13 -1.7454188389759068e-7
11790 32.01023231529609 0.0027138882501182866 0.00018081597191433335 0.0007061076416158274 5.86919401968089e-13 -1.7575206193023157e-7
11800 32.03737434939787 0.0027148941100298167 0.00017531108500219925 0.0005004405486401242 5.874745134804016e-13 -1.4327325934902265e-7
11810 32.06453613085114 0.002717110876212261 0.00017955322016754454 0.0005573035069496024 5.878630915390204e-13 -1.2958685886144815e-7
11820 32.09170936064742 0.0027170131898692053 0.00018855077593072785 0.0007101738222758947 5.885292253537955e-13 -1.5764038271178345e-7
11830 32.11886753604272 0.0027147603572434055 0.00019008906018972303 0.0008128528176760685 5.889733145636455e-13 -1.8389120699246217e-7
11840 32.1460081086316 0.0027139357622579558 0.00018352353898078567 0.0006981850562536307 5.894174037734956e-13 -1.674460121932615e-7
11850 32.17315657580749 0.0027158536595273306 0.00018009975833929866 0.0005085138525304789 5.898059818321144e-13 -1.3487392698518724e-7
11860 32.20032586320326 0.0027174637428297216 0.00018575937366083144 0.0006398762786720136 5.904721156468895e-13 -1.379200871785068e-7
11870 32.22749578744844 0.0027162035360006067 0.00019084073266424382 0.0007830302691669289 5.909162048567396e-13 -1.7129796251250107e-7
11880 32.25464517440969 0.0027140781020455478 0.00018668756856830658 0.0007964991695175172 5.912492717641271e-13 -1.8119133938935064e-7
11890 32.28178553256283 0.002714475346926757 0.00017869827868115278 0.0006094158852957832 5.91859894427671e-13 -1.5120875757989975e-7
11900 32.30894275767867 0.0027167593598901897 0.00017882547976632456 0.0005426199573838053 5.924150059399835e-13 -1.2845566976131886e-7
11910 32.336115915025786 0.002717300481381005 0.00018624395473363162 0.0006576806163117732 5.927480728473711e-13 -1.487865203412056e-7
11920 32.36327872862189 0.002715240589309247 0.00018876648999313302 0.0007800827068022986 5.934142066621462e-13 -1.796487699538829e-7
11930 32.39042139294058 0.0027138559560769197 0.0001825023167319162 0.0007070030214928469 5.93802784720765e-13 -1.7192296895320036e-7
11940 32.41756619193867 0.0027153541011260057 0.00017753741618074491 0.000461521487967409 5.94246873930615e-13 -1.3803329369961592e-7
11950 32.4447320056253 0.0027173509737123606 0.0001822773077402186 0.0006049088908165468 5.948019854429276e-13 -1.3205983275844935e-7
11960 32.471904298018536 0.002716669283911602 0.00018937603096982062 0.0007277252605035756 5.952460746527777e-13 -1.6372835851246464e-7
11970 32.49905824200652 0.002714397010675606 0.0001879826307081184 0.000787852811703682 5.95745675013859e-13 -1.8275012566887523e-7
11980 32.52619820223777 0.0027141511406559454 0.00018042246764346363 0.0006361428025086768 5.961897642237091e-13 -1.5897257642748241e-7
11990 32.55335083018235 0.002716322667066189 0.00017872166888762415 0.0004963035642887581 5.969114091897154e-13 -1.3022497995576754e-7
12000 32.58052261418204 0.002717459287495921 0.0001857554048928304 0.0006418199348883213 5.971334537946404e-13 -1.422367876986741e-7
12010 32.60768957626009 0.002715752880366326 0.00019002009677681576 0.0007821041596585143 5.977995876094155e-13 -1.7586388561044441e-7
12020 32.63483543005566 0.002713917644639359 0.0001851378980076499 0.0007532030867160033 5.982991879704969e-13 -1.7758232684177144e-7
12030 32.66197749322791 0.0027148792201227416 0.000178862933703704 0.0005351193287018718 5.986877660291157e-13 -1.4477547261027013e-7
12040 32.689139118506745 0.0027171048288821813 0.00018198026182451643 0.0005623624112511827 5.990763440877345e-13 -1.2978947439012956e-7
12050 32.71631255132954 0.0027170553487511516 0.00019007456645276676 0.0006963037007235995 5.997979890537408e-13 -1.5676496361769453e-7
12060 32.74347125991938 0.0027148132512432965 0.00019132408933965583 0.0008034588312754165 6.003531005660534e-13 -1.8304070418227476e-7
12070 32.77061214327091 0.002713945009694849 0.00018475581282612348 0.0006908179658806635 6.009637232295972e-13 -1.6711451022625263e-7
12080 32.797760499591625 0.002715834272361675 0.00018142054848910126 0.0005057746929231222 6.012967901369848e-13 -1.3454054900968303e-7
12090 32.82492972485009 0.002717476256178974 0.0001871491275681077 0.0006781775122288725 6.017408793468348e-13 -1.372043512782346e-7
12100 32.8521000289924 0.002716257384811672 0.00019230142216525021 0.0007751877065933499 6.024625243128412e-13 -1.7072190243148446e-7
12110 32.87924992615608 0.0027141168699362514 0.00018800605112398233 0.0007923142310308773 6.027400800689975e-13 -1.8128223866999863e-7
12120 32.90639040702725 0.002714466754621013 0.00017941938154674992 0.0006060958915603543 6.033507027325413e-13 -1.5143168814745426e-7
12130 32.93354746665493 0.0027167460766452096 0.00017861590097215417 0.0005201374622346711 6.037392807911601e-13 -1.2780023242229284e-7
12140 32.96072072775957 0.002717333001454545 0.00018550892651031283 0.0006507616393928162 6.042388811522414e-13 -1.4721985875809232e-7
12150 32.987884043247824 0.0027152962513719674 0.00018802874248335043 0.0007554908686109307 6.047384815133228e-13 -1.7822704222964934e-7
12160 33.015027103406815 0.0027138755171332916 0.00018226281182480303 0.0006865524936826017 6.054046153280979e-13 -1.713801721132275e-7
12170 33.04217185784455 0.002715335858086962 0.00017803558821803737 0.00045425129183818136 6.058487045379479e-13 -1.3801744095475991e-7
12180 33.06933755224597 0.0027173532509813967 0.0001838816957717588 0.0005937089564089781 6.06292793747798e-13 -1.320735395949422e-7
12190 33.09651013646437 0.002716717870006198 0.00019214578676902662 0.0007529588288662792 6.066813718064168e-13 -1.6414236637003568e-7
12200 33.123664613066566 0.0027144440770548338 0.00019183365666125725 0.0008172316478769481 6.071809721674981e-13 -1.8419499633850033e-7
12210 33.15080479373033 0.002714151172011501 0.00018497005422504417 0.000667026168088336 6.076250613773482e-13 -1.610913193265621e-7
12220 33.17795727408742 0.0027163051374310843 0.00018321545388408722 0.0005128195481047815 6.081801728896608e-13 -1.3185954828638752e-7
12230 33.20512907144682 0.0027174817224951955 0.00018967212762247598 0.0006627755405174129 6.086242620995108e-13 -1.428598251646939e-7
12240 33.23229648216323 0.0027158090459499687 0.00019336289575628787 0.0008106911534724315 6.089573290068984e-13 -1.76089827724665e-7
12250 33.25944280192153 0.0027139478812673347 0.00018782398510021076 0.0007849820844262334 6.095679516704422e-13 -1.779887485457883e-7
12260 33.28658490397599 0.0027148651996811665 0.00018062775983296344 0.0005672178274506168 6.100675520315235e-13 -1.449250401034264e-7
12270 33.313746376167124 0.0027170984665710507 0.00018265651945396932 0.0005784215688695582 6.106226635438361e-13 -1.2897012305205027e-7
12280 33.340920004640154 0.002717096604139855 0.00018998455153187115 0.0006798932217211284 6.111777750561487e-13 -1.5523398667546817e-7
12290 33.368079242183995 0.002714866214490016 0.0001907871625362706 0.0007915493631175385 6.1167737541723e-13 -1.8176213078917314e-7
12300 33.39522044431544 0.002713955400923676 0.0001838715413139648 0.0006809823805327131 6.122324869295426e-13 -1.663863755940742e-7
12310 33.42236870011547 0.0027158155776792025 0.00018041555894399361 0.0004641688033746316 6.126210649881614e-13 -1.337032662501736e-7
12320 33.44953786338339 0.002717488252315612 0.00018645467734156008 0.0006328269683401055 6.132871988029365e-13 -1.3588779179153632e-7
12330 33.476708540287646 0.0027163107538410443 0.00019248406948571206 0.0007629752000447576 6.13620265710324e-13 -1.6965741734577267e-7
12340 33.5038589473203 0.0027141566398473514 0.00018942359244829093 0.0007837955082514725 6.141198660714053e-13 -1.8136062321870948e-7
12350 33.53099955917229 0.0027144590283853095 0.00018212205514875828 0.000598491678747537 6.145084441300241e-13 -1.5247311954073167e-7
12360 33.55815645764817 0.0027167327237591094 0.00018229130950350137 0.0005350865507864899 6.152300890960305e-13 -1.2893073588968185e-7
12370 33.585329817125015 0.002717364677811526 0.00018968701120620644 0.0006591429607314403 6.156741783058806e-13 -1.481916923513904e-7
12380 33.61249362825171 0.0027153516520186855 0.00019240935358418604 0.0008021137352405283 6.161737786669619e-13 -1.7956367162098863e-7
12390 33.6396370887719 0.002713895920090901 0.00018646200489597667 0.0007343426488162219 6.167288901792745e-13 -1.7314355962340378e-7
12400 33.666781806469345 0.0027153181358229024 0.00018137730980460215 0.000488371469057225 6.16839912481737e-13 -1.3926923373049072e-7
12410 33.69394738074468 0.0027173549325296216 0.00018612223884226708 0.0005971382155334215 6.177280909014371e-13 -1.3200707937215464e-7
12420 33.72112024842583 0.002716765643333466 0.0001936296788925568 0.0007393276663710813 6.180056466575934e-13 -1.63206702757197e-7
12430 33.74827525500634 0.0027144914191136824 0.00019310127534047497 0.0008077292719183005 6.18560758169906e-13 -1.8346352467530237e-7
12440 33.77541566522928 0.0027141522121086324 0.00018626969286794745 0.0006590301991095671 6.192824031359123e-13 -1.6083553300961324e-7
12450 33.80256800441146 0.002716287698294732 0.00018457277412945193 0.0005481162589487942 6.196709811945311e-13 -1.3147962452782024e-7
12460 33.82973980928603 0.002717503086461896 0.00019110875930171853 0.0007024920758421649 6.201150704043812e-13 -1.4212575599409335e-7
12470 33.85690765808444 0.0027158644065984443 0.00019486002775945865 0.000803348576360885 6.20725693067925e-13 -1.7561976114529756e-7
12480 33.88405444302259 0.0027139786531281992 0.00018910478075522035 0.0007808499600263641 6.210032488240813e-13 -1.7816815816258432e-7
12490 33.91119659135672 0.0027148518976847706 0.0001812612258164706 0.0005634323389124285 6.215028491851626e-13 -1.4506348193323917e-7
12500 33.93835791155343 0.0027170916419905285 0.00018239007653750866 0.0005616363468632368 6.22002449546244e-13 -1.2815895576491286e-7
12510 33.965531726781826 0.0027171367475070075 0.00018930885065211544 0.0006756271698459271 6.223355164536315e-13 -1.5367909920736602e-7
12520 33.992691485925604 0.0027149188500018907 0.00019020639459000672 0.000766809704715099 6.229461391171753e-13 -1.8055073887412314e-7
12530 34.0198330100845 0.00271396643868169 0.00018383941284490563 0.0006603988904655411 6.235567617807192e-13 -1.6604240698203344e-7
12540 34.04698117140573 0.0027157971509974605 0.0001811728136915061 0.00044394782313172954 6.240563621418005e-13 -1.3374330198871362e-7
12550 34.074150269208026 0.002717499436863735 0.00018828811997047 0.0006263542218634122 6.246114736541131e-13 -1.3592914062336083e-7
12560 34.101321309962 0.0027163633833963544 0.00019545555911547118 0.0007897686024173067 6.250000517127319e-13 -1.701975576967711e-7
12570 34.12847222519444 0.0027141969152221315 0.00019340158876210724 0.0008143248496224054 6.255551632250445e-13 -1.8292106019327823e-7
12580 34.155612975602374 0.0027144524903734845 0.00018665962689785594 0.0006299910677801113 6.259992524348945e-13 -1.5450380341115942e-7
12590 34.18276971706939 0.0027167192603621887 0.0001866532187855656 0.0005526996714603216 6.263323193422821e-13 -1.303059350499888e-7
12600 34.20994316849837 0.002717395441299454 0.00019347286030202068 0.0006812425350948281 6.269984531570572e-13 -1.4861716575125645e-7
12610 34.23710746944423 0.0027154068394103672 0.00019561721650483243 0.0008315894023530612 6.274980535181385e-13 -1.7975403427214097e-7
12620 34.26425133455751 0.002713917191935021 0.0001889995456524005 0.0007665237901042232 6.280531650304511e-13 -1.7352168141910543e-7
12630 34.29139602520536 0.002715301172527176 0.0001829788524527664 0.0005203638951971068 6.284417430890699e-13 -1.392646623184484e-7
12640 34.31856148004909 0.002717356114255415 0.0001866927633393318 0.0006118001295358777 6.291633880550762e-13 -1.3102560155820245e-7
12650 34.34573462346005 0.0027168126505888513 0.00019351112368111006 0.0007234765662442744 6.296074772649263e-13 -1.6169740469501592e-7
12660 34.37289015759199 0.0027145390387261614 0.00019259112146111494 0.000796037985655973 6.299960553235451e-13 -1.8235206701751328e-7
12670 34.40003080571863 0.0027141543632544386 0.00018545667782604946 0.0006488945242029143 6.306621891383202e-13 -1.6021217727132941e-7
12680 34.42718301288959 0.002716270726633255 0.00018365797019535802 0.000498269946541563 6.311062783481702e-13 -1.306330224912916e-7
12690 34.45435482324516 0.0027175237839475778 0.00019063051927292924 0.0006570130324847767 6.31494856406789e-13 -1.4086403580040874e-7
12700 34.481523103621655 0.002715919295450893 0.0001953182021103343 0.0007919548708162916 6.319944567678704e-13 -1.7478427041285605e-7
12710 34.50867035465386 0.0027140099664351553 0.00019079088301940362 0.0007727063159597147 6.324385459777204e-13 -1.784922726627211e-7
12720 34.53581255713261 0.002714839373438546 0.00018417204477385232 0.0005556840012840292 6.32993657490033e-13 -1.4616273510091593e-7
12730 34.56297372797126 0.002717084589137581 0.0001861480738350155 0.0005722129000693688 6.334377466998831e-13 -1.291953157789294e-7
12740 34.59014772311471 0.0027171760462022655 0.00019348046179408615 0.0006944324164601667 6.341593916658894e-13 -1.5459329043288061e-7
12750 34.61730799925665 0.002714971412065858 0.00019453893012218604 0.0008151682939873117 6.344369474220457e-13 -1.8189038269653124e-7
12760 34.64444985042807 0.002713978248486206 0.00018788970222475274 0.0007088923253859569 6.350475700855895e-13 -1.6770068904988639e-7
12770 34.671597923730204 0.0027157790358112773 0.0001843041426774394 0.0004865901496299285 6.352696146905146e-13 -1.34724200577703e-7
12780 34.69876695326102 0.0027175098621768016 0.00019036317151631312 0.0006304107942979309 6.360467708077522e-13 -1.3562398442756168e-7
12790 34.72593834952368 0.002716415351551879 0.0001969158526254461 0.0007764823448138669 6.365463711688335e-13 -1.692498073949892e-7
12800 34.753089772728224 0.002714237703922633 0.00019471218665255104 0.0008047746585935212 6.371569938323773e-13 -1.8232215749663548e-7
12810 34.78023067019773 0.0027144468565498884 0.000188025308158638 0.0006214254824422616 6.372125049836086e-13 -1.5430728078988246e-7
12820 34.807387258993636 0.0027167059176929054 0.00018806543834700638 0.0005889974504122986 6.378231276471524e-13 -1.2988110823996347e-7
12830 34.834560794668484 0.0027174250592061134 0.00019497331426921854 0.0007220058238879279 6.384337503106963e-13 -1.4789762609835107e-7
12840 34.86172557566366 0.002715461401448154 0.00019713077869487177 0.0008247498309903456 6.390998841254714e-13 -1.7941122764554593e-7
12850 34.888869846441516 0.002713939008493339 0.0001902216822477197 0.0007624165102586566 6.393774398816277e-13 -1.737712928165932e-7
12860 34.91601451671259 0.0027152847170014696 0.00018349428158266365 0.0005160992626374594 6.399880625451715e-13 -1.3929318640475828e-7
12870 34.94317985172382 0.002717356714409167 0.00018638588910348025 0.0006001088333196236 6.402656183013278e-13 -1.3006745131148045e-7
12880 34.97035326123601 0.0027168586201926953 0.000192899499630043 0.0007078023246407383 6.409872632673341e-13 -1.60179656455135e-7
12890 34.997509317189895 0.0027145865683418625 0.0001921671202749496 0.0007705835641684811 6.413203301747217e-13 -1.813418708799873e-7
12900 35.02465020756623 0.002714157183727623 0.00018561167014361272 0.0006279253121359019 6.419864639894968e-13 -1.6001951101354824e-7
12910 35.05180228711584 0.0027162538049298256 0.00018469817909715886 0.0004812379622877172 6.424305531993468e-13 -1.3069324780642999e-7
12920 35.078974098329134 0.0027175435853350398 0.0001926928664211492 0.0006544730553436073 6.428746424091969e-13 -1.4093833744098133e-7
12930 35.10614280182694 0.002715973565982417 0.0001984702283405573 0.0008199351586698489 6.434297539215095e-13 -1.7546395646372355e-7
12940 35.133290519294086 0.0027140417852760924 0.00019487595884263426 0.0008039705088158655 6.438738431313595e-13 -1.8015331601381642e-7
12950 35.16043278369455 0.0027148275775342925 0.00018867275995992474 0.0005873865941103951 6.443734434924409e-13 -1.4808351954025153e-7
12960 35.18759380756326 0.0027170772998743003 0.00019037274890924927 0.000590779368731198 6.447065103998284e-13 -1.3032822929119983e-7
12970 35.21476797577887 0.0027172145349087786 0.00019713434645867722 0.0007200100150357436 6.453171330633722e-13 -1.5487243352109578e-7
12980 35.241928764090424 0.002715023939347812 0.00019761700053905266 0.0008453021872341093 6.45705711121991e-13 -1.8207767220644122e-7
12990 35.26907094834771 0.0027139909929255308 0.00019027696426060918 0.0007412207232786461 6.462053114830724e-13 -1.6804286891408237e-7
13000 35.296218942709935 0.0027157614631831478 0.00018573746577449043 0.0004892211212091935 6.467604229953849e-13 -1.345564801314477e-7
13010 35.323387903049706 0.002717519666245929 0.00019083852981722468 0.0006420960172800472 6.470934899027725e-13 -1.3450448016830152e-7
13020 35.35055964744253 0.002716466661456191 0.00019678299347295923 0.0007613321164843256 6.476486014150851e-13 -1.6779260426490888e-7
13030 35.377711577981025 0.002714278975897523 0.00019423070735526165 0.0007933935503668943 6.480371794737039e-13 -1.8136873162523381e-7
13040 35.40485263243291 0.002714442383103937 0.000187288385239161 0.0006110761964360778 6.485367798347852e-13 -1.5374884435211122e-7
13050 35.43200907615894 0.0027166929429829627 0.00018728191586899975 0.0005393845091441474 6.490363801958665e-13 -1.2900434602849953e-7
13060 35.45918269294629 0.0027174543306602763 0.00019474112102941033 0.0006768329372153215 6.494804694057166e-13 -1.4670235327397807e-7
13070 35.48634794819907 0.002715515637034526 0.00019786206601760852 0.0008141831170976888 6.500910920692604e-13 -1.7880556188280827e-7
13080 35.513492626912495 0.0027139614632744275 0.00019217713227231512 0.0007546221954091159 6.504796701278792e-13 -1.7430332060943549e-7
13090 35.54063728486269 0.0027152688976257106 0.00018655817719988923 0.0005081926287919258 6.509237593377293e-13 -1.4040861275564642e-7
13100 35.567802500782314 0.0027173568942301073 0.0001901984401506116 0.0006070460393745591 6.513678485475793e-13 -1.3101071498315686e-7
13110 35.59497616967032 0.0027169038751514024 0.00019708853528306507 0.0007400261786979501 6.519229600598919e-13 -1.6106847029392912e-7
13120 35.6221327441401 0.0027146342020700036 0.0001964284596559232 0.000820983133315023 6.523115381185107e-13 -1.8269943937408717e-7
13130 35.649273882544236 0.0027141607982188675 0.00018948066890165575 0.0006770813550077692 6.529776719332858e-13 -1.6156264637506162e-7
13140 35.67642583980116 0.0027162370035733446 0.00018762478865006648 0.00048628657309368606 6.533662499919046e-13 -1.3141017746231068e-7
13150 35.70359764712036 0.0027175625342058464 0.00019461791531376864 0.0006591441988773594 6.535882945968297e-13 -1.4043832311785506e-7
13160 35.7307667664228 0.00271602734308952 0.00019991645872875094 0.0008071793942091565 6.544764730165298e-13 -1.7454413211710589e-7
13170 35.75791495169521 0.0027140742295800745 0.00019622924526302448 0.0007945161825891889 6.549760733776111e-13 -1.7968177247809896e-7
13180 35.7850572867552 0.0027148165899465895 0.0001900945217112758 0.0005783985512426426 6.550870956800736e-13 -1.479170426248584e-7
13190 35.81221816592789 0.0027170696396101733 0.00019183718577190628 0.0006277919071494553 6.557532294948487e-13 -1.2985577471907856e-7
13200 35.83939249825486 0.002717251916569728 0.00019869016480156336 0.0007361183114951153 6.564193633096238e-13 -1.5419373647209496e-7
13210 35.866553790529956 0.0027150760857939066 0.00019913644531338592 0.0008390118270585889 6.569189636707051e-13 -1.8187044117071582e-7
13220 35.89369630996853 0.0027140043413462138 0.0001914310217260069 0.0007371598125928136 6.571410082756302e-13 -1.6833348064241572e-7
13230 35.92084423136768 0.0027157442258908676 0.00018614077932942692 0.00048300203626250315 6.576961197879427e-13 -1.3444631982002438e-7
13240 35.94801311997341 0.002717528685005681 0.00019051612137557268 0.0006347569549775001 6.582512313002553e-13 -1.3340456373078022e-7
13250 35.975185202674076 0.002716517033811423 0.00019624863002228973 0.0007416862269465918 6.589728762662617e-13 -1.663245339471186e-7
13260 36.00233763659089 0.0027143203130199473 0.00019397088387374586 0.0007666908861482247 6.595834989298055e-13 -1.8053466300566775e-7
13270 36.02947885268418 0.0027144385181000624 0.00018764086084090088 0.0005895257941536114 6.59916565837193e-13 -1.5365529635996886e-7
13280 36.05663515453302 0.0027166798691850872 0.00018856483563792656 0.0005282256865586366 6.604716773495056e-13 -1.2905843188157995e-7
13290 36.08380884594381 0.0027174826712850213 0.00019700279771261528 0.0006773256154685159 6.609712777105869e-13 -1.4682659065962896e-7
13300 36.11097456791711 0.002715569717199083 0.00020119189572741534 0.0008430118798155029 6.614708780716683e-13 -1.796441438955297e-7
13310 36.13811965645194 0.0027139845227653592 0.00019634411928434327 0.0007862512087171147 6.617484338278246e-13 -1.7605673322626448e-7
13320 36.16526430911217 0.002715253644898081 0.00019102999655218122 0.000546662760849248 6.623590564913684e-13 -1.4221263284917358e-7
13330 36.19242940673537 0.002717356624407627 0.0001942919461010713 0.0006264230726742426 6.630807014573747e-13 -1.3193560421947422e-7
13340 36.219603327323085 0.002716948333675856 0.0002005926138794567 0.0007663957913912611 6.634137683647623e-13 -1.6125941606850189e-7
13350 36.246760417652794 0.002714682063525372 0.00019937899560173585 0.0008515711314157626 6.639133687258436e-13 -1.8291267236313297e-7
13360 36.27390181116583 0.0027141653673843696 0.00019171351255780123 0.0007093383055259972 6.644684802381562e-13 -1.6185910872571537e-7
13370 36.30105365372506 0.002716220581230689 0.00018888110225634714 0.0004968700715485275 6.650235917504688e-13 -1.3107433142556593e-7
13380 36.32822545457581 0.002717580769851867 0.00019500042603800023 0.0006686453403217385 6.654676809603188e-13 -1.392054720331798e-7
13390 36.35539498229244 0.0027160805968030914 0.00019977673503112912 0.0007928371741918738 6.659672813214002e-13 -1.731576738080512e-7
13400 36.382543637148416 0.0027141073397943926 0.0001957728940738206 0.0007835074767618133 6.664113705312502e-13 -1.78859675003043e-7
13410 36.40968605268303 0.002714806620861147 0.00018943342389026187 0.0005678984466681025 6.669109708923315e-13 -1.4737195720877783e-7
13420 36.436846793202804 0.0027170620550210083 0.00019120586209756172 0.0005788825654114982 6.674105712534129e-13 -1.2892215151862063e-7
13430 36.46402128521467 0.0027172885818689575 0.0001987121104161512 0.0006948062325939919 6.679656827657254e-13 -1.530669379041366e-7
13440 36.491183076611264 0.002715128124464103 0.000200140614809845 0.0008292545700394616 6.683542608243442e-13 -1.8148179091936542e-7
13450 36.51832593510252 0.00271401841958552 0.00019364625734724048 0.0007296705977227758 6.689093723366568e-13 -1.6903104647827266e-7
13460 36.545473790458615 0.002715727448573833 0.00018935261058079176 0.0005018366246112294 6.694644838489694e-13 -1.3554920966565853e-7
13470 36.572642606755586 0.0027175371600148407 0.00019438383422660697 0.0006395692845118095 6.699085730588195e-13 -1.3427759502394887e-7
13480 36.59981502098097 0.0027165667498622943 0.0002004378823634474 0.0007796993428185184 6.705191957223633e-13 -1.6723671697471687e-7
13490 36.626967956737886 0.0027143619231928626 0.00019815186595233703 0.000819370704386202 6.710743072346759e-13 -1.8193486099431222e-7
13500 36.65410934097447 0.0027144353905032377 0.00019131744712399824 0.0006392321506125676 6.712963518396009e-13 -1.5508410275855838e-7
13510 36.68126550482532 0.002716666740729077 0.00019128639593789855 0.000529792681283614 6.71962485654376e-13 -1.2952994411872393e-7
13520 36.708439265491236 0.0027175102039703196 0.00019880276066455414 0.0006825959482364974 6.724065748642261e-13 -1.461772293428771e-7
13530 36.735605447771476 0.0027156235720997702 0.000202622651437855 0.0008309360920663034 6.730171975277699e-13 -1.7877983242550657e-7
13540 36.76275094943078 0.002714008539068536 0.00019773086056952216 0.0007770049593116557 6.735167978888512e-13 -1.7569233590349585e-7
13550 36.789895605248255 0.002715239043984342 0.00019250699748247387 0.0005304528654337948 6.741274205523951e-13 -1.4204118475359163e-7
13560 36.817060584649134 0.0027173557724458402 0.00019580843939994853 0.0006640113683372695 6.746270209134764e-13 -1.3141262195501532e-7
13570 36.84423474774567 0.002716991718544954 0.00020217018643876473 0.0007564453211645894 6.753486658794827e-13 -1.606413889611465e-7
13580 36.87139234708096 0.002714729707335997 0.0002008898065060276 0.0008458603651321228 6.757927550893328e-13 -1.8283598670861978e-7
13590 36.898533999596815 0.002714170632248514 0.00019279416494772907 0.0007053362680785602 6.760703108454891e-13 -1.62153008237247e-7
13600 36.925685732630384 0.002716204326078342 0.00018918323731273573 0.0004836804367875924 6.765699112065704e-13 -1.3079882435020384e-7
13610 36.95285752275669 0.002717598148018195 0.00019468678800928053 0.0006648030975525687 6.77347067323808e-13 -1.3797361457126342e-7
13620 36.98002744949953 0.002716133046783224 0.00019932968376555987 0.0007717261323544333 6.77569111928733e-13 -1.7175099392615725e-7
13630 37.00717657127407 0.002714140653772148 0.00019568088520471527 0.0007551477596928757 6.781797345922769e-13 -1.7817647848708244e-7
13640 37.03431907315569 0.0027147972280423005 0.00018998355526961036 0.0005457060671921754 6.787903572558207e-13 -1.4733558315074787e-7
13650 37.06147967669959 0.00271705415980539 0.0001927126999249354 0.0005730245259759625 6.791789353144395e-13 -1.2896095804885966e-7
13660 37.08865432125601 0.0027173243314797383 0.000201158661618391 0.000719688943639385 6.796230245242896e-13 -1.53268165043208e-7
13670 37.11581660547158 0.002715179914519906 0.0002036377621891837 0.0008587292497703736 6.802891583390647e-13 -1.8249653414932246e-7
13680 37.14295980654858 0.0027140332632088365 0.00019787905853450508 0.0007614397987969479 6.806222252464522e-13 -1.708642776549291e-7
13690 37.17010760294505 0.0027157111552064666 0.0001937671660765337 0.0005522901654720913 6.811773367587648e-13 -1.3723111662327981e-7
13700 37.197276345591355 0.0027175450327286605 0.00019834270894848142 0.0006590015798273452 6.816769371198461e-13 -1.3503012252902817e-7
13710 37.224449083974626 0.002716615793147705 0.00020381049217158703 0.0008067755912473107 6.821765374809274e-13 -1.6738937730641267e-7
13720 37.25160252048749 0.0027144038929253905 0.00020097441504086689 0.0008502780033305957 6.826761378420088e-13 -1.821892724332766e-7
13730 37.27874408109919 0.002714433210344042 0.00019339258855322546 0.0006712771814884055 6.831757382030901e-13 -1.5531823092571583e-7
13740 37.3059001133322 0.0027166537651925975 0.00019238341507492527 0.0005401029123214274 6.837308497154027e-13 -1.290234700780657e-7
13750 37.33307393892077 0.002717536958787301 0.00019911324940378596 0.0006907877794638528 6.840639166227902e-13 -1.4485664677141297e-7
13760 37.36024057536065 0.0027156771358142263 0.00020247688966497867 0.0008174178357234219 6.847300504375653e-13 -1.7747557243524142e-7
13770 37.38738649349856 0.0027140335157015256 0.00019728787215437472 0.0007663461493023771 6.852296507986466e-13 -1.7496797626720406e-7
13780 37.41453116290643 0.002715225712540244 0.0001919242204321749 0.0005197870172316543 6.856737400084967e-13 -1.414611412644401e-7
13790 37.441696028253695 0.002717354787711177 0.0001953485063522493 0.0006160862641523268 6.862843626720405e-13 -1.3040499244679205e-7
13800 37.468870428170646 0.0027170343860290283 0.0002024054635885805 0.0007431794385592827 6.867839630331218e-13 -1.5958966553125675e-7
13810 37.49602853316232 0.0027147773701134375 0.00020215833839170276 0.0008368522202159001 6.873390745454344e-13 -1.8265083754601293e-7
13820 37.523170449718656 0.002714176663549502 0.00019523533612110183 0.0006980731463759327 6.877831637552845e-13 -1.6297844694992958e-7
13830 37.55032207991655 0.0027161884292092055 0.00019257371596891537 0.0005029718653549731 6.882827641163658e-13 -1.3187396152858355e-7
13840 37.57749385699531 0.0027176148883965036 0.00019862579619279013 0.0006702594108569659 6.886158310237533e-13 -1.3881025829991234e-7
13850 37.604664176167134 0.0027161850084340532 0.0002034890149921367 0.0008128376851592733 6.891154313848347e-13 -1.7273307613419053e-7
13860 37.63181376509889 0.002714174397485207 0.00019976891292553087 0.0008102452246564473 6.898925875020723e-13 -1.7963396817775867e-7
13870 37.658956359961 0.0027147884856810445 0.00019345356999362552 0.0005957561408143075 6.899480986533035e-13 -1.4864511967572352e-7
13880 37.68611682913731 0.0027170460259596093 0.0001952347268479053 0.0005752693422329536 6.907252547705411e-13 -1.2920518865271527e-7
13890 37.713291619680675 0.0027173592429373854 0.00020285231411021736 0.0007037254294061102 6.910583216779287e-13 -1.5251040395044928e-7
13900 37.74045439192399 0.0027152316204718417 0.00020505685983520354 0.000847369227674144 6.9155792203901e-13 -1.817042548997623e-7
13910 37.76759794076123 0.002714048953591958 0.00019929555194289782 0.0007524067671008661 6.920575224000913e-13 -1.705794128419448e-7
13920 37.79474568600125 0.002715695376588723 0.00019528988937463372 0.0005249723492968261 6.927236562148664e-13 -1.370223918235186e-7
13930 37.82191435323155 0.0027175521963672517 0.00019990451022920206 0.0006972004612029181 6.93056723122254e-13 -1.3445824534817733e-7
13940 37.84908740559379 0.002716663818945327 0.0002054069024214748 0.0007977613270557793 6.933897900296415e-13 -1.6684686488758422e-7
13950 37.87624133807535 0.0027144458449671134 0.00020246455687432177 0.0008451198040818619 6.941114349956479e-13 -1.8222725796000069e-7
13960 37.90338308054115 0.002714431703205528 0.0001943969575215043 0.0006672967420355835 6.944445019030354e-13 -1.5557474066091117e-7
13970 37.93053898516222 0.0027166407668189254 0.0001925979012615978 0.0005292876225587717 6.948330799616542e-13 -1.2856531540574735e-7
13980 37.957712870065635 0.0027175627690334404 0.0001988213611301173 0.0006894993073729427 6.956102360788918e-13 -1.435148396564498e-7
13990 37.98487995180791 0.0027157300594335453 0.00020214176918093677 0.0007942256191629804 6.958877918350481e-13 -1.7614968154374907e-7
14000 38.01202628642242 0.002714058943137886 0.00019738288621288274 0.0007375036834206261 6.966094368010545e-13 -1.7441936686514418e-7
14010 38.039170975074185 0.002715212877460843 0.000192677730681158 0.0004970663310296941 6.968869925572108e-13 -1.4145639914373054e-7
14020 38.06633572649495 0.0027173536344361833 0.0001970606237455157 0.0006148254981602763 6.974976152207546e-13 -1.3043586091701795e-7
14030 38.09351035550746 0.0027170761780426042 0.00020508883953565047 0.0007689827103387614 6.978306821281421e-13 -1.5989784005863752e-7
14040 38.120668961180904 0.002714824960083286 0.00020581002997668092 0.0008669241671064309 6.98441304791686e-13 -1.838475928331019e-7
14050 38.14781114754119 0.002714183467825418 0.00019952052011708586 0.0007299194303430623 6.989964163039986e-13 -1.6486587637370267e-7
14060 38.174962680903995 0.0027161727987287856 0.00019687736255727186 0.0005535737109298999 6.995515278163111e-13 -1.3342106218814447e-7
14070 38.20213444256269 0.002717630995356127 0.00020243224950562122 0.0006878727052354039 6.999401058749299e-13 -1.394177542261702e-7
14080 38.22930514711567 0.0027162364407300166 0.00020675230565803405 0.0008406004323251448 7.0038419508478e-13 -1.7288090223095882e-7
14090 38.25645520420001 0.002714208744124688 0.00020246016054032966 0.0008414082872629791 7.007727731433988e-13 -1.799272665063082e-7
14100 38.2835979011113 0.0027147806404648396 0.0001953651494659745 0.000627527865479649 7.013833958069426e-13 -1.48793688875418e-7
14110 38.31075824026683 0.002717037825204747 0.0001961914183035998 0.0005818187647891326 7.01882996168024e-13 -1.2852950961915813e-7
14120 38.337933171799115 0.002717393380290424 0.00020310751846822336 0.0007078744479851462 7.024381076803365e-13 -1.5113067913623268e-7
14130 38.36509642692848 0.0027152831899923146 0.00020490677768752273 0.0008345894551413657 7.029932191926491e-13 -1.8049172461308272e-7
14140 38.392240329173774 0.0027140656086910887 0.00019886355046718068 0.0007419821617415945 7.034373084024992e-13 -1.6992223383222038e-7
14150 38.41938803346484 0.002715680405982854 0.00019479135902671028 0.0005115065645919792 7.039369087635805e-13 -1.3637438636866783e-7
14160 38.446556627569436 0.002717559108324638 0.00019962683213244772 0.0006502902753253714 7.044365091246618e-13 -1.3337955827481818e-7
14170 38.47372998812351 0.0027167112361392368 0.00020585673770458498 0.0007855252726174378 7.048805983345119e-13 -1.6588939052031987e-7
14180 38.50088441407042 0.002714487951059589 0.0002039915531515835 0.0008367589385724905 7.056022433005182e-13 -1.8223737482340324e-7
14190 38.5280263447226 0.0027144309600750493 0.00019705336410317568 0.0006601478785813741 7.058797990566745e-13 -1.5649714069781995e-7
14200 38.55518212739712 0.0027166279180960585 0.00019613318665101225 0.0005316714584083782 7.063238882665246e-13 -1.2960557457288024e-7
14210 38.58235606814062 0.0027175878930667387 0.000202805052566093 0.0006955864191443561 7.068789997788372e-13 -1.443467026237405e-7
14220 38.609523589324965 0.0027157826094598462 0.00020627596907369093 0.0008389042974157324 7.074341112911497e-13 -1.7722997653311923e-7
14230 38.63667034187855 0.0027140849052298705 0.00020136967553398418 0.0007936249944705542 7.081557562571561e-13 -1.7592588610112342e-7
14240 38.66381505679808 0.0027152006530354596 0.00019595615180613389 0.0005471473192834586 7.082112674083874e-13 -1.4262810810097143e-7
14250 38.69097969509714 0.0027173521459416252 0.00019939919770675825 0.00061776108012912 7.089329123743937e-13 -1.3046659360933105e-7
14260 38.71815454637841 0.0027171174899945525 0.00020671670503855943 0.0007539653206678487 7.0921046813055e-13 -1.5906775330883256e-7
14270 38.745313649343586 0.0027148726350991565 0.00020723600166458613 0.0008561855749107394 7.097100684916313e-13 -1.8313709365333237e-7
14280 38.772456111296094 0.0027141911068663534 0.0002009806909872607 0.000720983307914369 7.103206911551752e-13 -1.646329878100968e-7
14290 38.79960755475571 0.0027161574520230495 0.00019841472123374173 0.0005379910916832875 7.110423361211815e-13 -1.3315196216336626e-7
14300 38.826779296985904 0.0027176462135907477 0.0002040212705311589 0.0007268360490156889 7.112643807261065e-13 -1.3880615469984015e-7
14310 38.8539503773868 0.0027162870447710987 0.00020837311075446517 0.0008324744938522644 7.118194922384191e-13 -1.724254628881374e-7
14320 38.88110089942401 0.0027142432509640775 0.00020391601757769904 0.0008367074262745078 7.122635814482692e-13 -1.8005719385778298e-7
14330 38.90824370378281 0.0027147734373884225 0.00019629128684826356 0.0006234720602414368 7.127631818093505e-13 -1.4897538378320643e-7
14340 38.93540391543747 0.00271702940816669 0.00019633512332964777 0.0005761357379751031 7.13096248716738e-13 -1.278860678924824e-7
14350 38.96257898063268 0.0027174265176089112 0.00020284875967215683 0.0007081333365279718 7.137623825315131e-13 -1.497156102900601e-7
14360 38.989742711086514 0.0027153342824514743 0.00020470114599635642 0.0008088476864581695 7.14373005195057e-13 -1.7927474469580482e-7
14370 39.0168869673786 0.0027140826953001435 0.00019915592935771664 0.0007133248686728155 7.149836278586008e-13 -1.6950118329015307e-7
14380 39.04403463590137 0.0027156657869739282 0.0001957464385094098 0.0004929277024643408 7.152056724635258e-13 -1.3638983646720422e-7
14390 39.07120315523232 0.002717565414896929 0.0002015343887769804 0.0006528062453839967 7.159273174295322e-13 -1.3341994256835534e-7
14400 39.09837681602959 0.002716757915910404 0.000208760555178336 0.0008123534744195471 7.161493620344572e-13 -1.6632929239890954e-7
14410 39.125531732305944 0.0027145301975302866 0.0002077772934412103 0.0008674811026992968 7.168154958492323e-13 -1.8360504346637698e-7
14420 39.152673856491226 0.002714430924270713 0.0002013630762304503 0.0006921161819494204 7.174261185127762e-13 -1.583981125995138e-7
14430 39.17982952189401 0.002716615150465437 0.0002003214022669635 0.0005501690140551352 7.178702077226262e-13 -1.3099693541607327e-7
14440 39.20700351437668 0.002717612274494264 0.00020647901341144172 0.0007123696915674049 7.182032746300138e-13 -1.4482663825439294e-7
14450 39.234171468829835 0.002715834803350531 0.000209424226575876 0.0008673688999578655 7.189804307472514e-13 -1.7738957694879345e-7
14460 39.26131864179959 0.0027141115342988356 0.00020392445099332254 0.0008250220442810319 7.194800311083327e-13 -1.7624087094672992e-7
14470 39.288463391280445 0.0027151891778361427 0.00019770798113278746 0.0005786332449997933 7.198130980157202e-13 -1.4266537516930897e-7
14480 39.315627919135814 0.0027173504390678683 0.00020023667066111333 0.0006213209553217469 7.20201676074339e-13 -1.2962976384672809e-7
14490 39.34280298649996 0.0027171581221093846 0.0002069226722879508 0.0007374784838938275 7.209788321915767e-13 -1.5766181933000306e-7
14500 39.3699625832301 0.0027149206409769326 0.00020709148167113547 0.0008439872294482287 7.213118990989642e-13 -1.820268365204658e-7
14510 39.397105327361515 0.002714199723351415 0.00020059316281754576 0.0007106152106937103 7.217559883088143e-13 -1.6402080605867897e-7
14520 39.424256689788685 0.0027161427132925565 0.00019797510425763077 0.000514220914201613 7.222555886698956e-13 -1.3242328434498463e-7
14530 39.451428413238474 0.0027176610056330085 0.00020391780759504985 0.0006823509308451214 7.228107001822082e-13 -1.3768125327502656e-7
14540 39.47859986327216 0.0027163370858713535 0.00020906254394270868 0.0008211869050821496 7.231437670895957e-13 -1.715931564538406e-7
14550 39.5057508497048 0.002714278121521825 0.00020568975218278126 0.0008288659287278843 7.238654120556021e-13 -1.8025799067376141e-7
14560 39.53289376807541 0.0027147669621694582 0.00019914894031979405 0.0006163085915221189 7.241984789629896e-13 -1.499674614231089e-7
14570 39.56005385635051 0.0027170210073679413 0.00019996673680047297 0.0005792084094209393 7.24920123928996e-13 -1.2888585479604864e-7
14580 39.587229050808794 0.0027174589551504235 0.000206837947321172 0.0007148130804166541 7.25364213138846e-13 -1.5056308539339314e-7
14590 39.61439325119101 0.002715385128584163 0.00020880948113201933 0.0008574495666027193 7.258083023486961e-13 -1.8045664616599122e-7
14600 39.64153786466891 0.0027141003846697237 0.0002030304608487023 0.0007696332023917618 7.262523915585462e-13 -1.710242797372738e-7
14610 39.668685503728796 0.002715651587469585 0.00019884084056477554 0.0005320332330686073 7.267519919196275e-13 -1.3739412875815593e-7
14620 39.69585394783019 0.0027175712292526947 0.0002037091388139115 0.0006564280651445431 7.274181257344026e-13 -1.33249609759762e-7
14630 39.72302790194693 0.0027168039307733957 0.00021034661116585372 0.0007981504135383677 7.279177260954839e-13 -1.6546072253834955e-7
14640 39.75018330680724 0.0027145727554533164 0.00020922032783116332 0.000857176921338243 7.282507930028714e-13 -1.8298304629334053e-7
14650 39.7773256315791 0.0027144317675880155 0.00020286850093372 0.0006830781227494254 7.28583859910259e-13 -1.5819412794274598e-7
14660 39.80448118480402 0.00271660243554541 0.00020187837990198954 0.0005841906934452856 7.293055048762653e-13 -1.306563017347266e-7
14670 39.83165522383301 0.0027176356922188932 0.00020810110895758138 0.0007522757830012994 7.296940829348841e-13 -1.4419245125673237e-7
14680 39.858823602374585 0.0027158862695543734 0.00021105922571571854 0.0008600248263872512 7.301381721447342e-13 -1.7703048392924586e-7
14690 39.885971194489386 0.002714138484267193 0.00020533214719891833 0.000820632862815529 7.30526750203353e-13 -1.764369583039142e-7
14700 39.913115984615416 0.002715178263308559 0.000198539696558148 0.0005743637565761017 7.313039063205906e-13 -1.4274250616612296e-7
14710 39.940280403087094 0.00271734836475645 0.00020032869400514716 0.0006200234917128622 7.318035066816719e-13 -1.2881394565045353e-7
14720 39.96745567890303 0.0027171978241175123 0.0002067087524767235 0.0007274076483948511 7.32247595891522e-13 -1.5622105840471206e-7
14730 39.99461576269769 0.002714968416155857 0.00020702017296937063 0.0008153608369945164 7.327471962526033e-13 -1.8094972144237427e-7
14740 40.02175879128863 0.002714209191768092 0.00020105333278225875 0.0006818613739012491 7.330802631599909e-13 -1.6372354037304217e-7
14750 40.048910077465095 0.0027161281851324198 0.0001991801628510338 0.0004965720827032616 7.336908858235347e-13 -1.3245496571255287e-7
14760 40.07608177913331 0.0027176750956229368 0.0002060321009612729 0.0006861413702938801 7.34190486184616e-13 -1.377514522608904e-7
14770 40.103253591462845 0.002716386476672404 0.00021213605471556826 0.0008491578697278346 7.346900865456973e-13 -1.7217949711611008e-7
14780 40.13040504053685 0.0027143132554854447 0.0002095848990116679 0.0008603089174180623 7.350786646043161e-13 -1.8176919026606485e-7
14790 40.157548079240556 0.0027147612010346434 0.0002034451581587014 0.0006484677941497874 7.35467242662935e-13 -1.518314989785311e-7
14800 40.18470804748059 0.0027170125221834115 0.00020404333013119782 0.0005926006300073228 7.3613337647771e-13 -1.300982049677348e-7
14810 40.21188336620488 0.002717490682761752 0.00021039808330218683 0.0007318051653645297 7.365219545363288e-13 -1.5092767862448725e-7
14820 40.23904803150192 0.0027154357926803614 0.00021183625788857692 0.0008866254141793872 7.371880883511039e-13 -1.8063269574303438e-7
14830 40.26619300576525 0.002714118816075272 0.0002054454827371197 0.0008012434466664331 7.375766664097227e-13 -1.713350736865524e-7
14840 40.29334062369434 0.0027156380170473937 0.00020044139400126728 0.0005337013659924006 7.379652444683416e-13 -1.3729716762567352e-7
14850 40.32050899324037 0.0027175766356881455 0.00020444709744707847 0.0006590573851342763 7.385203559806541e-13 -1.32268133702651e-7
14860 40.3476832344286 0.0027168493019291257 0.00021051636327584178 0.0007824415480128799 7.39130978644198e-13 -1.6406493151197021e-7
14870 40.37483912573735 0.0027146155634418857 0.0002090892897794177 0.0008453801258108129 7.39575067854048e-13 -1.8198586976270192e-7
14880 40.40198165868083 0.0027144336363310734 0.000202539287937318 0.0006725759782841845 7.400746682151293e-13 -1.5761284152121524e-7
14890 40.42913710768005 0.0027165901578952616 0.00020151390727676078 0.0005345662985313249 7.405742685762107e-13 -1.2985202717946676e-7
14900 40.45631119175426 0.0027176585604036896 0.00020818713662707926 0.0007095774297751767 7.410183577860607e-13 -1.4306185154751294e-7
14910 40.4834799887765 0.0027159372989217483 0.00021198682371655005 0.0008495908331063173 7.414069358446795e-13 -1.763584278665492e-7
14920 40.51062800054775 0.0027141658690660406 0.00020734358576914093 0.0008131771674213528 7.421285808106859e-13 -1.768216079350675e-7
14930 40.53777283792667 0.002715167991523567 0.00020156403160206195 0.0005670600350390353 7.425171588693047e-13 -1.4377654946814977e-7
14940 40.56493714948727 0.0027173461071830917 0.0002040287730650872 0.0006237798876680412 7.430722703816173e-13 -1.2976587641412574e-7
14950 40.59211262834441 0.002717236844453932 0.00021071252525080915 0.0007530002848189499 7.437939153476236e-13 -1.570919607972454e-7
14960 40.619273195152836 0.0027150161301938503 0.00021108324096538882 0.0008681203578582153 7.440714711037799e-13 -1.8221534736281852e-7
14970 40.64641651190363 0.002714219285475892 0.0002047881449148481 0.0007384972989410432 7.444600491623987e-13 -1.6521514848745478e-7
14980 40.67356772720218 0.0027161140887832693 0.00020209707848863672 0.0005356486149888928 7.449041383722488e-13 -1.332604230540324e-7
14990 40.70073940473824 0.0027176885629054777 0.00020806204529723175 0.0006904284402530214 7.456257833382551e-13 -1.3739674102966615e-7
15000 40.727911572426585 0.002716435310708751 0.00021369462522142105 0.0008356002142727581 7.457368056407176e-13 -1.7130611607756377e-7
15010 40.75506348410813 0.0027143488115791894 0.00021105394268779412 0.0008502231920672898 7.465694729091865e-13 -1.8124045700562913e-7
15020 40.78220665019895 0.0027147561908726177 0.0002049921599839027 0.0006391103949798804 7.474021401776554e-13 -1.5163851820915078e-7
15030 40.8093665020924 0.0027170039220764243 0.00020563697570916847 0.0006292057599669443 7.476241847825804e-13 -1.296860207150596e-7
15040 40.836541938115516 0.002717521398968952 0.00021206116017551886 0.0007727702890791832 7.482903185973555e-13 -1.502941900876793e-7
15050 40.8637070599071 0.0027154859321493804 0.0002134734041106467 0.0008799301889257372 7.485123632022805e-13 -1.8037684121136157e-7
15060 40.890852395333994 0.0027141376758521287 0.00020679231567755397 0.0007970026475279113 7.492340081682869e-13 -1.7157081872695734e-7
15070 40.917999997483626 0.002715624862245712 0.00020116813550785377 0.0005276589277067867 7.495115639244432e-13 -1.3724900159703167e-7
15080 40.945168292179844 0.002717581506582253 0.000204505707512993 0.0006600928816631324 7.499556531342932e-13 -1.3130485401572021e-7
15090 40.97234281184156 0.0027168937453789996 0.00021036025139680876 0.0007698109067130199 7.505662757978371e-13 -1.6264881467233447e-7
15100 40.99949918464492 0.002714658259730621 0.00020915751275670061 0.0008149940611247297 7.511213873101497e-13 -1.8107353116172643e-7
15110 41.02664192880638 0.0027144360238566772 0.00020316405872483742 0.000643507626576334 7.515099653687685e-13 -1.5743151563062534e-7
15120 41.053797277485714 0.002716578012453438 0.00020295821370464512 0.0005353128382692418 7.51843032276156e-13 -1.2989741872362816e-7
15130 41.080971402464996 0.0027176806797415344 0.0002104915403687497 0.0007140163675067868 7.525646772421624e-13 -1.4318052349065064e-7
15140 41.10814061053057 0.002715987784648714 0.0002152148813464551 0.0008787610864319229 7.530087664520124e-13 -1.7709563102000898e-7
15150 41.135289042290644 0.0027141936596625288 0.0002113200371891906 0.0008453560632052382 7.536193891155563e-13 -1.7843844987638718e-7
15160 41.16243393299434 0.0027151583052877886 0.0002058304283170515 0.0005994304240949933 7.542300117791001e-13 -1.4555265814163316e-7
15170 41.18959813983823 0.002717343623388431 0.0002079897106957243 0.000634485738762347 7.545630786864876e-13 -1.3078219569554405e-7
15180 41.21677381602622 0.0027172751526494386 0.0002141477823803161 0.0007785392346512099 7.549516567451064e-13 -1.5735465792094305e-7
15190 41.24393486212509 0.002715063864335522 0.00021399678634041427 0.0008979778742070899 7.55506768257419e-13 -1.8240681075261172e-7
15200 41.271078472148034 0.0027142301847299295 0.00020707179885460884 0.0007702688161500548 7.560063686185003e-13 -1.6549364638700128e-7
15210 41.298229623960935 0.002716100632604677 0.000203544697037597 0.0005376521431830206 7.566169912820442e-13 -1.3301326692665393e-7
15220 41.32540127680188 0.0027177017164135946 0.00020871385093140687 0.0006937236186688178 7.571165916431255e-13 -1.3629522437139802e-7
15230 41.352573793480424 0.0027164835903384964 0.00021385314618421416 0.0008205569663343182 7.576161920042068e-13 -1.699568499468826e-7
15240 41.379726167527416 0.002714384804902454 0.00021094493490861344 0.0008386690293368249 7.580602812140569e-13 -1.8036376077563976e-7
15250 41.40686946946091 0.0027147521556531128 0.00020472745692676493 0.0006283142430254518 7.586153927263695e-13 -1.5107788838356062e-7
15260 41.43402921173321 0.002716995585194652 0.00020539523193449354 0.0005841606122947152 7.590594819362195e-13 -1.2882184130882934e-7
15270 41.461204762743364 0.002717551560835851 0.00021235991595887233 0.000730588113045938 7.595590822973008e-13 -1.492038014840047e-7
15280 41.488370335894956 0.0027155357770657145 0.00021463586073914426 0.0008702574438421706 7.600031715071509e-13 -1.798946483596263e-7
15290 41.51551603447611 0.002714157097738967 0.00020903384618459133 0.0007898100767074201 7.60669305321926e-13 -1.7212472242086538e-7
15300 41.54266362741252 0.0027156122468237087 0.0002043192433326094 0.0005459853368575684 7.610023722293136e-13 -1.3829549578778244e-7
15310 41.569831848138335 0.0027175860471209956 0.00020824623895679094 0.0006645136750653702 7.615019725903949e-13 -1.3220126270953314e-7
15320 41.59700664100987 0.0027169375656475206 0.0002143769493592618 0.000799857770552026 7.620015729514762e-13 -1.6354345680133497e-7
15330 41.62416349230901 0.0027147010193263794 0.00021315350277490517 0.0008706681033807673 7.62390151010095e-13 -1.8239371044753705e-7
15340 41.6513064526328 0.0027144390720563005 0.0002067378314416602 0.0007005470830150906 7.629452625224076e-13 -1.5884061242438935e-7
15350 41.678461705346436 0.0027165659714119827 0.00020570478791393643 0.000536543812822754 7.632783294297951e-13 -1.3048077515762785e-7
15360 41.70563586780693 0.0027177021901513116 0.0002124004477820258 0.0007189345057746488 7.641665078494952e-13 -1.4266624293046704e-7
15370 41.732805480762146 0.0027160378640882724 0.00021676242204045302 0.00086570071715808 7.643885524544203e-13 -1.7625036813351258e-7
15380 41.759954333618815 0.0027142219768691656 0.00021282162194890205 0.0008353022425598988 7.647771305130391e-13 -1.780042087858643e-7
15390 41.7870992854582 0.0027151492926454305 0.0002074233066772926 0.000589575447560553 7.651657085716579e-13 -1.4535621448990448e-7
15400 41.81426338932681 0.002717340796245525 0.0002096234043766573 0.0006721857378422236 7.659428646888955e-13 -1.3030678186311067e-7
15410 41.84143925520277 0.0027173124739192198 0.00021584014712270263 0.0007875241007994083 7.663314427475143e-13 -1.5674814036285224e-7
15420 41.86860077320294 0.0027151112158327155 0.00021563056011962068 0.0008918032024207712 7.670530877135207e-13 -1.8225752037564683e-7
15430 41.89574467851423 0.002714241641582418 0.00020835864066344104 0.0007660270040303896 7.673306434696769e-13 -1.657423972296003e-7
15440 41.92289577217204 0.002716087485879724 0.0002041804889164764 0.0005323177155164283 7.67996777284452e-13 -1.328268274690934e-7
15450 41.950067398016834 0.0027177143355181727 0.00020877190945510667 0.0006954756866418554 7.682743330406083e-13 -1.3521554433899735e-7
15460 41.97724025521419 0.002716531148370175 0.0002137693471957242 0.0008047258025494219 7.689404668553834e-13 -1.686098713755319e-7
15470 42.00439308765269 0.0027144208092069536 0.00021116100843920451 0.0008083865362008558 7.694400672164647e-13 -1.7962788429112006e-7
15480 42.031536529605326 0.0027147486455409648 0.0002055202278193402 0.0005988139791506253 7.698841564263148e-13 -1.5099637495649816e-7
15490 42.05869616510363 0.0027169871518422342 0.00020702695178907035 0.0005856111627384752 7.703837567873961e-13 -1.2887749160024538e-7
15500 42.085871825701 0.0027175809328672893 0.00021481808237201844 0.0007356447106987574 7.710498906021712e-13 -1.493872551109543e-7
15510 42.11303784388365 0.0027155852635317172 0.0002180031883337173 0.000900585866330128 7.7143846866079e-13 -1.8077994185727856e-7
15520 42.14018390710154 0.002714177037476266 0.00021306204204428843 0.0008226499685066724 7.719380690218713e-13 -1.7380636544370936e-7
15530 42.167331497247 0.0027156001606467818 0.0002085415582425756 0.0005935197941016046 7.724931805341839e-13 -1.3994114908445533e-7
15540 42.19449964455388 0.002717590209409947 0.00021208970362426185 0.0006734748521780576 7.728817585928027e-13 -1.3301757121226702e-7
15550 42.22167470426905 0.0027169807254830464 0.0002176800158592008 0.0008263644768887746 7.734368701051153e-13 -1.6372331980036843e-7
15560 42.248832031935905 0.0027147439486203038 0.00021595383557703474 0.0009011261339324506 7.739919816174279e-13 -1.8259815140448483e-7
15570 42.27597521463769 0.002714442950353364 0.00020888858978592624 0.0007323850516934849 7.744360708272779e-13 -1.5906082998472237e-7
15580 42.3031303783019 0.0027165542680653637 0.00020700628395503028 0.0005367932375180962 7.74880160037128e-13 -1.300761703695863e-7
15590 42.330304575935116 0.0027177230923688634 0.0002129817875790867 0.0007228662081764092 7.754352715494406e-13 -1.4147497957167632e-7
15600 42.35747458799938 0.00271608760580205 0.0002169220105979683 0.0008512468324204381 7.759903830617532e-13 -1.7497944489533457e-7
15610 42.384623863410994 0.0027142508816863486 0.00021273933221680255 0.0008238754174869634 7.76378961120372e-13 -1.772475967751902e-7
15620 42.411768885118946 0.0027151411830519663 0.00020723370905031605 0.0005783777407562529 7.769895837839158e-13 -1.448048785497591e-7
15630 42.43893289167667 0.002717338049119514 0.00020952077273347363 0.0006308043749474468 7.774336729937659e-13 -1.2940131243269204e-7
15640 42.466108943341965 0.0027173491697672944 0.0002163441555099102 0.0007547208705076525 7.778222510523847e-13 -1.5573974323015993e-7
15650 42.49327092932465 0.0027151584360092327 0.00021702530075847482 0.0008828091274563077 7.783773625646973e-13 -1.8198221990906212e-7
15660 42.520415133202185 0.0027142537126947515 0.00021080627309542408 0.0007589931630369584 7.788214517745473e-13 -1.6644124256701837e-7
15670 42.547566175020364 0.0027160747889783854 0.0002074670549401598 0.0005512202646885678 7.794320744380911e-13 -1.3385674801046077e-7
15680 42.574737773477324 0.00271772652140245 0.00021255911324823243 0.0007005340317423059 7.7982065249671e-13 -1.3605317628062608e-7
15690 42.60191096535897 0.0027165783738556455 0.00021776061432442797 0.0008398089444463519 7.803757640090225e-13 -1.6952839168582479e-7
15700 42.62906425499939 0.002714457261562153 0.00021507488078187253 0.0008649555203361636 7.810418978237976e-13 -1.809725696921144e-7
15710 42.656207842388156 0.002714745750065711 0.000208918682578276 0.0006562112845045487 7.814859870336477e-13 -1.5227956383541408e-7
15720 42.683367374512265 0.0027169786758666084 0.00020959772768599561 0.000587513994812161 7.82207631999654e-13 -1.2922975231805314e-7
15730 42.71054314014382 0.002717609602019268 0.00021662986778468537 0.0007411502249236035 7.824851877558103e-13 -1.4874637814109477e-7
15740 42.73770959815719 0.002715634523851723 0.0002195418682057949 0.000887926674884354 7.833178550242792e-13 -1.7999205945552592e-7
15750 42.764856029361674 0.0027141976716915294 0.0002145959608552856 0.0008125018662187289 7.835398996292042e-13 -1.7346177022753775e-7
15760 42.79200362390782 0.002715588624403176 0.00021018008513315866 0.0005674909484078006 7.838729665365918e-13 -1.3972807142849744e-7
15770 42.819171697905624 0.0027175938863027885 0.00021376547719900436 0.0007122390072863416 7.843170557464418e-13 -1.3249242311827051e-7
15780 42.84634701597426 0.002717022924624561 0.0002193848298675752 0.0008166500298921742 7.849276784099857e-13 -1.6316951066750952e-7
15790 42.87350481404539 0.0027147866721078952 0.00021757318753929473 0.0008953669109876827 7.85427278771067e-13 -1.8255341373836523e-7
15800 42.90064822296272 0.0027144474065409476 0.00021010983133943402 0.0007280250236771924 7.860379014346108e-13 -1.5929528948360045e-7
15810 42.92780330182464 0.0027165426937235332 0.00020756141840478636 0.0005355628997822937 7.863709683419984e-13 -1.2974400553623498e-7
15820 42.954977531128016 0.002717743251133012 0.00021305789007331348 0.0007253139900460503 7.870371021567735e-13 -1.403107591778317e-7
15830 42.982147933927926 0.0027161366328634575 0.00021692428026967044 0.0008315973050149195 7.874256802153923e-13 -1.7373463364717513e-7
15840 43.00929763018289 0.002714280112016573 0.00021311050033772852 0.0007936601338400795 7.880363028789361e-13 -1.7668423821773388e-7
15850 43.03644272647824 0.0027151335516357477 0.0002081964557475712 0.000548416949103292 7.883693697863237e-13 -1.4479947511858565e-7
15860 43.06360663689768 0.0027173350348791542 0.0002113315301384185 0.0006329676524350347 7.891465259035613e-13 -1.2946429374789299e-7
15870 43.090782868731075 0.0027173850866993544 0.00021896974263172145 0.000781734733921291 7.894240816597176e-13 -1.5600355974320938e-7
15880 43.117945317130456 0.0027152054221278405 0.00022051911448140512 0.0009141651449272592 7.901457266257239e-13 -1.830092740294749e-7
15890 43.14508982324067 0.0027142664063635907 0.0002148722032002998 0.0007923389035784378 7.906453269868052e-13 -1.6814976809361221e-7
15900 43.17224081909604 0.0027160624635277214 0.0002116027663089014 0.0005986240204390869 7.909228827429615e-13 -1.3534317777962144e-7
15910 43.19941238946515 0.002717738264031578 0.0002162685426917134 0.0007087604572119099 7.915890165577366e-13 -1.3668075279745564e-7
15920 43.226585909903726 0.0027166250450212782 0.00022095535700409008 0.0008672091361531242 7.920331057675867e-13 -1.6965041867793274e-7
15930 43.253739656068525 0.0027144944671083217 0.00021776189231668716 0.0008958899453439528 7.924771949774367e-13 -1.811872637335222e-7
15940 43.28088339631085 0.002714743819042214 0.00021093637071489376 0.0006879871812147109 7.930323064897493e-13 -1.524193166135574e-7
15950 43.30804283033694 0.002716970330476518 0.0002107795000191432 0.0005884444042568715 7.934763956995994e-13 -1.2866877797598764e-7
15960 43.335218697772106 0.0027176376361253 0.00021716429716539868 0.0007456805686144596 7.940870183631432e-13 -1.4749795763848578e-7
15970 43.362385590370565 0.002715683519420792 0.00021970533821330827 0.0008740198331814719 7.945311075729933e-13 -1.7882273916063757e-7
15980 43.389532392898076 0.0027142190587408836 0.00021453305635662535 0.0008011286466153011 7.951417302365371e-13 -1.728143432851853e-7
15990 43.416680001115836 0.002715577941353407 0.0002100654270725993 0.0005550275016331652 7.954747971439247e-13 -1.391707509582063e-7
16000 43.44384800558109 0.0027175974886771257 0.00021381986400377637 0.0006735947581840707 7.95974397505006e-13 -1.315623791575682e-7
16010 43.4710235776698 0.0027170645468074855 0.000220070684769729 0.0008042919567063933 7.965295090173186e-13 -1.622753039842023e-7
16020 43.49818184287286 0.0027148293835243687 0.00021919197912185993 0.00088697670759319 7.970846205296311e-13 -1.8248719485389675e-7
16030 43.52532548237279 0.0027144525077036543 0.00021273579630567743 0.0007210619108841687 7.974731985882499e-13 -1.6010727834150917e-7
16040 43.552480482305086 0.0027165314113562476 0.00021098066668684485 0.0005512743630100569 7.978617766468687e-13 -1.3073329785048826e-7
16050 43.57965474154422 0.002717762890712103 0.00021688516462788846 0.0007309793902117168 7.984723993104126e-13 -1.4109526057584643e-7
16060 43.606825529668036 0.002716185229588617 0.00022087009074295798 0.000872218672189784 7.989719996714939e-13 -1.746819980365244e-7
16070 43.63397564656755 0.002714309683882783 0.00021692605254890725 0.0008509614169346369 7.993605777301127e-13 -1.7802864983595956e-7
16080 43.661120823307094 0.0027151265579161196 0.00021141256304911394 0.0006060123545036933 7.99860178091194e-13 -1.4592600016197221e-7
16090 43.688284639663216 0.002717331822569061 0.00021374052816186583 0.0006355467806121728 8.002487561498128e-13 -1.2959149786606616e-7
16100 43.715461046094475 0.0027174203027982534 0.00022071107995436188 0.000765102154331565 8.009704011158192e-13 -1.552739540282462e-7
16110 43.74262395314161 0.0027152523313736195 0.00022206521491074658 0.0009018614644059619 8.014144903256692e-13 -1.8230082945427592e-7
16120 43.76976876538775 0.002714279784254649 0.0002164482621385595 0.0007820288324511537 8.018030683842881e-13 -1.6788237839154515e-7
16130 43.79691972204484 0.0027160505453442643 0.0002132737558249435 0.000573629843547141 8.023581798966006e-13 -1.3510065127191506e-7
16140 43.82409126246305 0.00271774934468143 0.00021797788732268365 0.0007484966258904935 8.030243137113757e-13 -1.3612210491698091e-7
16150 43.851265102987064 0.0027166708867353774 0.0002226784059270498 0.0008582433333568229 8.034684029212258e-13 -1.691714241403666e-7
16160 43.87841930122121 0.0027145316322538388 0.0002193574213422787 0.0008904659546276061 8.040235144335384e-13 -1.8123817739181834e-7
16170 43.90556319813649 0.0027147426142357725 0.00021209535348643246 0.0006834253245478483 8.043565813409259e-13 -1.5261117772705922e-7
16180 43.93272253736783 0.0027169619579718363 0.0002112692611851579 0.0005879487492652657 8.04800670550776e-13 -1.2818751408916983e-7
16190 43.95989850132238 0.002717664831949253 0.0002172653514388271 0.0007487823393667048 8.054112932143198e-13 -1.462790435461903e-7
16200 43.987065821043885 0.0027157319441269466 0.00021982132853544379 0.0008499866980157256 8.057998712729386e-13 -1.7770053176228225e-7
16210 44.014212993838754 0.002714240709822862 0.00021508033352385438 0.0007709825758702715 8.062994716340199e-13 -1.7240659993771483e-7
16220 44.04136062015839 0.002715567656337993 0.000211206970078765 0.0005387388773514523 8.068545831463325e-13 -1.3921478169439615e-7
16230 44.06852855496488 0.0027176006941969193 0.00021579381914521272 0.000676464565221413 8.072431612049513e-13 -1.316335736348411e-7
16240 44.09570437441323 0.0027171054396620503 0.00022288796146481625 0.000832515599406114 8.078537838684952e-13 -1.6263587800234428e-7
16250 44.12286310266099 0.0027148720396547926 0.00022279671063143053 0.0009191795957843585 8.08464406532039e-13 -1.8364797221488716e-7
16260 44.1500069764176 0.002714458206912849 0.00021682224712575322 0.0007547183473115004 8.089640068931203e-13 -1.6181003293917134e-7
16270 44.17716190230366 0.002716520348817363 0.00021500125129064027 0.0005985194755611101 8.093525849517391e-13 -1.320460004076335e-7
16280 44.20433618915162 0.002717781958931102 0.0002204545974613586 0.0007395414644608689 8.098521853128204e-13 -1.4155806907470057e-7
16290 44.23150735681837 0.002716233400824735 0.0002239643638524886 0.0009004090957135391 8.105738302788268e-13 -1.7477378351534573e-7
16300 44.258657895103205 0.0027143397286301 0.00021949591780593347 0.0008822270877152372 8.109068971862143e-13 -1.7824919499903787e-7
16310 44.28580315941683 0.002715120301328029 0.000213293435956149 0.0006375860978011794 8.114620086985269e-13 -1.4596676054965882e-7
16320 44.31296688552732 0.0027173286056406012 0.00021481486660738082 0.0006371670228819681 8.118505867571457e-13 -1.2888211115263254e-7
16330 44.340143462025516 0.0027174548597384785 0.00022120854472357503 0.0007614116170838736 8.12350187118227e-13 -1.5400023078548236e-7
16340 44.3673068234064 0.002715299134962211 0.00022223996835319383 0.0008884736683006933 8.128497874793084e-13 -1.8124587828835526e-7
16350 44.39445194653803 0.002714293966659723 0.00021641939716688798 0.0007706577535958603 8.133493878403897e-13 -1.6732313777405305e-7
16360 44.421602872450336 0.002716039314456586 0.00021323162848491654 0.0005620489635496106 8.139044993527023e-13 -1.3451894902496986e-7
16370 44.44877438522109 0.002717760204010543 0.00021819393607352687 0.0007116255381242054 8.142930774113211e-13 -1.3518159572636912e-7
16380 44.47594854078385 0.0027167161713810713 0.0002235634824873635 0.000846826258980582 8.148481889236336e-13 -1.684133474249075e-7
16390 44.50310318925964 0.0027145689732905897 0.00022119470325109318 0.0008826050201924396 8.152367669822524e-13 -1.8137060150329263e-7
16400 44.530247247846674 0.0027147420524132504 0.00021489357138708626 0.0006764538951514187 8.159584119482588e-13 -1.535017476470349e-7
16410 44.55740649687693 0.0027169539930718524 0.0002147746973230594 0.0005905962704201295 8.162359677044151e-13 -1.291210684553623e-7
16420 44.584582554642274 0.0027176914626619976 0.00022109226668545602 0.000755020738870904 8.168465903679589e-13 -1.4702628576765409e-7
16430 44.61175029618448 0.0027157800335598187 0.00022373200817750867 0.0008965474915397786 8.172351684265777e-13 -1.7868669789124214e-7
16440 44.6388978408013 0.0027142628096942433 0.0002187931253173421 0.0008287835403973931 8.17734768787659e-13 -1.737316845011952e-7
16450 44.66604549078218 0.002715557833711777 0.00021426238514137339 0.0005737338128656289 8.182898802999716e-13 -1.401659730330962e-7
16460 44.69321335692317 0.0027176036153339204 0.00021805343908634498 0.0006797179448225776 8.187339695098217e-13 -1.3155352703931103e-7
16470 44.720389417997474 0.0027171456969607858 0.00022459056178577961 0.0008165741300970586 8.192890810221343e-13 -1.6185578210060718e-7
16480 44.747548606501056 0.0027149147997434695 0.0002243618073130767 0.0009072108331232842 8.197331702319843e-13 -1.8303153755236303e-7
16490 44.774692719855594 0.0027144646441530688 0.0002184463883900257 0.0007442117956877881 8.204548151979907e-13 -1.6160046283165215e-7
16500 44.801847577190784 0.0027165095021926744 0.00021668946149992866 0.0005782422704453394 8.20954415559072e-13 -1.3176231283455682e-7
16510 44.829021888613006 0.0027178002709980762 0.0002221875068759979 0.000780146693446393 8.213429936176908e-13 -1.409834609441416e-7
16520 44.856193427227645 0.002716280797673315 0.00022570310678631008 0.0008921673748978343 8.220091274324659e-13 -1.7438585856237664e-7
16530 44.88334438411773 0.0027143699095148978 0.0002210556686306185 0.0008770719239273861 8.225642389447785e-13 -1.783793994642275e-7
16540 44.91048974072281 0.002715114583031492 0.0002143856454438709 0.000632761105428925 8.22897305852166e-13 -1.4608747012187392e-7
16550 44.93765337880159 0.0027173252461427846 0.00021525216994317702 0.0006374034054681399 8.233413950620161e-13 -1.2825268760420036e-7
16560 44.964830119459414 0.002717488608676308 0.00022134770692692525 0.0007651090452744924 8.239520177255599e-13 -1.5275448453592627e-7
16570 44.99199392814475 0.0027153454922489023 0.0002224778804399036 0.0008595857463428169 8.243405957841787e-13 -1.802566751376138e-7
16580 45.01913936257475 0.002714308498540792 0.0002171352525126279 0.0007405723047022583 8.248957072964913e-13 -1.6704688628310081e-7
16590 45.04629026239509 0.0027160283736473003 0.00021456895731819425 0.0005467984451038577 8.250067295989538e-13 -1.3458855415894664e-7
16600 45.073461746280266 0.0027177705603070616 0.00022033662837055512 0.0007151824023832187 8.25894908018654e-13 -1.3526826279298752e-7
16610 45.100636210393844 0.0027167607996248454 0.0002265443683645568 0.0008761259339397087 8.26338997228504e-13 -1.6888761434722824e-7
16620 45.127791306212316 0.0027146063962790686 0.00022489619715875618 0.0009154714515513529 8.267275752871228e-13 -1.8265467170229234e-7
16630 45.15493553138548 0.002714742144990263 0.00021897591949160462 0.0007102334778683606 8.272826867994354e-13 -1.551703989162205e-7
16640 45.18209469433275 0.0027169461569356342 0.00021869140635251256 0.0005930066472497053 8.277822871605167e-13 -1.3025669201109218e-7
16650 45.209270842698224 0.0027177177768637566 0.00022455164547483854 0.0007650390090664372 8.283373986728293e-13 -1.4735543594389866e-7
16660 45.23643900110502 0.00271582783787459 0.00022671312965098867 0.0009254189880362196 8.288369990339106e-13 -1.7877341290510086e-7
16670 45.26358691945112 0.002714285476699592 0.00022123796226591866 0.0008602380447094715 8.293365993949919e-13 -1.7394981144413547e-7
16680 45.29073460072657 0.002715548684545277 0.00021600836284185735 0.0005818031119939615 8.296696663023795e-13 -1.4009225254938557e-7
16690 45.31790240042852 0.002717606339078914 0.00021903454288106126 0.0006820275383535579 8.302247778146921e-13 -1.3070913885970814e-7
16700 45.345078698353426 0.0027171853738134784 0.00022505192934841613 0.0007996871027454722 8.307243781757734e-13 -1.6058608030312949e-7
16710 45.37223834412201 0.0027149576308269398 0.00022455116742787929 0.0008943040433060379 8.312239785368547e-13 -1.8209376712041703e-7
16720 45.39938270284343 0.002714471956662974 0.00021847358014651813 0.0007327896787279187 8.316680677467048e-13 -1.6110169661839868e-7
16730 45.42653749968832 0.0027164992118913545 0.00021670842581472273 0.0005636368987651519 8.321676681077861e-13 -1.3113850506375757e-7
16740 45.453711836059604 0.002717818222447719 0.0002225643729644838 0.000744004258310782 8.327782907713299e-13 -1.4004643313428322e-7
16750 45.48088374087175 0.0027163277297154414 0.00022679850115954106 0.0008816514781199158 8.3322237998118e-13 -1.7377817500014575e-7
16760 45.5080351153628 0.0027144003403371435 0.00022310198503483047 0.0008696577115845372 8.338330026447238e-13 -1.7869186967091333e-7
16770 45.535180569736106 0.002715109481648708 0.00021733937252568845 0.0006257030751596893 8.342215807033426e-13 -1.470239366623688e-7
16780 45.56234412304694 0.0027173218742396433 0.00021881988536996778 0.0006407178575627004 8.347211810644239e-13 -1.2912571046436172e-7
16790 45.58952102411468 0.0027175218042442477 0.0002251620483177506 0.0007718801443976631 8.352762925767365e-13 -1.5348781222564167e-7
16800 45.616685275709806 0.002715391652983975 0.00022634490821595395 0.000912363364353852 8.356093594841241e-13 -1.812924050759862e-7
16810 45.643831023504106 0.0027143235150801763 0.00022073210933674619 0.0007986389891700973 8.363310044501304e-13 -1.683357330126145e-7
16820 45.67098190228029 0.002716017775777167 0.00021746535567775455 0.0005816819421055053 8.36886115962443e-13 -1.35354149244718e-7
16830 45.698153356447804 0.0027177804676639205 0.00022246364417625124 0.0007190997241871555 8.373302051722931e-13 -1.3500591485460928e-7
16840 45.72532812320132 0.0027168048680149895 0.0002282215527939866 0.0008608985286797655 8.376632720796806e-13 -1.6809196395786794e-7
16850 45.752483664870574 0.0027146440447667216 0.00022648691343928499 0.0009038095459378281 8.383294058944557e-13 -1.8213323234967868e-7
16860 45.77962806225818 0.0027147429261165416 0.00022064561622242001 0.0006994966646576284 8.387179839530745e-13 -1.5499494784775524e-7
16870 45.806787143380305 0.0027169383697290103 0.00022040777386415875 0.0006287009919413444 8.393286066166183e-13 -1.2992308610844426e-7
16880 45.83396337738927 0.0027177432675452432 0.0002263175302527411 0.0008064381556200928 8.397171846752371e-13 -1.4678303169234946e-7
16890 45.86113194439724 0.0027158751424192287 0.0002284550523319922 0.0009178672475161909 8.404388296412435e-13 -1.784858634924401e-7
16900 45.88828023504575 0.00271430839086304 0.0002227466898626041 0.000855283380002736 8.408274076998623e-13 -1.7413629324789202e-7
16910 45.915427952116815 0.0027155399768378926 0.00021700647881694584 0.0005766599550687812 8.412159857584811e-13 -1.4011507252211442e-7
16920 45.94259568623436 0.002717608729709298 0.00021943305996666903 0.0006829825030651993 8.418821195732562e-13 -1.2993839530956035e-7
16930 45.96977221396641 0.0027172241991590064 0.00022523347494782825 0.0007967337902010652 8.42270697631875e-13 -1.5934105680063432e-7
16940 45.99693231117676 0.002715000193348003 0.00022491034050622284 0.000862723015896627 8.427147868417251e-13 -1.8124193618960172e-7
16950 46.02407691668956 0.002714479673087487 0.00021933211791217629 0.0007027124499318083 8.434364318077314e-13 -1.6093148599577872e-7
16960 46.05123165684849 0.002716489112064195 0.00021826415505320232 0.0005492815353455027 8.43991543320044e-13 -1.3121696778600855e-7
16970 46.078406015671156 0.002717835578635914 0.00022487807382914427 0.0007482178314448529 8.442690990762003e-13 -1.4016248378408756e-7
16980 46.10557827982444 0.002716374075899755 0.00022991814916844432 0.0009119178900321989 8.448242105885129e-13 -1.7438128194954854e-7
16990 46.1327300708558 0.0027144310040578 0.0002268824988600199 0.000903036764141274 8.451572774959004e-13 -1.8008410321259914e-7
17000 46.15987562793843 0.0027151049426728273 0.00022139408177654796 0.0006594602808578376 8.45712389008213e-13 -1.4863204216669748e-7
17010 46.18703909976472 0.002717318470940461 0.000222630508975414 0.0006434524006158071 8.462119893692943e-13 -1.3008769848739534e-7
17020 46.214216156946826 0.002717554376071207 0.0002285165019808973 0.0007877071777581124 8.466005674279131e-13 -1.5371561093057622e-7
17030 46.24138084741571 0.00271543774583862 0.00022921682579377675 0.0009418167025858626 8.473777235451507e-13 -1.8139235717304098e-7
17040 46.26852691204879 0.0027143391854791174 0.00022305361464704872 0.0008301587792152176 8.477107904525383e-13 -1.6853796818273956e-7
17050 46.29567777663274 0.002716007711735948 0.00021907800763734038 0.0005824086771442083 8.482103908136196e-13 -1.3515345860916697e-7
17060 46.3228492023793 0.002717790060007426 0.00022336337006068855 0.0007220870880925156 8.487655023259322e-13 -1.340445615854828e-7
17070 46.35002426635871 0.0027168483776513802 0.00022866080922402313 0.0008448335415086605 8.49154080384551e-13 -1.6685253603765382e-7
17080 46.3771802525986 0.0027146819488984212 0.00022669551561291105 0.000891318203246172 8.497091918968636e-13 -1.8130784373675268e-7
17090 46.4043248288816 0.0027147445778544148 0.00022073463174631644 0.0006879516310455136 8.501532811067136e-13 -1.54527241738589e-7
17100 46.431483835479185 0.0027169310154500272 0.0002205175727836903 0.0005947043189307166 8.507639037702575e-13 -1.2924503138382615e-7
17110 46.45866015442442 0.0027177683334316505 0.00022687477015195313 0.0007698703619620773 8.511524818288763e-13 -1.4586658722906543e-7
17120 46.48582912524266 0.002715922229107583 0.0002297605794548226 0.0009081921461961961 8.515410598874951e-13 -1.7803842546851995e-7
17130 46.51297778863164 0.002714331679821691 0.00022500005142321445 0.0008482208336652031 8.522627048535014e-13 -1.7460624543875342e-7
17140 46.540125547010376 0.0027155318144246473 0.00022008275657302133 0.0005865383467871244 8.526512829121202e-13 -1.4106942026505254e-7
17150 46.56729321786678 0.0027176109875930513 0.00022303780783606078 0.0006869694639557444 8.532063944244328e-13 -1.307547842447493e-7
17160 46.59446997120456 0.0027172624592768867 0.00022905776602564741 0.0008167621594857843 8.536504836342829e-13 -1.600857052596466e-7
17170 46.62163051644954 0.0027150426981529465 0.00022871619235301954 0.0009193511903178297 8.542055951465954e-13 -1.823328210723979e-7
17180 46.648775371917985 0.0027144879218927672 0.0002227871573496878 0.0007608623211760035 8.548717289613705e-13 -1.6216496038362616e-7
17190 46.67593005986041 0.002716479240067628 0.00022100725714091878 0.0005840708705640019 8.548162178101393e-13 -1.317914370092474e-7
17200 46.70310443934978 0.002717852444858579 0.00022688526152043695 0.000752778075068572 8.558709296835332e-13 -1.397462145700818e-7
17210 46.73027705730645 0.0027164199728137626 0.00023157997829922075 0.0008973890515554528 8.562039965909207e-13 -1.7359983037993233e-7
17220 46.757429264710375 0.002714462023861076 0.0002285015125845395 0.0008916220781078898 8.566480858007708e-13 -1.7965280099809878e-7
17230 46.78457493080261 0.002715101051010923 0.00022310335351492493 0.0006484364562726053 8.569811527081583e-13 -1.4846630525615335e-7
17240 46.81173832388512 0.002717314921968827 0.00022437736162882925 0.0006772569558780583 8.578693311278585e-13 -1.297003796011829e-7
17250 46.838915531502366 0.0027175861003784427 0.0002303125013496785 0.0008266654467422585 8.582579091864773e-13 -1.5316379008050774e-7
17260 46.86608065330231 0.0027154833337856865 0.0002309545364561918 0.0009348983949438727 8.586464872450961e-13 -1.8120742508713364e-7
17270 46.893227034880056 0.0027143552535901054 0.00022450510183799887 0.0008253222792531378 8.588130206987898e-13 -1.6875310545431355e-7
17280 46.92037788988773 0.0027159979976749795 0.00021998728456446996 0.0005776334886568035 8.595901768160275e-13 -1.3505631562918086e-7
17290 46.94754928630217 0.0027177991647498166 0.0002237434856754025 0.0007237401544318844 8.6014528832834e-13 -1.3314697871454465e-7
17300 46.97472464058136 0.00271689109007031 0.00022889849873554283 0.000836617366669179 8.606448886894214e-13 -1.6563692108801508e-7
17310 47.00188106640391 0.0027147196929263803 0.0002271834148516952 0.0008601818613723777 8.610889778992714e-13 -1.8059482291335833e-7
17320 47.029025824333225 0.0027147466779503687 0.00022174012515223748 0.0006577795483760918 8.617551117140465e-13 -1.544401958099499e-7
17330 47.056184759325355 0.002716923689250334 0.00022225951117505293 0.0005959677411381259 8.620881786214341e-13 -1.2932434031345856e-7
17340 47.083361159675505 0.0027177927776302073 0.00022933763442943366 0.000774701249918186 8.625322678312841e-13 -1.4603051349085538e-7
17350 47.11053052802547 0.00271596884934384 0.0002330078840118646 0.0009393521229881241 8.631984016460592e-13 -1.7878043065273877e-7
17360 47.13767956414796 0.00271435560391565 0.00022883510527736792 0.0008820057744115539 8.63364935099753e-13 -1.760846582464882e-7
17370 47.16482736940215 0.00271552423047182 0.00022410586170614635 0.0006308690817007356 8.639200466120656e-13 -1.4259060926072632e-7
17380 47.19199497863716 0.002717613049364045 0.0002267473987612099 0.0006903864861489417 8.645861804268407e-13 -1.3154996441589562e-7
17390 47.21917195289475 0.0027173001333287293 0.00023228883630745155 0.0008427265198199807 8.649192473342282e-13 -1.602413271081164e-7
17400 47.246332942946744 0.0027150852076735722 0.00023148291265612724 0.0009493013983664644 8.656408923002346e-13 -1.8245509226188193e-7
17410 47.27347805316225 0.002714496908101499 0.00022498877453798924 0.0007923470725454962 8.660294703588534e-13 -1.623329825270253e-7
17420 47.30063269551591 0.0027164697984618834 0.00022248262854115584 0.0005851786633057632 8.664735595687034e-13 -1.3145512796006176e-7
17430 47.32780709512912 0.002717868891271392 0.0002277088396981524 0.0007564193670407393 8.670841822322473e-13 -1.3869021388453195e-7
17440 47.35498006158807 0.0027164654206777413 0.00023201043681074133 0.0008820928276499496 8.676948048957911e-13 -1.7241398180163625e-7
17450 47.382132685231404 0.0027144934366077665 0.00022873213908922293 0.0008794486276840763 8.680278718031786e-13 -1.7893026515308774e-7
17460 47.40927846806927 0.002715098028326041 0.00022325798425701658 0.0006366737387142885 8.68749516769185e-13 -1.4800330754537183e-7
17470 47.43644178872184 0.0027173116228337356 0.0002246010836819084 0.0006469043392776097 8.691380948278038e-13 -1.2896534092379786e-7
17480 47.463619144615414 0.0027176173235344356 0.00023105918974603866 0.0007884137167198935 8.697487174913476e-13 -1.5229014336051727e-7
17490 47.49078469346808 0.0027155286744910846 0.000232467543595185 0.0009259831293471077 8.701928067011977e-13 -1.8092757547109178e-7
17500 47.51793139363511 0.002714371808979511 0.00022695654439535096 0.0008185044802655472 8.706368959110478e-13 -1.6935642415099456e-7
17510 47.54508224496787 0.0027159888228202246 0.00022317016287189739 0.0005962276656866772 8.711920074233603e-13 -1.360057412143345e-7
17520 47.572253613119834 0.0027178080145152305 0.0002273777981804843 0.0007283914860121143 8.715805854819791e-13 -1.3391587011003792e-7
17530 47.599429252739675 0.0027169332596662346 0.0002327168435641137 0.0008636726619777324 8.722467192967542e-13 -1.6641415350078514e-7
17540 47.626586116025194 0.002714757494646718 0.0002309185430454601 0.000917320125196297 8.726908085066043e-13 -1.817366394596398e-7
17550 47.65373105949325 0.0027147493096696643 0.0002250452041068583 0.0007159011597974163 8.729683642627606e-13 -1.555945973695516e-7
17560 47.680889927065756 0.0027169164817098515 0.0002248508762150538 0.0005975777203517385 8.735789869263044e-13 -1.2970519534674999e-7
17570 47.70806640576159 0.002717816649399519 0.00023124784995843013 0.0007798708238114793 8.739675649849232e-13 -1.454902360570505e-7
17580 47.73523616682233 0.0027160151888887037 0.000234658037160668 0.0009254594919401171 8.748002322533921e-13 -1.7803746080278116e-7
17590 47.76238557699382 0.002714379993993643 0.00023048004067211227 0.0008707398969839408 8.752998326144734e-13 -1.7573331608308632e-7
17600 47.78953343545107 0.0027155174438456115 0.00022585288710301647 0.0006064490681577661 8.760214775804798e-13 -1.4241278003766236e-7
17610 47.816700984539516 0.002717614807228928 0.0002285276282626954 0.0007231262152914697 8.761324998829423e-13 -1.3111136539647065e-7
17620 47.84387817259486 0.002717336919190033 0.000234093103990555 0.0008401511892351943 8.766321002440236e-13 -1.5972817548965848e-7
17630 47.87103960133203 0.0027151273895995643 0.0002332070548236912 0.0009429331785117956 8.772427229075674e-13 -1.823685709484885e-7
17640 47.89818496757454 0.002714506315896748 0.00022638336603566803 0.0007875286477670995 8.779088567223425e-13 -1.625472219540632e-7
17650 47.92533956874092 0.0027164606168792378 0.00022331513473589033 0.0005810366579780402 8.781309013272676e-13 -1.3122319021303833e-7
17660 47.9525139863096 0.002717884744783939 0.0002280946804697038 0.0007587444236180074 8.786860128395801e-13 -1.3768850470747266e-7
17670 47.979687293826366 0.0027165101590667924 0.0002323149090008771 0.000867901081304634 8.794076578055865e-13 -1.7125741127632424e-7
17680 48.006840330319385 0.002714524856518709 0.00022935299220676355 0.0008486173796639074 8.800182804691303e-13 -1.7835556007530775e-7
17690 48.03398623299705 0.002715095424465545 0.00022440825764915968 0.0006062696837609849 8.804623696789804e-13 -1.4798038248852735e-7
17700 48.06114948341729 0.0027173082294187716 0.00022650471214121908 0.0006488662446787474 8.810729923425242e-13 -1.2904524777459868e-7
17710 48.08832698298917 0.0027176478647025736 0.0002336536489655357 0.0007938141763695894 8.81461570401143e-13 -1.525217437199494e-7
17720 48.11549295345504 0.0027155736948723357 0.00023582856077186012 0.000957989473841514 8.819611707622244e-13 -1.8181073526130774e-7
17730 48.14263997372416 0.002714388815012672 0.00023082562843046892 0.000852622731441155 8.824607711233057e-13 -1.7089170083793061e-7
17740 48.16979082663512 0.002715980082992339 0.0002271412899093861 0.0006406811455322847 8.830158826356183e-13 -1.374138315309978e-7
17750 48.19696216703816 0.0027178165853783964 0.00023098112156388375 0.0007324783840046978 8.834599718454683e-13 -1.345530779964287e-7
17760 48.224138086842146 0.002716974889276256 0.0002358357688495603 0.0008904592048236681 8.840150833577809e-13 -1.665216965660043e-7
17770 48.251295385693496 0.0027147954462408024 0.00023358133984268347 0.0009476908473408097 8.845146837188622e-13 -1.8188111113146173e-7
17780 48.27844052077365 0.0027147526704675946 0.00022712810301969133 0.0007472681123284475 8.850142840799435e-13 -1.5570717241432386e-7
17790 48.305599326406686 0.0027169095329172403 0.00022620566718217671 0.0005982848613255154 8.854028621385623e-13 -1.2922980326167746e-7
17800 48.33277588185798 0.002717840033388545 0.00023201499977777143 0.0007841295686314975 8.860689959533374e-13 -1.4436579437275554e-7
17810 48.35994603060102 0.0027160611870129595 0.00023508697631614234 0.000910846279204347 8.865130851631875e-13 -1.76925525642406e-7
17820 48.387095816873426 0.0027144050035723816 0.0002307285968378347 0.000858762707836247 8.870126855242688e-13 -1.751016207151429e-7
17830 48.414243736646895 0.002715511474833199 0.0002260716537306342 0.0005949206272505281 8.874567747341189e-13 -1.4193430821797526e-7
17840 48.441411230465725 0.0027176168972165653 0.00022888233283062243 0.0006952300087903485 8.881784197001252e-13 -1.3032732215645382e-7
17850 48.468588629445904 0.0027173731960134315 0.0002350024659061125 0.0008201312099676006 8.886780200612066e-13 -1.5892406416122967e-7
17860 48.49575049301011 0.002715169425807789 0.00023492191926967232 0.0009346808104111481 8.891221092710566e-13 -1.822609195249649e-7
17870 48.52289611891486 0.0027145162868384624 0.00022899783152862955 0.0007808419219292873 8.896217096321379e-13 -1.6325883591891688e-7
17880 48.55005068421679 0.0027164518057208615 0.00022662558028643592 0.0006001294911022192 8.898992653882942e-13 -1.3214935215902224e-7
17890 48.5772251199262 0.002717900291115922 0.00023177005530837391 0.000764036433481774 8.906209103543006e-13 -1.3842085306095542e-7
17900 48.60439876362383 0.002716554427388985 0.00023609575434817203 0.0009025870809625802 8.910649995641506e-13 -1.720806431272648e-7
17910 48.63155221201447 0.0027145565108562474 0.00023300508985004404 0.0009062086013308379 8.915090887740007e-13 -1.795329117836031e-7
17920 48.65869823938663 0.0027150933494691624 0.00022755173684392172 0.0006643098360433197 8.91786644530157e-13 -1.490283186682262e-7
17930 48.685861422273724 0.0027173047943401868 0.0002289474350353929 0.0006511665025816793 8.926193117986259e-13 -1.292336232966776e-7
17940 48.71303906203376 0.0027176778332762314 0.00023548549764201225 0.0007995461691178152 8.931189121597072e-13 -1.5188837151100358e-7
17950 48.74020544965764 0.002715618515733221 0.00023747278976309373 0.0009446321765457233 8.933409567646322e-13 -1.8112540038704543e-7
17960 48.76735279302931 0.0027144064079476313 0.00023249651600125665 0.0008413778364395608 8.940626017306386e-13 -1.706070530935232e-7
17970 48.79450365370532 0.002715971802843485 0.00022892211536698983 0.0006171765770403015 8.943956686380261e-13 -1.372068920558442e-7
17980 48.821674966274585 0.0027178247419074467 0.00023279258136575315 0.0007654641783522154 8.950618024528012e-13 -1.3407198577544303e-7
17990 48.84885115878006 0.002717015682975015 0.00023764492590243279 0.0008809500508889512 8.957834474188076e-13 -1.6606420236685456e-7
18000 48.87600888774189 0.0027148332013148006 0.00023528443818642786 0.0009417670375893028 8.961165143261951e-13 -1.8188328674978112e-7
18010 48.90315421717659 0.0027147564983342407 0.00022846496651250076 0.0007423547809105591 8.965050923848139e-13 -1.558916086078456e-7
18020 48.93031296473468 0.0027169026914160028 0.00022697256176877772 0.0005977055453395552 8.968936704434327e-13 -1.2885692148120525e-7
18030 48.957489593627976 0.002717862744914902 0.0002324184564533293 0.0007870937211291729 8.977263377119016e-13 -1.432896547105728e-7
18040 48.98466012278108 0.0027161065494955214 0.00023547954566308546 0.0008901028068610817 8.978928711655954e-13 -1.758565057999523e-7
18050 49.01181028288995 0.0027144301363800794 0.00023149840083953283 0.0008280815645709261 8.985590049803704e-13 -1.7466189782154088e-7
18060 49.03895826777046 0.0027155059271284083 0.00022737890574170164 0.0005802945124635528 8.98892071887758e-13 -1.4195967527957868e-7
18070 49.06612570743855 0.0027176188143740645 0.00023093224249756897 0.0006978905354059206 8.997247391562269e-13 -1.3041316430912386e-7
18080 49.093303312138545 0.0027174089557659843 0.00023776426945189955 0.0008489504019353333 8.999467837611519e-13 -1.592414147121751e-7
18090 49.12046560590873 0.002715211268460718 0.00023838688606190583 0.0009674901842542383 9.004463841222332e-13 -1.8327867247182682e-7
18100 49.14761149361319 0.002714526734738908 0.00023289492970707476 0.0008152331981641225 9.011680290882396e-13 -1.6481606366858092e-7
18110 49.17476602833013 0.002716443329939059 0.0002304999390130836 0.0006446056154822966 9.016121182980896e-13 -1.3342043204948607e-7
18120 49.201940481339804 0.002717915429783246 0.0002352478316648885 0.000768766510634622 9.020006963567084e-13 -1.3891135315253502e-7
18130 49.229114456356854 0.0027165982728401244 0.00023912131619475345 0.000930162407313806 9.02555807869021e-13 -1.7215914533639251e-7
18140 49.25626831599543 0.0027145884560325515 0.00023556262303595793 0.0009369217980614852 9.028888747764086e-13 -1.7969202021294282e-7
18150 49.28341447419072 0.002715092001061016 0.00022951377209067922 0.0006954834615804928 9.034994974399524e-13 -1.4906403586782344e-7
18160 49.31057759420015 0.0027173014804693155 0.00023019943702757903 0.0006525693174841418 9.04054608952265e-13 -1.2862201644947904e-7
18170 49.337755371123336 0.0027177072555261603 0.00023621251789323686 0.0008043736824514536 9.046652316158088e-13 -1.5072461016958638e-7
18180 49.3649221720375 0.0027156631473243876 0.00023790534591778948 0.0009305978656157787 9.051093208256589e-13 -1.8010408926738553e-7
18190 49.39206984126027 0.002714424636185554 0.00023276280402678766 0.000829466058049122 9.055534100355089e-13 -1.7005274553262562e-7
18200 49.41922071785238 0.0027159642726688523 0.00022920784084334926 0.0006064878311800026 9.060530103965903e-13 -1.366998593245461e-7
18210 49.44639200589607 0.0027178328341226645 0.0002332895531469999 0.0007386872996130167 9.066081219089028e-13 -1.3325623494757355e-7
18220 49.47356846754479 0.0027170560336829026 0.00023871562846812977 0.0008696661387102012 9.071632334212154e-13 -1.6535800992541205e-7
18230 49.50072662383152 0.0027148709399455826 0.00023719410568349945 0.000934071514430701 9.076073226310655e-13 -1.8194799432724794e-7
18240 49.52787215100848 0.0027147608676857077 0.00023123060581713755 0.0007356858297341562 9.079959006896843e-13 -1.566852592567447e-7
18250 49.55503084531985 0.0027168961027174464 0.00023038133413302582 0.0006000664475145356 9.084399898995343e-13 -1.2974518364891607e-7
18260 49.5822075461928 0.0027178850220077027 0.0002361115733639393 0.0007929875986368851 9.089395902606157e-13 -1.439962462670974e-7
18270 49.6093784512339 0.0027161515403799036 0.0002392216769168394 0.000932873769768805 9.096057240753908e-13 -1.7673041251276e-7
18280 49.6365289848721 0.002714455536754746 0.00023506004200344555 0.0008860870864504378 9.099387909827783e-13 -1.7585030115136596e-7
18290 49.66367703940811 0.0027155008432787546 0.00023037465881611108 0.0006120417738870731 9.106049247975534e-13 -1.4287348183532333e-7
18300 49.69084442645451 0.0027176205600958014 0.00023323911352257195 0.0007008782176164408 9.112155474610972e-13 -1.3041557767089554e-7
18310 49.71802223237809 0.002717444270864043 0.0002395503593906554 0.0008320321984128798 9.116596366709473e-13 -1.5854661784896022e-7
18320 49.74518495302672 0.002715253118249455 0.00024004291027179944 0.0009545471210683498 9.121037258807974e-13 -1.826651396812269e-7
18330 49.772331106034414 0.002714537775353948 0.00023460748521865837 0.0008038709454151194 9.1265883739311e-13 -1.6458316307003278e-7
18340 49.79948561541262 0.002716435160623556 0.00023229318703308396 0.000621957286060848 9.12880881998035e-13 -1.3317304066920292e-7
18350 49.826660083888214 0.00271792998026897 0.0002370759261890078 0.0008033755355342231 9.134359935103475e-13 -1.3840195244249563e-7
18360 49.85383438241731 0.0027166413462432434 0.00024094166215103552 0.0009214258200078707 9.141576384763539e-13 -1.717720932948819e-7
18370 49.88098864935554 0.0027146203766614013 0.00023723530538715982 0.0009313244279697264 9.147127499886665e-13 -1.7976860483615725e-7
18380 49.9081349414729 0.0027150911110754637 0.00023079332117108509 0.0006903595675376573 9.153233726522103e-13 -1.4919234765822427e-7
18390 49.93529800125456 0.0027172981376143435 0.0002309138221748223 0.0006527126261608451 9.155454172571353e-13 -1.2811066668957707e-7
18400 49.962475910767225 0.002717735944875818 0.00023664200659377418 0.0008079346483308436 9.160450176182167e-13 -1.4960784995293375e-7
18410 49.98964311792686 0.0027157072452310433 0.0002384027258489946 0.000902872324057391 9.168221737354543e-13 -1.791468284330262e-7
18414 50.0 0.0022110537372270755 0.0002370783208415678 0.0008915980260605361 9.16988707189148e-13 -1.809945990323438e-7
