#timestep time dt l2_scalar linf_scalar cons_scalar dsdu_ut 
0 0.0 1.0 4.420382399453411e-18 8.326672684688674e-17 0.0 -4.229423072980521e-16
10 0.013253606465426632 0.0013988812600909725 0.00017424082807147626 0.0008608112998910178 3.885780586188048e-16 -3.9963167137506287e-7
20 0.028174814887315762 0.0015719300265453083 0.00023288987889603263 0.0015206164048472415 9.43689570931383e-16 -2.339533932576295e-7
30 0.04438070871180373 0.001666060936474166 0.00027169714990314854 0.0019250705685182057 1.5543122344752192e-15 -6.013712834182404e-7
40 0.061206553848077216 0.0017200983435326218 0.00029268198529265084 0.002105199090963572 2.1649348980190553e-15 -2.9466688979017885e-7
50 0.0784665091914284 0.0017581064059845007 0.00032033853495460875 0.002502965349290398 2.609024107869118e-15 -2.391702731210698e-7
60 0.09598218741517005 0.001787430855354959 0.00034765565442182054 0.0027951305843579854 3.2751579226442118e-15 -4.1091213505979283e-7
70 0.11377960585076584 0.0018109351551013877 0.0003565000992739849 0.0029055290225563635 3.552713678800501e-15 -4.517097583181954e-7
80 0.1317841341090686 0.0018254936258869639 0.000374937522857356 0.003212958489011486 3.885780586188048e-15 -5.478062426378461e-7
90 0.15004683654750844 0.0018466530147775773 0.00037996683009881594 0.003505574128279454 4.496403249731884e-15 -5.655512640727952e-7
100 0.1685563934920745 0.0018587815099004085 0.00039101066146254637 0.0034828413576001305 4.9960036108132044e-15 -5.724213158874366e-7
110 0.1872859361976045 0.001883249975427043 0.000386435660747358 0.00303931108304778 5.551115123125783e-15 -7.200059875448308e-7
120 0.20622906506211328 0.0018902974060574077 0.0003888475187231957 0.0031825419959856383 5.995204332975845e-15 -7.349715916125807e-7
130 0.22539642071590535 0.0019233301541031857 0.0003801469927935183 0.0031480799798007664 6.494804694057166e-15 -8.507864771545271e-7
140 0.24481355612403613 0.001939680493294397 0.00037701165967388573 0.0029983988152839647 7.216449660063518e-15 -7.657209046577572e-7
150 0.26448868475805565 0.001979129013860594 0.00037763194143932864 0.0033040809994695497 7.549516567451064e-15 -7.340499165599907e-7
160 0.28442010384774546 0.0020022508050791896 0.0003814131946237521 0.003508841856588729 8.215650382226158e-15 -6.357461461254862e-7
170 0.3045046533791732 0.0020172749890788534 0.00038263632687579444 0.0032299995155606886 8.715250743307479e-15 -6.773279193038328e-7
180 0.32467564629465867 0.0020177565426459446 0.00038214632144482826 0.0030401422612093554 9.325873406851315e-15 -7.085648487214873e-7
190 0.34479900806335806 0.0020218068784102834 0.00037901799024951107 0.0030995749490045355 9.825473767932635e-15 -8.163860058287009e-7
200 0.364980234744384 0.002011992875980788 0.0003744149132601767 0.002960225553040763 1.0325074129013956e-14 -7.489884513251985e-7
210 0.3851546374183043 0.0020211772615201726 0.0003757939199402857 0.003221268512017539 1.0824674490095276e-14 -7.41830442567426e-7
220 0.4054548528918002 0.002021881688010699 0.0003805056797754492 0.003501186056803496 1.1324274851176597e-14 -6.296857646241605e-7
230 0.4258416713171158 0.0020338260906578795 0.0003827323180816006 0.0033046775624316904 1.176836406102666e-14 -6.549659679125353e-7
240 0.4463033135950898 0.0020435556473624708 0.00038260153743183384 0.0029981395210537665 1.2323475573339238e-14 -7.105520303772594e-7
250 0.4667536145845904 0.0020555809895576958 0.0003804537618836599 0.003117969580570562 1.2989609388114332e-14 -7.921052960230962e-7
260 0.4872957909744783 0.002056555233760214 0.00037496132043431785 0.0030134073398001837 1.3600232051658168e-14 -7.70728923148601e-7
270 0.5078058848261184 0.002062375298308654 0.0003757281779695242 0.003194210462857283 1.4099832412739488e-14 -7.432081411753999e-7
280 0.528419384737384 0.0020527373256886564 0.0003805070317740869 0.0034875741240345537 1.459943277382081e-14 -6.410818996190407e-7
290 0.5490685158317449 0.0020610848601941207 0.0003824566559269363 0.003343089316774628 1.509903313490213e-14 -6.476942321798768e-7
300 0.5697475924725466 0.0020598938225948947 0.00038302144128351184 0.002971992771409193 1.5376588891058418e-14 -7.151123035589041e-7
310 0.5904427028274292 0.002075878719253065 0.00038061561230401744 0.0031277556389682215 1.609823385706477e-14 -7.75737469680543e-7
320 0.6112283350996015 0.002083884815917558 0.0003750899185250192 0.003020600308291599 1.6486811915683575e-14 -7.885453181949442e-7
330 0.6320222934790231 0.0020932832680127973 0.00037559539832580783 0.003193630399197067 1.6986412276764895e-14 -7.333390513002136e-7
340 0.6529075871030869 0.0020826713227852845 0.0003804389091860571 0.0034779751304224726 1.7541523789077473e-14 -6.507959324636436e-7
350 0.6738109256455181 0.002088917659444428 0.0003821448925761892 0.003352742508436979 1.8041124150158794e-14 -6.422174875773436e-7
360 0.6947131116396725 0.002081890488218681 0.0003833170538694332 0.0029658064142610296 1.887379141862766e-14 -7.201575921507615e-7
370 0.7156462750121174 0.0021017530324892505 0.0003802749054629458 0.0031416369204434746 1.8984813721090177e-14 -7.680241151497135e-7
380 0.7366419117099074 0.0021059994717607397 0.00037512751393019723 0.0029981500307493247 1.942890293094024e-14 -7.971251697566932e-7
390 0.7576734941851797 0.0021144166361583058 0.0003756920766840617 0.0032193025876522396 2.015054789694659e-14 -7.217187729820738e-7
400 0.7787585205797429 0.0021026309407758082 0.0003807363885714716 0.0034794864204440445 2.070565940925917e-14 -6.544853441904262e-7
410 0.7998810199753338 0.0021103048858838306 0.00038196519511666356 0.0033282575892971122 2.1260770921571748e-14 -6.404500210905698e-7
420 0.8209849054346048 0.002107477459507392 0.00038372423070423187 0.0029697940097817566 2.1538326677728037e-14 -7.279128859471246e-7
430 0.8421661127313633 0.002129893873658219 0.000379623275348796 0.0031645718284627478 2.2093438190040615e-14 -7.675227506952459e-7
440 0.863381161202988 0.0021268034902047015 0.00037510739987919124 0.002946436560525123 2.270406085358445e-14 -7.974605671291668e-7
450 0.884660611155176 0.0021298539532366195 0.0003762032412291249 0.0032627210675109097 2.298161660974074e-14 -7.116251830123584e-7
460 0.9059417959306809 0.002122827739150151 0.0003811225252113187 0.0034944081257795023 2.3814283878209608e-14 -6.49852047194668e-7
470 0.9272845507957387 0.002131467168898362 0.0003821829477455805 0.003257581910602436 2.4091839634365897e-14 -6.470966477358309e-7
480 0.9485920746743387 0.002137066240999813 0.0003838266885799454 0.002990506346900401 2.4702462297909733e-14 -7.354465756973369e-7
490 0.9700108587324803 0.002149966668215692 0.00037885793960827397 0.003180121758433463 2.5368596112684827e-14 -7.764120183622819e-7
500 0.9914332744563642 0.002143600354578499 0.00037487042324876207 0.0028827735990212267 2.55351295663786e-14 -7.855075491285955e-7
510 1.0129435943480272 0.002143674850953885 0.00037729090282136824 0.0033146229287263074 2.653433028854124e-14 -7.058602747473966e-7
520 1.0344439274453476 0.0021547036048100883 0.0003812744140678931 0.003511504272777466 2.6867397195928788e-14 -6.362134872645156e-7
530 1.0560033812043976 0.0021564636624642193 0.0003829898632512685 0.003137132313820512 2.7422508708241367e-14 -6.651327448346353e-7
540 1.0775439347466425 0.002162841376859596 0.00038324442167517517 0.003044675122049645 2.808864252301646e-14 -7.412835595216663e-7
550 1.099181647536142 0.0021607955675653732 0.0003780574105060124 0.003156703284519169 2.8310687127941492e-14 -7.910790718939439e-7
560 1.1208270282967694 0.0021656054814817457 0.0003747261513212115 0.0029962459137609088 2.90878432451791e-14 -7.633753783043829e-7
570 1.1425408443000722 0.002165940945916142 0.0003787478889890304 0.0033802781119541825 2.958744360626042e-14 -6.977853223286134e-7
580 1.164281741072044 0.0021843575158489916 0.00038140387916355537 0.003489940422068405 2.986499936241671e-14 -6.250473010537513e-7
590 1.1859961504161602 0.002170629926465088 0.0003840598305972644 0.0029884655526030146 3.036459972349803e-14 -6.869576663508291e-7
600 1.2077637295468089 0.0021745479901603922 0.000382113669220165 0.00312515650398304 3.086420008457935e-14 -7.537578432211992e-7
610 1.2295950574650667 0.0021784743933417955 0.000376931350467485 0.003085002363862943 3.136380044566067e-14 -7.972564306973678e-7
620 1.251471757315325 0.0021957361784366346 0.0003755880794813164 0.0031176999652507975 3.191891195797325e-14 -7.424714241542445e-7
630 1.273327306462616 0.002187901062962182 0.0003797857167043724 0.0034631372114134473 3.247402347028583e-14 -6.762367299300567e-7
640 1.2952375581214066 0.0021831869738684158 0.0003822602319082882 0.0033891566686393704 3.302913498259841e-14 -6.326406371045395e-7
650 1.317076008265452 0.0021864067087038787 0.00038449379102798435 0.002898773316923231 3.341771304121721e-14 -7.021087168111555e-7
660 1.339030449942156 0.002196699184268343 0.00038085433648943383 0.0031731121730612377 3.3861802251067274e-14 -7.785325586533165e-7
670 1.3610278161215021 0.002204659831695581 0.00037557000022422134 0.0029851621825542907 3.447242491461111e-14 -7.854243399118416e-7
680 1.3830241334860844 0.002197662754463291 0.0003775468223434753 0.003241847174329404 3.4861002973229915e-14 -7.258569665324899e-7
690 1.4049568491894324 0.0021952591263864323 0.0003803020227476545 0.003516497049141476 3.5416114485542494e-14 -6.473485399585005e-7
700 1.4269199027489774 0.002185831771977991 0.00038363037323194436 0.003233020584321067 3.5915714846623814e-14 -6.56376302473477e-7
710 1.4489234106461208 0.0022139111040624794 0.00038419638861601817 0.00302994868907297 3.6415315207705135e-14 -7.175470931423955e-7
720 1.4709619961256515 0.0022111164846642145 0.0003791278690545324 0.003157772012769844 3.6914915568786455e-14 -7.976436107856241e-7
730 1.4930049456885595 0.0021971753233400253 0.0003754170675928242 0.0029327301430920327 3.7470027081099033e-14 -7.69972635967283e-7
740 1.5149897973293178 0.0021911534517125835 0.0003789674657701734 0.0033770220337863144 3.802513859341161e-14 -6.991691288643978e-7
750 1.5370073573144347 0.0022106533953545446 0.00038143309753645225 0.0034849230673716924 3.8413716652030416e-14 -6.348953302016958e-7
760 1.558984930427233 0.00220631621293047 0.00038448731051306495 0.0030574597195729414 3.8968828164342995e-14 -6.776765549953295e-7
770 1.5810591314409101 0.002200742354154805 0.00038348037414179985 0.003126425856667142 3.952393967665557e-14 -7.469096880898668e-7
780 1.6031027254842423 0.002203048481245491 0.0003771433332954354 0.0031095737382787203 4.013456234019941e-14 -7.932473383084893e-7
790 1.6251246095965644 0.0021999746261441326 0.00037672926667374533 0.0030863351450233223 4.0523140398818214e-14 -7.595782106732674e-7
800 1.6471249330998952 0.0022063476491346995 0.0003797223160067837 0.003482300937392102 4.107825191113079e-14 -6.650442138560544e-7
810 1.669152896325128 0.00219749756345677 0.00038302500924636333 0.003387079074161803 4.168887457467463e-14 -6.407116745535922e-7
820 1.6911517938560316 0.0022023093761201146 0.0003849932891998163 0.0028993602497071613 4.207745263329343e-14 -6.962051472144369e-7
830 1.7132101713718233 0.00219973548319973 0.0003817461856861779 0.0031632319867856973 4.2521541843143495e-14 -7.778185594333256e-7
840 1.7353018459770695 0.0022108599608669853 0.0003763816193687861 0.0030060329792538087 4.313216450668733e-14 -7.805513827012457e-7
850 1.7572936248086728 0.0022016503306998003 0.0003780714196000643 0.0032484820946871995 4.3520742565306136e-14 -7.359824010897027e-7
860 1.7793047533826976 0.0021966634533870603 0.00038083003922972355 0.00351345797724123 4.4020342926387457e-14 -6.465249729697655e-7
870 1.8013192632472494 0.0021968863406844567 0.0003842578670736992 0.003249029383698976 4.4575454438700035e-14 -6.497046448535816e-7
880 1.823411453037369 0.0022164114505285595 0.00038520778818899664 0.0030320304249076835 4.5352610555937645e-14 -7.238424205598946e-7
890 1.8454896743171019 0.002214810104076419 0.0003793246754854564 0.0031709039278313977 4.551914400963142e-14 -7.910673697361983e-7
900 1.8675527749745409 0.0021942468616842595 0.0003769642334615206 0.002925817493259597 4.6074255521943996e-14 -7.74100158135869e-7
910 1.8895623332920712 0.0022027183668133082 0.0003790840334028504 0.00339353194633496 4.668487818548783e-14 -6.957041239673656e-7
920 1.9116265306662998 0.002210605561187294 0.0003821707010477768 0.0034782655618420533 4.7406523151494184e-14 -6.450362636320949e-7
930 1.9337226947498114 0.0022170669053237714 0.0003854820792404786 0.003062930735671432 4.7628567756419216e-14 -6.651478517223334e-7
940 1.9558453965245584 0.0022083233064330897 0.00038407160974929206 0.003122505149903365 4.8405723873656825e-14 -7.53622670521022e-7
950 1.9779575023844702 0.002209333784318665 0.0003778701807128219 0.0031148402088168603 4.873879078104437e-14 -7.914614875736575e-7
960 2.000007589959302 0.0022057866987111483 0.00037776521920338695 0.0031071441608229167 4.934941344458821e-14 -7.594654758308089e-7
970 2.022129801884168 0.0022170915173937698 0.0003804440401214123 0.0034888143622299195 4.9682480351975755e-14 -6.633721968264835e-7
980 2.0442532602382943 0.0022153924439573293 0.0003835328887252297 0.00337829228003772 5.062616992290714e-14 -6.437085069789741e-7
990 2.066409878226597 0.0022115256476249318 0.00038640295672898157 0.0029082569512263734 5.090372567906343e-14 -6.973711440530564e-7
1000 2.088570852084634 0.0022164303875949467 0.00038181559197588544 0.00318895432125621 5.134781488891349e-14 -7.721285485382348e-7
1010 2.1107372033776004 0.0022142840003104634 0.00037766158370805954 0.0029635730283665285 5.190292640122607e-14 -7.900197607294995e-7
1020 2.1328599871968805 0.0022188386979096865 0.0003788510122768187 0.0032805203029607766 5.229150445984487e-14 -7.249875852554838e-7
1030 2.155039061566869 0.002211783558556272 0.0003816936156160268 0.003518318807728904 5.295763827461997e-14 -6.499111673907082e-7
1040 2.1772594987532883 0.0022220458268390093 0.00038548531268257945 0.003213445478262855 5.3290705182007514e-14 -6.47851324669623e-7
1050 2.1994808805482227 0.0022260072768898504 0.0003857405016089408 0.0030454738656700564 5.390132784555135e-14 -7.339835638746952e-7
1060 2.2217227682025658 0.0022242748526362186 0.00037994491516482804 0.0031759480477766555 5.4289905904170155e-14 -7.847797260110369e-7
1070 2.24390222378181 0.0022138915122781678 0.0003780070181951074 0.0029753263435829957 5.4789506265251475e-14 -7.759084434843426e-7
1080 2.266151270982711 0.0022260796079965 0.0003802181491224 0.003430207252013151 5.5289106626332796e-14 -6.893140528816885e-7
1090 2.2884260597438284 0.0022360166966165027 0.00038310899714870226 0.003454456642234094 5.573319583618286e-14 -6.405358765136215e-7
1100 2.310738720922526 0.0022288051674451163 0.00038714482931661605 0.0030112779379702914 5.623279619726418e-14 -6.75176610609278e-7
1110 2.3330322464879494 0.0022293077351240092 0.00038382419177704065 0.00316992802160454 5.67323965583455e-14 -7.57851995063577e-7
1120 2.35532371698612 0.0022252638792447815 0.0003788387484905682 0.0030501853740201035 5.728750807065808e-14 -7.959810233021392e-7
1130 2.3776211571332344 0.0022398121784112414 0.0003791674477765768 0.003180278416573201 5.77871084317394e-14 -7.414657192741925e-7
1140 2.3999877877620195 0.0022364315271219837 0.0003813462667583263 0.0035184240939266642 5.81756864903582e-14 -6.642176267300515e-7
1150 2.4223901384994964 0.0022375675723432915 0.0003855738110474321 0.0033067157206227993 5.861977570020827e-14 -6.405470823304948e-7
1160 2.444750744308072 0.002237931326774528 0.0003869904545868031 0.002976473166067084 5.911937606128959e-14 -7.129125880328546e-7
1170 2.467168403931659 0.0022426696712309247 0.00038179603704221077 0.0031969714052818288 5.96189764223709e-14 -7.779846179500893e-7
1180 2.4895540882982456 0.002239970578838207 0.00037867956288285457 0.0028759163127849985 6.022959908591474e-14 -7.871606262561427e-7
1190 2.5120103208862763 0.0022438388724891727 0.00038048465283639567 0.0033832032004977863 6.084022174945858e-14 -7.056062977369923e-7
1200 2.5344904889429345 0.0022533099076360802 0.00038313902630887 0.00348337214901262 6.139533326177116e-14 -6.406483218698161e-7
1210 2.5569969467089693 0.002247454121828498 0.0003875936398114021 0.003111789315098812 6.183942247162122e-14 -6.672611551471891e-7
1220 2.5795143291864027 0.0022540685687063413 0.00038545133580191035 0.003146257796937668 6.222800053024002e-14 -7.439250580693058e-7
1230 2.6020192810227996 0.0022481422496375796 0.0003800131947624448 0.0030948816184346306 6.27831120425526e-14 -7.955676545566559e-7
1240 2.6245677989032545 0.002260926834667948 0.0003798735365506743 0.0031190340019221496 6.350475700855895e-14 -7.52739102796024e-7
1250 2.6471789049969714 0.002263036599805966 0.0003813973735996722 0.0035083953703215487 6.411537967210279e-14 -6.737606745065364e-7
1260 2.6698292561302965 0.002260823278128758 0.0003861531827805022 0.0033523938380681795 6.467049118441537e-14 -6.367559257760072e-7
1270 2.692415597425594 0.0022644349522212945 0.00038789219201752436 0.0029478614731723862 6.500355809180292e-14 -7.022788550848508e-7
1280 2.7150823323007818 0.002264860230707288 0.0003829409724080105 0.003195059744362183 6.52811138479592e-14 -7.77218321714639e-7
1290 2.7377612472659467 0.00227121455747701 0.00037984742908311853 0.0029121215482365292 6.572520305780927e-14 -7.869225932163578e-7
1300 2.7604843692729157 0.0022719735531097924 0.00038087278975001455 0.003377459621240142 6.628031457012185e-14 -7.132645734393337e-7
1310 2.783234551361563 0.002279399309018293 0.00038386293182911745 0.003481808776214068 6.683542608243442e-14 -6.413203912330307e-7
1320 2.8059682730844173 0.002271336452020044 0.0003882460966765628 0.003140668834615279 6.733502644351574e-14 -6.664094981207052e-7
1330 2.8287684337088175 0.0022796708987429036 0.00038645687222665286 0.003144417611766759 6.794564910705958e-14 -7.384439189533244e-7
1340 2.851545259493456 0.0022817013484724307 0.00038092589161279743 0.003100695262978015 6.84452494681409e-14 -7.961983162024014e-7
1350 2.874384146731695 0.002285442261001513 0.0003807322520712617 0.0031345917635585696 6.900036098045348e-14 -7.554361036348546e-7
1360 2.8972608537383486 0.002287862673732006 0.00038218695515942835 0.003503041065791357 6.94999613415348e-14 -6.698668093474074e-7
1370 2.920134100246873 0.002280179588345088 0.00038711281166903944 0.003354111176189112 6.999956170261612e-14 -6.401860257610092e-7
1380 2.9429820549269956 0.002295105343330919 0.000388778874051423 0.0029727675600628722 7.066569551739121e-14 -7.015957365104773e-7
1390 2.9658906765108175 0.0022905528470630104 0.00038328001547186045 0.00319286717408232 7.110978472724128e-14 -7.822417476310653e-7
1400 2.988852215863361 0.0022934110520608716 0.00038118058287769805 0.002882477819909912 7.155387393709134e-14 -7.815919493282259e-7
1410 3.0118039187587344 0.0022983337394127308 0.00038145831058308626 0.003408374659990554 7.194245199571014e-14 -7.094416708291147e-7
1420 3.0347735690807833 0.0022983088962240856 0.0003852017712819078 0.0034723269311910387 7.26640969617165e-14 -6.404763561816878e-7
1430 3.0577010628706445 0.002294842439339451 0.0003894395441354703 0.0030938398733707517 7.310818617156656e-14 -6.690698488403662e-7
1440 3.0807136783351687 0.002295532784205908 0.00038645478650159643 0.0031691256154456615 7.366329768387914e-14 -7.472960621128035e-7
1450 3.1037267915552613 0.0023077271136792464 0.000382069736047885 0.0030611711526604968 7.427392034742297e-14 -7.943407902841731e-7
1460 3.12674207546712 0.0023039867099020855 0.00038137668746397485 0.0032154078810608944 7.460698725481052e-14 -7.503715726630644e-7
1470 3.1497967849732444 0.0023002512124222787 0.00038366919948639404 0.0035073229193555155 7.527312106958561e-14 -6.58180997556174e-7
1480 3.1728010284539665 0.0022976923446845236 0.00038861608113387544 0.0033057239200846578 7.577272143066693e-14 -6.462997970492821e-7
1490 3.195845791214519 0.0023113385058104933 0.0003891476658981953 0.0030335677323302113 7.616129948928574e-14 -7.114468158076406e-7
1500 3.21890684905171 0.0023099911657401776 0.0003837314049660782 0.0031775833441788914 7.682743330406083e-14 -7.876791336011127e-7
1510 3.241995377214483 0.002301876695857187 0.0003820064303044719 0.0029705341210410907 7.721601136267964e-14 -7.765730698873008e-7
1520 3.2650874665218854 0.0023120536243401687 0.0003827419291978814 0.003448957435457478 7.76601005725297e-14 -6.930049352433642e-7
1530 3.288142138811532 0.0023074146858420453 0.000386840840564053 0.0034427195396939947 7.821521208484228e-14 -6.4242940344501e-7
1540 3.3112090727622427 0.002308812125583074 0.0003907101518418572 0.0030074473562965442 7.888134589961737e-14 -6.760509834616117e-7
1550 3.334326024491991 0.0023081593320476244 0.0003861923658533993 0.0032045521497630625 7.926992395823618e-14 -7.615353576784917e-7
1560 3.3574553457215934 0.00231121908550878 0.00038305099488335155 0.002986180976310232 7.971401316808624e-14 -7.923045990416294e-7
1570 3.3805488386216314 0.0023153657069373973 0.0003824749400087389 0.003301385168465454 8.026912468039882e-14 -7.348142828465104e-7
1580 3.4036578461890263 0.0023049438897356353 0.00038517856136846074 0.0035123767524533056 8.071321389024888e-14 -6.507164185282771e-7
1590 3.426761559952574 0.0023106782678344166 0.00039076355232164775 0.0032275228725937577 8.132383655379272e-14 -6.504308365830325e-7
1600 3.4499020713601087 0.002318672530814394 0.0003887744779732088 0.003119731706292428 8.198997036856781e-14 -7.296188450287011e-7
1610 3.473058205588261 0.002317023259807456 0.0003845793217976373 0.0031190605583976683 8.248957072964913e-14 -7.91123247747931e-7
1620 3.49618148271546 0.002311290816313074 0.0003828299632222006 0.0030944084083093237 8.293365993949919e-14 -7.672291968488249e-7
1630 3.519341616449601 0.0023119483339587256 0.0003840714021620399 0.003499640003295612 8.348877145181177e-14 -6.756723760709474e-7
1640 3.5424649125727203 0.0023173605351841575 0.0003894121314382451 0.00337731580496059 8.382183835919932e-14 -6.42429891175092e-7
1650 3.5656166603421435 0.0023167053099679134 0.00039093795623197517 0.0029437742916408327 8.43769498715119e-14 -6.92907811818827e-7
1660 3.5888175558663375 0.00231699524640693 0.00038666186893280126 0.0031966392396939325 8.493206138382448e-14 -7.722393735292571e-7
1670 3.611986488831089 0.0023155532501011266 0.00038367409997809305 0.0029177294121358055 8.565370634983083e-14 -7.898638411628356e-7
1680 3.635168376306569 0.0023206601348784227 0.0003837962738453606 0.0033970404592984504 8.615330671091215e-14 -7.122291565131444e-7
1690 3.658323446794048 0.002317041108803748 0.0003874987530041907 0.0034741320270953446 8.62088178621434e-14 -6.461484784604093e-7
1700 3.6815209779212186 0.002318414137933321 0.0003920937048824273 0.0031437015630355614 8.698597397938101e-14 -6.60951308576168e-7
1710 3.7047608681502373 0.0023266444378894956 0.000388935454264076 0.003185049879057378 8.743006318923108e-14 -7.459293375102882e-7
1720 3.7279696469040413 0.00232009744229201 0.00038500950560972516 0.0030516195919251254 8.804068585277491e-14 -7.964735756112997e-7
1730 3.7511810993669683 0.0023236657608075814 0.00038413894476287645 0.003222628842198594 8.848477506262498e-14 -7.474569729125249e-7
1740 3.774404481145768 0.002319371212822091 0.00038578334818054543 0.0035132575994047954 8.876233081878127e-14 -6.632503133160853e-7
1750 3.7976433772520646 0.002322587376359146 0.0003919620947213498 0.0033157292149263995 8.97615315409439e-14 -6.434619653209914e-7
1760 3.8208989904079003 0.0023319685052486713 0.0003910660216272093 0.0030775392733199403 9.020562075079397e-14 -7.140191950063499e-7
1770 3.8441801022059248 0.002324808759366571 0.00038683266700368756 0.0031488326338319494 9.064970996064403e-14 -7.851721052140982e-7
1780 3.867445697797797 0.002326070495708638 0.00038492887523962886 0.003003637327752995 9.103828801926284e-14 -7.768868386075768e-7
1790 3.890727972015003 0.0023278181554988193 0.00038481230621227987 0.0034817676643441597 9.153788838034416e-14 -6.912941001037352e-7
1800 3.9140138964294184 0.002333744083405987 0.00039081188743043054 0.0034223350754776227 9.192646643896296e-14 -6.396630955254126e-7
1810 3.9373142137811814 0.0023323003696742233 0.00039262300260186944 0.002977423635457277 9.270362255620057e-14 -6.821966403876419e-7
1820 3.960672580295196 0.0023290084112173827 0.00038899190202222307 0.003189529857345691 9.303668946358812e-14 -7.629552073797781e-7
1830 3.9839942168689424 0.0023359567512764826 0.0003860163109039883 0.002969634862810433 9.342526752220692e-14 -7.94462930192612e-7
1840 4.007334985725487 0.00233597248951692 0.00038483492276326697 0.003376689631875096 9.409140133698202e-14 -7.229808680134503e-7
1850 4.030680653405828 0.002333962585338251 0.00038917678391070363 0.0034803314126564677 9.459100169806334e-14 -6.492269409917649e-7
1860 4.054048572316322 0.002336555465171432 0.0003933620492786733 0.00320427638859333 9.514611321037592e-14 -6.572116421987537e-7
1870 4.0774741877295595 0.0023436028160204654 0.0003912288282219805 0.003159049282727755 9.54236689665322e-14 -7.347414195404813e-7
1880 4.100849924504121 0.0023407325282019447 0.0003873339092710557 0.0030842603628487564 9.620082508376981e-14 -7.972028180433882e-7
1890 4.124258757179015 0.002340633491721807 0.00038552197698665856 0.003211439907082392 9.653389199115736e-14 -7.53419581408329e-7
1900 4.147689529276343 0.002340920960620796 0.0003876695729185207 0.0034952322134169655 9.720002580593246e-14 -6.688021047981831e-7
1910 4.171114892790727 0.002342683616420642 0.00039324769756733435 0.0033561509451855986 9.769962616701378e-14 -6.422618434383857e-7
1920 4.194578330360097 0.002353151336817417 0.0003931919286353944 0.0030596308600261413 9.831024883055761e-14 -7.061228922067628e-7
1930 4.218037103631914 0.0023435999049276606 0.0003888805443796452 0.003162800525130627 9.875433804040767e-14 -7.864005025984814e-7
1940 4.241513663998287 0.002343502032385934 0.00038677583407194916 0.00300851977441019 9.936496070395151e-14 -7.769229055623237e-7
1950 4.265001734714145 0.0023520300042159893 0.0003867142489506386 0.003463017137004587 9.986456106503283e-14 -6.945903992290484e-7
1960 4.288480915488618 0.0023514104353803814 0.0003924396726639022 0.0034480871219466636 1.0036416142611415e-13 -6.398720570370206e-7
1970 4.3119871579096944 0.0023516151935321764 0.0003946504625928266 0.0029724964812862797 1.0097478408965799e-13 -6.803436985096216e-7
1980 4.335523923917042 0.002348055958531589 0.0003906724585435634 0.003195604447819078 1.0141887329950805e-13 -7.644062246627351e-7
1990 4.359045411063606 0.0023539670513306617 0.0003882817414395391 0.0029583732005543095 1.0191847366058937e-13 -7.914950429181028e-7
2000 4.382562163376324 0.002355885329924577 0.00038647629890678704 0.0033803498331540505 1.0241807402167069e-13 -7.239573268265354e-7
2010 4.4060900831715974 0.0023514990038752156 0.00039131045234203397 0.0034961959612598292 1.0302869668521453e-13 -6.479096040703375e-7
2020 4.429646451164055 0.002354427900640886 0.00039550353307319866 0.0031779364488214723 1.0347278589506459e-13 -6.587412971405943e-7
2030 4.453222089404905 0.002355944716324359 0.0003925485964465579 0.0031734502168248024 1.038613639536834e-13 -7.373723030067864e-7
2040 4.476757156250181 0.002358600730206434 0.0003898517258588121 0.0030569631522227025 1.0436096431476471e-13 -7.967998601138629e-7
2050 4.500303795961069 0.00235477803648557 0.00038689634789229756 0.003252456984252583 1.0474954237338352e-13 -7.512609110822631e-7
2060 4.523869747720952 0.0023495654525561996 0.0003902132919366952 0.003507741507445261 1.0541567618815861e-13 -6.634518339475662e-7
2070 4.547436872151296 0.002360271026825459 0.00039562091646254307 0.0033259023063691995 1.0580425424677742e-13 -6.453538845055395e-7
2080 4.5710182658522305 0.0023625564257322568 0.0003943481931678775 0.0030926441251299397 1.0652589921278377e-13 -7.102095693923421e-7
2090 4.594570682521815 0.0023526805855259335 0.00039148430759220956 0.0031342074102521655 1.0691447727140257e-13 -7.900704032271638e-7
2100 4.618133689085773 0.0023544409467441867 0.00038801426977920207 0.003086080870860264 1.0758061108617767e-13 -7.726693930874134e-7
2110 4.641709719962797 0.0023562155003573086 0.0003893563076325382 0.0034795694309877057 1.0813572259849025e-13 -6.867592263594749e-7
2120 4.6652559833117495 0.0023593559464401147 0.0003950382886914213 0.0034251763760041465 1.0841327835464654e-13 -6.420953291225509e-7
2130 4.6888294926922445 0.002358399221574401 0.0003959763018139443 0.0029580184223699235 1.0907941216942163e-13 -6.837352360808055e-7
2140 4.712407703718625 0.002350626596913867 0.0003931702746786193 0.0031830903858788007 1.0969003483296547e-13 -7.718720887598188e-7
2150 4.735952921777144 0.0023553992872652634 0.0003895665095029685 0.0029485188069633406 1.1024514634527804e-13 -7.88280326347794e-7
2160 4.75950784296197 0.0023603483288943935 0.0003890348425505721 0.0034072909307101273 1.1046719095020308e-13 -7.154950669216844e-7
2170 4.783047616744439 0.0023552473297257523 0.0003940070577024324 0.0034862456041584444 1.1118883591620943e-13 -6.46824388379305e-7
2180 4.80661228211658 0.0023516303685967984 0.00039725989570225256 0.003141271487516417 1.11743947428522e-13 -6.608215397088717e-7
2190 4.8301842680054765 0.0023557468806166657 0.00039479534331987056 0.0031884571661746908 1.120215031846783e-13 -7.471815572737366e-7
2200 4.853699829051585 0.0023565000927012417 0.0003913853213112852 0.0030405239020190045 1.1302070390684094e-13 -7.958087912764431e-7
2210 4.877236124397193 0.002352289041031433 0.00038928005517769633 0.003291591304379282 1.1340928196545974e-13 -7.43638465502281e-7
2220 4.90077660520415 0.0023512880924596406 0.0003928049411425685 0.003512760447317076 1.1379786002407855e-13 -6.594407307643823e-7
2230 4.924323735737409 0.00235370510300339 0.00039794403704403224 0.0033074335104892327 1.1401990462900358e-13 -6.465107895384408e-7
2240 4.9478606050009715 0.0023566143123742154 0.0003963033724983364 0.0031368493899647243 1.1474154959500993e-13 -7.190808135938308e-7
2250 4.971358668375825 0.0023520044827768315 0.0003933670637010861 0.003111479612259105 1.1546319456101628e-13 -7.91243488149113e-7
2260 4.994898763053016 0.00235012299397182 0.0003902358764489709 0.0031346783400633127 1.1574075031717257e-13 -7.678829974578289e-7
2270 5.018426696726218 0.002351000041117206 0.00039165913254393957 0.003500239042065978 1.1646239528317892e-13 -6.810755765651377e-7
2280 5.041939509759889 0.0023548041880423485 0.00039791485559586274 0.003417864448079122 1.1696199564426024e-13 -6.419456289117541e-7
2290 5.065454967694693 0.00235247821118968 0.0003976893679010507 0.0030242992150703585 1.1735057370287905e-13 -6.895632805890738e-7
2300 5.088951424086828 0.002343344090317535 0.0003953708926584201 0.00315858896609858 1.177946629127291e-13 -7.754009878570531e-7
2310 5.112475595454553 0.0023540549871681822 0.00039173365374069695 0.002936963504216572 1.1834977442504169e-13 -7.86760588958356e-7
2320 5.135987669651701 0.0023552836741451205 0.0003910603887008556 0.003443094645719569 1.1890488593735427e-13 -7.086089404580514e-7
2330 5.15948191121908 0.0023482995809121815 0.0003972573126922292 0.003481251792078144 1.1940448629843559e-13 -6.458337331856748e-7
2340 5.182986869753534 0.0023493424724724183 0.0003988462989220806 0.0030884033234716 1.1995959781074816e-13 -6.638032945281282e-7
2350 5.206484621475032 0.0023455285927983785 0.0003972375708632173 0.003169590024113267 1.202926647181357e-13 -7.520648858184883e-7
2360 5.229971703082765 0.0023535209058542493 0.00039358261907319496 0.0030424106994883793 1.208477762304483e-13 -7.962242840409486e-7
2370 5.253470306147224 0.0023514308403643934 0.0003911461176942124 0.0033387636116525288 1.2140288774276087e-13 -7.370568824805e-7
2380 5.276973236493133 0.002344540242265131 0.00039617715266577406 0.003505335826912148 1.219024881038422e-13 -6.585546491962068e-7
2390 5.300455983353895 0.0023488052624141857 0.00039959961903651594 0.003288739404621932 1.224020884649235e-13 -6.468598293643719e-7
2400 5.323936875019287 0.0023497254847198745 0.00039889632233620215 0.003131967153606141 1.2284617767477357e-13 -7.236867763022771e-7
2410 5.34740475544546 0.00235107142098636 0.0003956037966557844 0.0031207028935179293 1.2329026688462363e-13 -7.930179241246588e-7
2420 5.370903189331149 0.0023452597401697945 0.0003920837862101952 0.003187124708360911 1.2390088954816747e-13 -7.63234274415818e-7
2430 5.394402134008255 0.0023467761969805843 0.0003949131620127056 0.0034922323789662313 1.244004899092488e-13 -6.797793902224569e-7
2440 5.417852192685393 0.0023500375355748056 0.0003998182036191491 0.0034257668532233776 1.2495560142156137e-13 -6.403477866793322e-7
2450 5.4413183796508315 0.0023450865986147616 0.0004003098068121171 0.00303800468867349 1.254552017826427e-13 -6.935026721568982e-7
2460 5.464781490310269 0.002346053650434365 0.000397617644299728 0.003168696418578809 1.25954802143724e-13 -7.77819226450982e-7
2470 5.488275225228577 0.002347147551320152 0.0003937925361549825 0.0029884373007842413 1.2639889135357407e-13 -7.840991792405425e-7
2480 5.511750342167775 0.0023493336118767666 0.0003939767525109334 0.0034396241953489337 1.2695400286588665e-13 -7.066244248144296e-7
2490 5.535174415268663 0.002345300609668244 0.0003994973607587295 0.003503485159616626 1.27675647831893e-13 -6.442043297026287e-7
2500 5.558642895782506 0.002342504229124611 0.00040142977115009606 0.0030467084239486075 1.2817524819297432e-13 -6.664635946070085e-7
2510 5.582097608055975 0.002345503894732449 0.0003994885058863477 0.0031783337515541854 1.2856382625159313e-13 -7.536540402863778e-7
2520 5.605565829704141 0.0023489944501275633 0.0003959973548157295 0.0030279109278656957 1.2906342661267445e-13 -7.957557475093274e-7
2530 5.629022625999154 0.0023464190957503852 0.0003936361935735132 0.00334463134606533 1.2972956042744954e-13 -7.350373196117824e-7
2540 5.652441811979118 0.002337208542407676 0.00039877357518836915 0.0035299441554889066 1.3034018309099338e-13 -6.577041440809783e-7
2550 5.675897480606756 0.0023457422615229574 0.0004021479048123905 0.003260901944966643 1.3039569424222464e-13 -6.474548364687228e-7
2560 5.69933482677999 0.002348568888875724 0.00040112084531679864 0.003139096250029394 1.3089529460330596e-13 -7.244277792611397e-7
2570 5.722787736022263 0.0023450366457298246 0.0003983956042916698 0.0031103532167523484 1.3156142841808105e-13 -7.946325752408116e-7
2580 5.74624234836037 0.0023429498640416997 0.0003942035888551932 0.0032050620631685067 1.3211653993039363e-13 -7.60955835546061e-7
2590 5.769662200870689 0.0023369814802628053 0.0003978068111685764 0.0035105464988997026 1.3289369604763124e-13 -6.796973863737313e-7
2600 5.793081284825066 0.0023477353627795496 0.00040233255089712033 0.003412635123990704 1.3322676295501878e-13 -6.398579560042063e-7
2610 5.816510409825624 0.002345130370407951 0.000402508356345638 0.0030434190128330596 1.3394840792102514e-13 -6.938842786763263e-7
2620 5.839974068317231 0.0023416063224578534 0.0004007091238726763 0.003161930577148142 1.3428147482841268e-13 -7.796835470124514e-7
2630 5.863421506026888 0.002344694473094903 0.000395730804020769 0.0030171820245493697 1.34781075189494e-13 -7.816232559731397e-7
2640 5.886835935082291 0.002341163183578874 0.00039703269803330267 0.0034474473367998026 1.3511414209688155e-13 -7.077629402763574e-7
2650 5.910232695601672 0.0023446144696822975 0.00040200435662784555 0.003502862635919368 1.3589129821411916e-13 -6.436041630850822e-7
2660 5.9336753928392625 0.002340091351634884 0.00040366904074036047 0.0030469990507334677 1.3627987627273797e-13 -6.662688972666477e-7
2670 5.957145464052414 0.002345800249437473 0.00040269192552875026 0.0031767356707741723 1.3672396548258803e-13 -7.545871682871069e-7
2680 5.9805775233663665 0.002347359626065014 0.000397964900600555 0.0030446448843866047 1.372790769949006e-13 -7.941671150910677e-7
2690 6.0039997317342975 0.0023390216780579715 0.0003967278946568775 0.0033440132574164005 1.3788969965844444e-13 -7.365523550514504e-7
2700 6.027403084486633 0.0023414083395968503 0.00040131729614801176 0.0035382060087288947 1.3827827771706325e-13 -6.569914087045192e-7
2710 6.050860249460166 0.0023440020491574494 0.0004045073186001056 0.0032666451009213393 1.3894441153183834e-13 -6.473249970270413e-7
2720 6.074320906598087 0.002350322756809805 0.0004042085924685718 0.0031449804191673314 1.3933298959045715e-13 -7.246222365755208e-7
2730 6.097754939562613 0.0023448440100532083 0.00040060288679252435 0.003120229504174038 1.397770788003072e-13 -7.941294161998771e-7
2740 6.121208601328175 0.002338802438506242 0.0003972233584950707 0.00320278752138059 1.4033219031261979e-13 -7.613430121541653e-7
2750 6.144621435831553 0.002342765520630672 0.0004003958395648433 0.0035236343616865673 1.4099832412739488e-13 -6.793743679885265e-7
2760 6.168077436499965 0.00234910626172236 0.0004049085271179716 0.00341999403897153 1.4138690218601369e-13 -6.403198751646579e-7
2770 6.191544848423649 0.002348803119227953 0.0004053367042956427 0.0030599095395634768 1.4199752484955752e-13 -6.933428382449233e-7
2780 6.215002770737338 0.0023406529683222114 0.0004032558629599548 0.0031599782298580015 1.4249712521063884e-13 -7.803242685290639e-7
2790 6.238474420648604 0.002346365267257916 0.0003985866411055834 0.0030207028248732115 1.4299672557172016e-13 -7.807628036070389e-7
2800 6.2618956644273895 0.0023471389407265565 0.0003996668962963787 0.003463861168675475 1.4349632593280148e-13 -7.078031716387535e-7
2810 6.285359829356676 0.0023470977597914097 0.000404887985787111 0.003509893755388349 1.4394041514265155e-13 -6.438614497787393e-7
2820 6.308852176354156 0.002347254729689318 0.00040619120205805207 0.0030205278463711904 1.4444001550373287e-13 -6.654454185531233e-7
2830 6.332329975961002 0.002343542689210919 0.00040557587967619753 0.003164427399040326 1.450506381672767e-13 -7.568895745895324e-7
2840 6.355793507792219 0.0023509209083045794 0.0004006305391588675 0.003053399494168385 1.4555023852835802e-13 -7.924486366195013e-7
2850 6.379234690156197 0.002345232566167416 0.00039939906975200207 0.003365442349446357 1.4604983888943934e-13 -7.362671146007166e-7
2860 6.402725357279846 0.0023463796462488053 0.0004045232813742808 0.003543640230013523 1.4660495040175192e-13 -6.56495604324861e-7
2870 6.426229763834718 0.0023515269654042627 0.0004067846432450329 0.0032472596865756875 1.4710455076283324e-13 -6.467705445604294e-7
2880 6.449712079973095 0.0023482123151745437 0.00040737509137901457 0.003130872151337394 1.4765966227514582e-13 -7.279666073538998e-7
2890 6.4731738530535825 0.0023492895747524055 0.0004031392338671763 0.003139018592658138 1.482147737874584e-13 -7.925224522371821e-7
2900 6.496647158425707 0.002341932107322095 0.0003998734026528779 0.00323163104148938 1.4871437414853972e-13 -7.608634565124932e-7
2910 6.520147863397267 0.002350491214210865 0.0004038565937280845 0.003527457276213175 1.4915846335838978e-13 -6.778382033749072e-7
2920 6.543642723394362 0.002354735085132972 0.0004071182811421013 0.003414677210186068 1.4988010832439613e-13 -6.396114148807253e-7
2930 6.5671353132503585 0.0023460419182608615 0.00040866407682561313 0.003056201985975948 1.503241975342462e-13 -6.966112984976153e-7
2940 6.590606927970722 0.0023472365579182523 0.0004057643176899772 0.0031819200812712167 1.5087930904655877e-13 -7.805218847252438e-7
2950 6.6141009543549405 0.0023463836867937907 0.00040120185533719957 0.003058681103228267 1.5154544286133387e-13 -7.802610529610704e-7
2960 6.637591045204533 0.002354510616348747 0.00040319680894405403 0.003468149166861889 1.5198953207118393e-13 -7.048983763731018e-7
2970 6.661079544389258 0.0023509336410288454 0.0004072453655050105 0.0035212687640530094 1.525446435834965e-13 -6.428308275139086e-7
2980 6.6845929382356015 0.002343785845204509 0.0004095270889166205 0.002979293321870191 1.528221993396528e-13 -6.678733522023916e-7
2990 6.708062010307735 0.00234864888493952 0.00040816849311867766 0.0031835598817050448 1.5376588891058418e-13 -7.593703701877768e-7
3000 6.7315557095548515 0.002351024053208296 0.00040327213833494835 0.003030208653446498 1.5382140006181544e-13 -7.918833552270597e-7
3010 6.755042485881258 0.0023518463080624747 0.00040280302482082993 0.003373808352668428 1.5437651157412802e-13 -7.326915711993744e-7
3020 6.77853929805409 0.002346026010299463 0.0004071975221373192 0.003568524415965002 1.550426453889031e-13 -6.554257207038198e-7
3030 6.802058211816942 0.002349335214027838 0.00041002478704281486 0.003204415490725143 1.555977569012157e-13 -6.474181544607668e-7
3040 6.825513597730753 0.0023507811357159304 0.0004101122470287541 0.0031451000222380565 1.5604184611106575e-13 -7.319655604967276e-7
3050 6.8490102447767764 0.0023496435100536415 0.0004058915507050751 0.0031266679646992923 1.567634910770721e-13 -7.9252221474216e-7
3060 6.872513299958034 0.002348565305872549 0.00040296458902452025 0.003248989933428148 1.5698553568199713e-13 -7.576736695089756e-7
3070 6.89601475220553 0.00234601218520305 0.0004069483503795924 0.003559239276251347 1.571520691356909e-13 -6.764429767672738e-7
3080 6.919513227739981 0.0023541660485467365 0.00041022529522773127 0.003379728436107343 1.582067810090848e-13 -6.381573220931886e-7
3090 6.942970760172554 0.0023480249208142467 0.00041153142227264705 0.00306767899920668 1.5870638137016613e-13 -7.013335224253046e-7
3100 6.966485968007022 0.002348267758383749 0.0004087262003299334 0.003180174765970295 1.5892842597509116e-13 -7.81637053691926e-7
3110 6.990003366922034 0.0023519283318686845 0.000403927208185573 0.0030907236743092925 1.59539048638635e-13 -7.778268441829362e-7
3120 7.013504149934802 0.002350167609799488 0.0004066674561264888 0.0034997569369464854 1.603162047558726e-13 -7.0288298513792e-7
3130 7.036988037683564 0.0023516791848773766 0.00041023689401048356 0.00350066610916111 1.6076029396572267e-13 -6.400478573803206e-7
3140 7.060470123042038 0.002343452339049923 0.0004124843178728643 0.0029525768128618735 1.6120438317557273e-13 -6.723050120196975e-7
3150 7.083997078528469 0.0023531933027469217 0.00041137900064930626 0.0031907747871110226 1.6170398353665405e-13 -7.615817894705293e-7
3160 7.107518660261389 0.00235601102462087 0.00040567821852892795 0.0030235519342217965 1.6248113965389166e-13 -7.90611494659814e-7
3170 7.131030313799385 0.0023497847809126186 0.0004065429623252723 0.003400973458149048 1.6298074001497298e-13 -7.301162388712674e-7
3180 7.154526028095026 0.002349610022961407 0.0004101561045114693 0.003565574764616608 1.6314727346866675e-13 -6.519404154681265e-7
3190 7.178035728879759 0.0023463272339088134 0.00041305855586966497 0.0031803635159437516 1.6381340728344185e-13 -6.504119962314887e-7
3200 7.201556427769367 0.0023588114364695174 0.0004135301007725301 0.003160622310176886 1.6442402994698568e-13 -7.354487399135128e-7
3210 7.2250931792750155 0.0023559205632930316 0.00040811327155365303 0.0031269313724284487 1.6486811915683575e-13 -7.93083068916726e-7
3220 7.248636784172078 0.002347447901927579 0.0004067607976562567 0.0032732138279342182 1.6553425297161084e-13 -7.543801558552001e-7
3230 7.272145437778402 0.0023515136674298496 0.0004099922293117948 0.003574717549633233 1.6608936448392342e-13 -6.724273881221357e-7
3240 7.295670846977323 0.0023536565865061206 0.00041334608555775227 0.0033593293057027074 1.6631140908884845e-13 -6.390521546618608e-7
3250 7.319195242983843 0.002357990357327333 0.0004150572754329224 0.0030934129939162447 1.6692203175239229e-13 -7.061545549556965e-7
3260 7.342762020235348 0.002354123554172468 0.0004109592004057369 0.0031846065810359203 1.6747714326470486e-13 -7.843627439461931e-7
3270 7.36633722316816 0.0023528627380232053 0.00040757917764187157 0.003119280684779957 1.6792123247455493e-13 -7.739679023649471e-7
3280 7.38984973697653 0.0023550204566877035 0.0004098300008956587 0.0035323292999203115 1.68365321684405e-13 -6.986455808617037e-7
3290 7.413388388265616 0.002355092097970977 0.0004134859619663947 0.003486973799290971 1.6903145549918008e-13 -6.38394302570483e-7
3300 7.436941673937507 0.0023554001223304536 0.00041600742902790985 0.0029899747239496843 1.6925350010410511e-13 -6.775969405518195e-7
3310 7.460531387217741 0.0023559723661543985 0.00041383471089131177 0.003197758838811876 1.699196339188802e-13 -7.666672206044223e-7
3320 7.484116146990507 0.0023600572231301264 0.0004090118871368068 0.0029846479325931485 1.705857677336553e-13 -7.873486602104351e-7
3330 7.5076399386871575 0.0023556700434540358 0.0004098522328436805 0.0034481387325681068 1.7091883464104285e-13 -7.259046990056289e-7
3340 7.531204261162581 0.002353509256489492 0.00041359743811368805 0.0035625053526792128 1.712519015484304e-13 -6.472758915382348e-7
3350 7.5547860229918085 0.0023580382824581786 0.0004164864646264406 0.0031122260020165493 1.72029057665668e-13 -6.547819666573307e-7
3360 7.578380476193357 0.0023608079620830724 0.00041638923159611487 0.003170364871171283 1.724176357242868e-13 -7.42997344800253e-7
3370 7.601969093233422 0.002360231479174588 0.0004110498596989175 0.0031080776999294624 1.7286172493413687e-13 -7.919443798798387e-7
3380 7.625517157578341 0.0023525928603465853 0.00041011298971138416 0.003332763982106357 1.7352785874891197e-13 -7.502276683692827e-7
3390 7.649104074399305 0.0023567873376366035 0.0004136965176689128 0.0035853276516173427 1.7397194795876203e-13 -6.648899530063007e-7
3400 7.672694417729902 0.0023631157293596 0.00041662503675784287 0.0033008824148603733 1.7447154831984335e-13 -6.413002045756178e-7
3410 7.696290643897165 0.0023615270981150916 0.00041841455266260604 0.0031087079286110653 1.7486012637846216e-13 -7.154460466892582e-7
3420 7.719896985349527 0.0023584937202632003 0.0004135726958518778 0.0031886905387264464 1.7569279364693102e-13 -7.863718156188911e-7
3430 7.743468927673539 0.00235243148145029 0.0004108552520451247 0.003191059300026944 1.758593271006248e-13 -7.701082736388961e-7
3440 7.7670570888986346 0.002362487412180553 0.0004137626724800823 0.0035571871170471114 1.7658097206663115e-13 -6.893517660614627e-7
3450 7.790650224345127 0.0023638302354133797 0.0004166195317797575 0.0034477085164128507 1.770250612764812e-13 -6.377020111873006e-7
3460 7.814261817148003 0.0023569574943939084 0.00041983204735192845 0.0030171427418269614 1.7780221739371882e-13 -6.868707668722629e-7
3470 7.837882239303562 0.00236130005041404 0.0004163056658477771 0.0032232842435763187 1.7791323969618134e-13 -7.721279348200428e-7
3480 7.861469518210378 0.002357504284365479 0.00041213083638152255 0.003021718489146563 1.7852386235972517e-13 -7.845427429354116e-7
3490 7.885053518968721 0.002363568187105962 0.0004139604904156096 0.0034853164893658972 1.7896795156957523e-13 -7.164513967147597e-7
3500 7.908661889654522 0.0023612814981276414 0.00041665201684366806 0.0035497863300609778 1.7946755193065655e-13 -6.431988248981609e-7
3510 7.932296237986861 0.002356714650421007 0.0004206643054211069 0.0030336814878968443 1.8013368574543165e-13 -6.619636795428774e-7
3520 7.955908650228342 0.002365214415946724 0.00041893552581256563 0.00321210553814949 1.8030021919912542e-13 -7.517036822849996e-7
3530 7.979511038653713 0.0023606521508712747 0.00041396920571789967 0.003050891732351152 1.8091084186266926e-13 -7.912944413176037e-7
3540 8.00311141576825 0.0023611238765903256 0.0004142611775012526 0.003380566628828241 1.8157697567744435e-13 -7.418338660661165e-7
3550 8.026740272980176 0.0023607731552374596 0.00041681294337832963 0.003602669896945354 1.8246515409714448e-13 -6.573822246157927e-7
3560 8.050386498191054 0.0023635428454434984 0.0004209887611513079 0.0032223126871609997 1.82576176399607e-13 -6.448894309088015e-7
3570 8.073988910140173 0.002366252782187946 0.00042120988084881427 0.00316067635816486 1.8318679906315083e-13 -7.268288291556438e-7
3580 8.097619425886684 0.0023589094234236466 0.0004163274794024723 0.0031499382973637913 1.8390844402915718e-13 -7.886929332328432e-7
3590 8.121249996910667 0.002362306518143355 0.00041484110203301306 0.00325123092281987 1.8429702208777599e-13 -7.632985373836268e-7
3600 8.14489328738105 0.0023642417270409903 0.00041706503172914063 0.0036036130184499138 1.8490764475131982e-13 -6.790071691934727e-7
3610 8.168541667687974 0.002367457558784535 0.0004209862248776111 0.0033746551280513515 1.8535173396116988e-13 -6.371488117282047e-7
3620 8.192155120102562 0.0023642208586801905 0.0004229809505208955 0.0030767190360586616 1.8579582317101995e-13 -6.996554674592686e-7
3630 8.215823729734655 0.002360610841455388 0.00041902461101713586 0.003208425495537376 1.8618440122963875e-13 -7.776272776694869e-7
3640 8.23947641696535 0.0023678356283324503 0.0004157943428624942 0.003100077489398001 1.867950238931826e-13 -7.797704469198721e-7
3650 8.263132651924328 0.0023682929695765112 0.00041751591096879896 0.0035558099564534373 1.872946242542639e-13 -7.04670921445813e-7
3660 8.286796183966834 0.002365673937754763 0.00042088614940586597 0.0034905271448641972 1.8773871346411397e-13 -6.383913857634961e-7
3670 8.310435161413798 0.002361871690725634 0.0004241978165328335 0.0029644903834499248 1.8829382497642655e-13 -6.739709266811479e-7
3680 8.334128714277835 0.0023683669420864694 0.00042178195769494557 0.003223536909807617 1.8890444763997039e-13 -7.604017351987499e-7
3690 8.357797615348845 0.0023720814445324957 0.00041717017363085385 0.0029938961199036662 1.8934853684982045e-13 -7.896131693704844e-7
3700 8.381475385843357 0.0023678559713724637 0.00041814927167685726 0.0034683609123958847 1.8973711490843925e-13 -7.301967388934072e-7
3710 8.405168734102347 0.002366217060557529 0.00042086185089384217 0.0035675471224793087 1.9029222642075183e-13 -6.480615658294858e-7
3720 8.428831137209565 0.002364226371679979 0.00042488691429603723 0.0031414165233588642 1.9079182678183315e-13 -6.537613710388968e-7
3730 8.452528935691847 0.0023747144045123533 0.00042434878505078096 0.0031979167770898598 1.9134693829414573e-13 -7.388510704156581e-7
3740 8.47622281370527 0.0023717182177083445 0.0004190029258234281 0.003109658904757645 1.9173551635276453e-13 -7.912524281391414e-7
3750 8.499929384243243 0.0023653633252762154 0.00041893968746526224 0.003351436940938979 1.9245716131877089e-13 -7.527875498287932e-7
3760 8.523641049365756 0.0023708858001111753 0.0004209857469210469 0.0036022152706498556 1.9279022822615843e-13 -6.653942732550572e-7
3770 8.547317847001473 0.002369409505173011 0.0004251474455134962 0.0033040568541221615 1.9340085088970227e-13 -6.412585913644769e-7
3780 8.571018626665158 0.002374684651380644 0.00042654331918639795 0.0031380323446790204 1.9373391779708982e-13 -7.144246130224435e-7
3790 8.594745264040455 0.0023704528142679555 0.00042125632234237394 0.003192093616144115 1.9434454046063365e-13 -7.846777938663729e-7
3800 8.61847210850545 0.002367055976131371 0.00041998221617418625 0.003211408507364344 1.949551631241775e-13 -7.712181170349552e-7
3810 8.642179017641475 0.0023746629448576848 0.00042128115347005976 0.0035928277073112858 1.954547634852588e-13 -6.884065532532929e-7
3820 8.665866330373062 0.0023703787878119227 0.00042517059174109357 0.0034338284028903043 1.9595436384634013e-13 -6.368815429974931e-7
3830 8.689581162457477 0.002371570147881733 0.00042825028292092825 0.0030495904532562568 1.961208973000339e-13 -6.893343479485309e-7
3840 8.713328830804127 0.002372444470304138 0.0004237853121922139 0.0032358281454716864 1.9723112032465906e-13 -7.71419978524068e-7
3850 8.737058021666709 0.002371996916716074 0.0004212766809981735 0.0030504257916336153 1.9723112032465906e-13 -7.844569320079485e-7
3860 8.760753025471006 0.002373991245937978 0.0004218642997035201 0.0035417068918052186 1.9773072068574038e-13 -7.138160396619013e-7
3870 8.784454271054834 0.0023669523802217836 0.00042514925416989904 0.0035316569179237867 1.9845236565174673e-13 -6.404578725999904e-7
3880 8.808181838784186 0.0023715956007635455 0.00042941648473724254 0.0030020549787426187 1.988964548615968e-13 -6.667571207203223e-7
3890 8.83192663435417 0.0023760152281386165 0.00042640242150966413 0.0032380887054598295 1.995625886763719e-13 -7.532267226599174e-7
3900 8.855649676775867 0.00237303939549865 0.00042286050442502063 0.0030099762195132107 1.999511667349907e-13 -7.909200320362439e-7
3910 8.879342611986635 0.0023707389617192197 0.0004226430188630535 0.0034543991316680067 2.0045076709607201e-13 -7.383237880612152e-7
3920 8.903057185233394 0.002365692896133979 0.00042523148758169164 0.003594641958250322 2.0106138975961585e-13 -6.519683600605626e-7
3930 8.926780468246294 0.002375205233153579 0.0004300282871425593 0.003181691598381109 2.0161650127192843e-13 -6.496994280565743e-7
3940 8.95051063912846 0.0023773309381221928 0.0004289272492052132 0.0032002692084930895 2.020605904817785e-13 -7.312561494299085e-7
3950 8.974237031912628 0.0023685609997135164 0.00042476865748325736 0.003119861308825328 2.0239365738916604e-13 -7.893740464104172e-7
3960 8.997932521717294 0.0023688458834470465 0.00042364839676741584 0.003336596919645385 2.0300428005270987e-13 -7.598270261109458e-7
3970 9.021650934259403 0.002369525915199303 0.0004254793681703086 0.0036178438937451984 2.0372592501871623e-13 -6.708701539240245e-7
3980 9.045359651719393 0.0023764472789437646 0.000430172944594724 0.0033303507588511305 2.042810365310288e-13 -6.398212499168529e-7
3990 9.069081755293631 0.002374486055189834 0.000431187404335273 0.003127161361321018 2.0444756998472258e-13 -7.067843761115082e-7
4000 9.092824262989842 0.0023670378859432044 0.00042699566983981946 0.0032010503010825586 2.0516921495072893e-13 -7.802208654139015e-7
4010 9.116515565875156 0.0023699160538446233 0.0004248932437688153 0.0031922250860807466 2.057243264630415e-13 -7.77060955673513e-7
4020 9.140229657298821 0.0023736821893550527 0.0004259924495336988 0.003598157953896841 2.0627943797535409e-13 -6.949414025307394e-7
4030 9.163937148972678 0.002373410073431002 0.0004300461955111132 0.0034505115195383462 2.0689006063889792e-13 -6.375335034996676e-7
4040 9.187661198343795 0.0023697148278913845 0.00043302833843526496 0.0030238055325121915 2.0727863869751673e-13 -6.823919764530433e-7
4050 9.211412831836144 0.0023721670468957114 0.00042942152789637015 0.003245218289081475 2.0805579481475434e-13 -7.651930349904549e-7
4060 9.235099646811758 0.002372617716701 0.00042636340771961097 0.003024487514134977 2.0827783941967937e-13 -7.884261663967885e-7
4070 9.258816294631002 0.0023729548842101266 0.0004268423065592318 0.0035371767856697822 2.0872192862952943e-13 -7.205692962251311e-7
4080 9.282542244851898 0.0023713418061200625 0.00042986263258554464 0.003541719982166014 2.0933255129307327e-13 -6.430215976997982e-7
4090 9.30627085651978 0.002368987017088388 0.0004343465020912041 0.003077796785918907 2.0977664050292333e-13 -6.615558390131622e-7
4100 9.330013419009253 0.0023771538608110803 0.0004318957517994834 0.0032476880863410718 2.1044277431769842e-13 -7.459087907920985e-7
4110 9.353708293445925 0.0023729408228071805 0.0004280860788191405 0.0030418857731519255 2.1083135237631723e-13 -7.921186712077366e-7
4120 9.377444714241038 0.0023708932361474052 0.00042790492630605606 0.00344028208981928 2.1144197503986106e-13 -7.44572495948656e-7
4130 9.401190356200981 0.0023734175382968147 0.0004297952374806806 0.0036002069532312664 2.120525977034049e-13 -6.563844946010089e-7
4140 9.424919950074697 0.00237282036295273 0.00043510838635549433 0.0032447818062896205 2.1249668691325496e-13 -6.468446928451638e-7
4150 9.448652695708578 0.002377199492564253 0.00043426560679228046 0.0032094316929616173 2.1305179842556754e-13 -7.234812661686268e-7
4160 9.47237040806935 0.0023700245543212635 0.0004300775429280716 0.003139146387471592 2.1360690993788012e-13 -7.876394060692474e-7
4170 9.496129186111613 0.0023731408818191166 0.0004292220888280821 0.0033132463859661954 2.1421753260142395e-13 -7.651790490925117e-7
4180 9.51988283903501 0.002377419916309572 0.0004299348020493878 0.003621465166888438 2.1449508835758024e-13 -6.765285322004461e-7
4190 9.543613073647418 0.0023742123475064057 0.0004354111816869895 0.003377537906015027 2.1510571102112408e-13 -6.391319657041844e-7
4200 9.567350813372322 0.0023752592167220017 0.0004363933271532754 0.0031350320306121615 2.1571633368466792e-13 -6.995534462175129e-7
4210 9.591095657794032 0.0023696350819709085 0.0004323031747669435 0.0032084484068775065 2.1621593404574924e-13 -7.763497492513372e-7
4220 9.614860688913351 0.002378294180134673 0.0004307265975727845 0.003160651392079772 2.166600232555993e-13 -7.810971356849578e-7
4230 9.63861573780625 0.002379217465412854 0.0004304561761419846 0.0036033695444042113 2.1715962361668062e-13 -7.00689419003836e-7
4240 9.662355321530486 0.002370466136581715 0.000435427827291709 0.0034807387891204744 2.1749269052406817e-13 -6.38521323521532e-7
4250 9.686101833179402 0.002374973743436591 0.00043814777205944763 0.003028688331065288 2.1821433549007452e-13 -6.768472363203985e-7
4260 9.709863213067656 0.0023741195593140357 0.0004346721654757865 0.003243392950873336 2.188804693048496e-13 -7.60176501224917e-7
4270 9.73362296951929 0.002380738689741354 0.0004323798942310464 0.0029869789949313885 2.1921353621223716e-13 -7.906366029127162e-7
4280 9.757382567689858 0.002377442568517875 0.00043137395619882886 0.0035469383489817874 2.1976864772454974e-13 -7.255751607771637e-7
4290 9.78113806616686 0.002367878124370226 0.0004353459650881285 0.0035560271252986775 2.202127369343998e-13 -6.452835649767616e-7
4300 9.80487970092713 0.0023768868253193384 0.0004394331894437406 0.003111187110765745 2.2093438190040615e-13 -6.582254829270409e-7
4310 9.828643633731904 0.00237839704797114 0.0004370897859297629 0.0032405827905813145 2.212674488077937e-13 -7.403964993958903e-7
4320 9.852404584997224 0.002377924376082037 0.00043418216987283127 0.003058620432440179 2.2171153801764376e-13 -7.923450938056829e-7
4330 9.876170273168738 0.002374765471040629 0.00043261131328503285 0.0034546790806330163 2.2237767183241886e-13 -7.487618746156328e-7
4340 9.89993380980898 0.002370832205842821 0.00043531337940680377 0.00360163656403778 2.229882944959627e-13 -6.59496924918115e-7
4350 9.92365828454301 0.00237856897783313 0.00044020877464868687 0.003273976123774558 2.233768725545815e-13 -6.454902549665975e-7
4360 9.947422402814668 0.0023778833354828944 0.0004394590200514147 0.0032000385474493798 2.2387647291566282e-13 -7.179532339294172e-7
4370 9.971197819155861 0.0023746186748514384 0.0004361395719653594 0.003152814831179407 2.2459811788166917e-13 -7.861823553595061e-7
4380 9.994961088738565 0.002374219007262442 0.0004341757811185298 0.0033290495019072663 2.2487567363782546e-13 -7.687374563049061e-7
4390 10.01871793231233 0.0023754276096961944 0.00043545727372282857 0.0036143391952837556 2.2543078515013804e-13 -6.800050695025317e-7
4400 10.042430369612486 0.0023772375472096868 0.00044054750411381445 0.003403576507616912 2.258748743599881e-13 -6.392816556363086e-7
4410 10.066202200612288 0.0023746303813394617 0.0004416546649630432 0.003123780562641232 2.2642998587230068e-13 -6.945614677254763e-7
4420 10.089992096472585 0.0023761805116208246 0.000438231720853489 0.0032215936415045388 2.270406085358445e-13 -7.735725113721337e-7
4430 10.113744569871184 0.00237621994506944 0.0004359668030111693 0.0031730801558028654 2.274291865944633e-13 -7.839356709220861e-7
4440 10.13749246373018 0.002375683046879168 0.00043599063758423923 0.003591963763287187 2.2803980925800715e-13 -7.041322848533552e-7
4450 10.161209856459019 0.0023737170250239864 0.0004405973096049388 0.003503601639150311 2.283728761653947e-13 -6.3990668715381e-7
4460 10.184992311383347 0.002374394353071328 0.0004435383101358992 0.0030141306524672506 2.28872476526476e-13 -6.729563317741774e-7
4470 10.208783464354136 0.002380502006558235 0.0004403997286600194 0.003257954922661205 2.294275880387886e-13 -7.563025489058274e-7
4480 10.232528442733699 0.002377424139381367 0.00043792268438574294 0.0029921755479813683 2.2987167724863866e-13 -7.923903345883026e-7
4490 10.256283498692211 0.0023733223281503677 0.00043691754154653374 0.003534471072620171 2.304822999121825e-13 -7.287432942912125e-7
4500 10.280017202731514 0.0023721202531731805 0.00044052265257399896 0.003575158537367229 2.309819002732638e-13 -6.477892582656183e-7
4510 10.303802682114096 0.0023786125563211597 0.00044499609235836056 0.003148660012428528 2.314259894831139e-13 -6.558078969576796e-7
4520 10.327589564016126 0.002382380858655264 0.0004425887234986324 0.003257502556997083 2.32092123297889e-13 -7.35713900130823e-7
4530 10.351340394282513 0.0023743890019244742 0.0004399931718415723 0.003063250629132236 2.3253621250773904e-13 -7.927363559010608e-7
4540 10.375115342460989 0.0023743017842364693 0.00043821772955228075 0.00344306908793357 2.3303581286882036e-13 -7.515149959922557e-7
4550 10.398866312669986 0.0023750837155443404 0.0004404725358782638 0.003617055976589678 2.335354132299017e-13 -6.627974593314406e-7
4560 10.4226484969398 0.0023821839209047474 0.0004459689509432573 0.003303912754046401 2.34035013590983e-13 -6.445754991840635e-7
4570 10.446441599619153 0.0023812119295160117 0.000444744437836299 0.003219466929163417 2.345346139520643e-13 -7.130850447310821e-7
4580 10.470211205909603 0.0023707855730009824 0.0004421389814811789 0.003146903961318559 2.3503421431314564e-13 -7.853469447512487e-7
4590 10.49399785319051 0.002378992945486106 0.0004398782403190054 0.003319439118304124 2.3553381467422696e-13 -7.709034744850934e-7
4600 10.517763890706732 0.002379789413293404 0.00044060872863008644 0.003627753748123963 2.3608892618653954e-13 -6.833689295635687e-7
4610 10.541550653776408 0.002380944048002868 0.0004465173995369803 0.0034236162602513387 2.365330153963896e-13 -6.39588081911488e-7
4620 10.565359474355954 0.002380048659265546 0.00044677270744667574 0.003145249154830998 2.3714363805993344e-13 -6.904176871273121e-7
4630 10.589148550299825 0.002372348538644811 0.000444318499420307 0.003207579150436707 2.3753221611855224e-13 -7.719796716217087e-7
4640 10.612932147966394 0.0023833768418514366 0.0004417748140177134 0.00316667103048085 2.381428387820961e-13 -7.852866067640379e-7
4650 10.636714816544922 0.0023810901493100303 0.0004411667422369663 0.003606764557683273 2.387534614456399e-13 -7.06762522493555e-7
4660 10.66052000677988 0.002377766777259824 0.00044675918047503647 0.0035124805696123973 2.3925306180672123e-13 -6.409769896251541e-7
4670 10.684337745506195 0.002381131440389743 0.0004485764102266323 0.0030366082615902457 2.395861287141088e-13 -6.702681115368023e-7
4680 10.708135629338623 0.0023772738258603363 0.00044647657494681315 0.003240686702977308 2.4014124022642136e-13 -7.544015135061994e-7
4690 10.731913982516458 0.0023842098148023653 0.0004438319139245594 0.002990312661295569 2.405853294362714e-13 -7.928883655639474e-7
4700 10.755718089157972 0.0023791025784061664 0.000442125479228174 0.003554273707921163 2.4097390749489023e-13 -7.303167495136638e-7
4710 10.779542176244338 0.00237774689298295 0.00044681760362459 0.0035734863163100483 2.415290190072028e-13 -6.490503207466067e-7
4720 10.803351584888132 0.0023836179758327 0.0004500650352256671 0.0031640295181187827 2.4202861936828413e-13 -6.547039389539932e-7
4730 10.82715059266987 0.0023794418573042475 0.0004486002071407852 0.0032431746192406186 2.424727085781342e-13 -7.337700086455256e-7
4740 10.850932908292855 0.0023817137513551154 0.0004459805188222286 0.0030839578617076757 2.429723089392155e-13 -7.927169813477423e-7
4750 10.874756202751529 0.002378318239726247 0.0004434991493845147 0.0034699077069143547 2.4358293160275934e-13 -7.522668844088911e-7
4760 10.8985845526875 0.0023813541218611796 0.00044681188558858887 0.0036076086029763754 2.441935542663032e-13 -6.636542546664273e-7
4770 10.922374778338359 0.002384360667257114 0.0004511765295495112 0.0033233260591469804 2.4447111002245947e-13 -6.446650507204026e-7
4780 10.946178479104082 0.002377200082464103 0.00045067110066369497 0.003213231919811377 2.4513724383723456e-13 -7.112523330124645e-7
4790 10.969971096386349 0.002379774472252672 0.0004481608516171366 0.00316221846508985 2.457478665007784e-13 -7.852445707363355e-7
4800 10.993800702944226 0.0023805945141962682 0.0004452859818680475 0.003352717499163771 2.4619195571062846e-13 -7.71285830921316e-7
4810 11.017619606403708 0.00238391234278726 0.0004468972532163026 0.0036148840895763312 2.4674706722294104e-13 -6.834508228496065e-7
4820 11.041394800431108 0.002381493902913394 0.0004519400219653087 0.003447298348927319 2.4741320103771614e-13 -6.403804967100736e-7
4830 11.065209558809347 0.002375301724127359 0.0004526390936642998 0.003149315894847793 2.4780177909633494e-13 -6.887927316395922e-7
4840 11.089007566624733 0.002381233498169017 0.00045031578319602026 0.0032190759491364795 2.484124017598788e-13 -7.719354855051892e-7
4850 11.112832140605521 0.002383783986213729 0.00044737757747161246 0.003203168891646513 2.4907853557465387e-13 -7.856504439975833e-7
4860 11.136643855334558 0.0023819420141022573 0.00044732183697171284 0.0035952072976266347 2.491895578771164e-13 -7.060877647144117e-7
4870 11.160414970521234 0.0023767518389259793 0.00045241395045859397 0.003538651821971883 2.498556916918915e-13 -6.421651203602025e-7
4880 11.184237222521098 0.0023780246593414003 0.00045443153335467486 0.003050049452643422 2.504663143554353e-13 -6.68903950347268e-7
4890 11.208033433956697 0.00238415752590288 0.0004523995443087043 0.0032507911732067296 2.508548924140541e-13 -7.542583429693043e-7
4900 11.23185418800981 0.0023842595948762044 0.0004496876154474475 0.0030254348761384886 2.515210262288292e-13 -7.933636732131437e-7
4910 11.25567408294309 0.0023790373929129137 0.00044811217145951436 0.0035480656093009877 2.517985819849855e-13 -7.29182003805296e-7
4920 11.27944772183814 0.002374253894698078 0.0004526801038531716 0.003599297301112969 2.5224267119483557e-13 -6.504666535908123e-7
4930 11.303265365004936 0.002383453401266968 0.00045597152229167345 0.003154432905509208 2.5290880500961066e-13 -6.536548230505826e-7
4940 11.327064437417155 0.0023850497723436116 0.0004544014389999918 0.0032543650377422906 2.533528942194607e-13 -7.333781307846537e-7
4950 11.350892873408444 0.0023812759743633005 0.00045210956456811623 0.0030757041187924328 2.537969834293108e-13 -7.932830637727428e-7
4960 11.374728997243116 0.002380065084547304 0.0004493320487047124 0.0034719787993855444 2.5435209494162336e-13 -7.509881907452609e-7
4970 11.398507760860333 0.002376328350474234 0.00045282926992102994 0.003630715026325837 2.5501822875639846e-13 -6.650366846123329e-7
4980 11.422316290645723 0.002386290005614984 0.0004571997118549634 0.003317644851803636 2.555178291174798e-13 -6.439890377386848e-7
4990 11.446133609507022 0.0023836341064512093 0.0004563285630803596 0.003227758578918938 2.558508960248673e-13 -7.107421000542707e-7
5000 11.46997922110176 0.002379333991885977 0.00045453455852776574 0.0031499941790992803 2.565170298396424e-13 -7.859092124142333e-7
5010 11.493823594731843 0.0023841933451170362 0.00045100724354700143 0.0033652646894383187 2.569056078982612e-13 -7.700310275357732e-7
5020 11.517611134941497 0.0023799810109112235 0.0004530194352857659 0.003634796629052417 2.5740520825934254e-13 -6.843251804380598e-7
5030 11.541422992124941 0.002385194288932593 0.00045813007085044856 0.003444123979233993 2.5807134207411764e-13 -6.40056765600569e-7
5040 11.5652692054104 0.0023830082283461383 0.0004581526071504502 0.0031693541510537937 2.5857094243519896e-13 -6.885385211135436e-7
5050 11.58912963787747 0.002381910277077515 0.00045687474539836387 0.003203363368841472 2.589040093425865e-13 -7.728267214530266e-7
5060 11.612972480937394 0.002387610442551368 0.00045303880895237233 0.0032282073931013677 2.595701431573616e-13 -7.845332719910031e-7
5070 11.636776273570627 0.0023805245860420918 0.0004534954487844215 0.003613771210714045 2.599587212159804e-13 -7.059520238297118e-7
5080 11.660607318584896 0.002383768373891796 0.00045880797713575256 0.0035361256433987798 2.603472992745992e-13 -6.4195742403763e-7
5090 11.684478099336518 0.0023856322029282276 0.0004598457186683039 0.0030778987772204225 2.6084689963568053e-13 -6.691882581118073e-7
5100 11.708344210858776 0.002386256071771198 0.0004590601422497687 0.0032344535959295817 2.615685446016869e-13 -7.555835645756386e-7
5110 11.73218618013918 0.0023881482714961286 0.0004553405353059084 0.003064507294068264 2.6212365611399946e-13 -7.927086871142028e-7
5120 11.756014743940842 0.0023787251193671272 0.00045428282716788624 0.0035690116017560447 2.625677453238495e-13 -7.277839749879095e-7
5130 11.779866316967567 0.0023851542725778713 0.000459277257186504 0.0035963768752571568 2.630118345336996e-13 -6.49855115887374e-7
5140 11.80374716873359 0.002390024516282909 0.0004613698669221084 0.0031392240334391364 2.636224571972434e-13 -6.544015902904994e-7
5150 11.827615714423173 0.002387289552204062 0.00046108757166344716 0.003242434710846176 2.6395552410463097e-13 -7.353258103144142e-7
5160 11.851463409766362 0.002386589964883331 0.0004578058244494504 0.0030920261015578987 2.645661467681748e-13 -7.936589157041892e-7
5170 11.875317397860513 0.002379094039429406 0.00045544179074802896 0.0034999228443354236 2.651212582804874e-13 -7.484432520528164e-7
5180 11.899177698460997 0.002388870519170489 0.0004596046143793903 0.0036276658567219178 2.656208586415687e-13 -6.63417454598758e-7
5190 11.923056883626796 0.0023923855094061548 0.00046268609709701925 0.0033089492693811895 2.6606494785141876e-13 -6.448281677673905e-7
5200 11.946933915484728 0.002384250763307111 0.00046296850700750067 0.003226206419476574 2.667865928174251e-13 -7.132996027620989e-7
5210 11.970788070529373 0.0023855707797999664 0.0004603238819576289 0.003163771886704192 2.670641485735814e-13 -7.877813010226537e-7
5220 11.99465777449799 0.0023829640678642893 0.0004570318339828066 0.0034042988264825214 2.677302823883565e-13 -7.668418623279904e-7
5230 12.018516550087389 0.002391342433656635 0.0004598802519791862 0.003633022012120013 2.682853939006691e-13 -6.813879615576257e-7
5240 12.042392544798417 0.002390903336222314 0.000463814268840862 0.003445062687937539 2.686739719592879e-13 -6.40530293106887e-7
5250 12.06628410177877 0.0023817576872086754 0.00046470553985316303 0.0031835165270898136 2.692845946228317e-13 -6.913328162902269e-7
5260 12.090136251902672 0.0023866709874801727 0.00046278066621456223 0.0032142267624460374 2.696731726814505e-13 -7.762634149814736e-7
5270 12.114011189649188 0.0023875081553929693 0.0004590074219316431 0.003280250630514625 2.703393064962256e-13 -7.815322878894078e-7
5280 12.137871035174035 0.0023899944531512937 0.00046031684548451953 0.0036154895042181945 2.7094992915976945e-13 -7.018443533749223e-7
5290 12.161747302635 0.0023872484984531475 0.00046476142090349956 0.0035478222654266034 2.711719737646945e-13 -6.416439052497539e-7
5300 12.185649207066621 0.002383795356635945 0.00046630434841222454 0.0031111327703068903 2.717825964282383e-13 -6.716151443917175e-7
5310 12.20949168869842 0.0023887873675657763 0.0004650966881564036 0.0032432467030111267 2.7239321909178216e-13 -7.603053311042038e-7
5320 12.233370755918031 0.002389191734451233 0.00046130648003808993 0.003128424403800678 2.7267077484793845e-13 -7.907808078650303e-7
5330 12.257244483355539 0.002387253817899521 0.00046098119382883266 0.0035771316195163383 2.73225886360251e-13 -7.229288538163829e-7
5340 12.281121589961257 0.0023847879588813296 0.0004655427960671352 0.0036176052653911217 2.7361446441886983e-13 -6.484526413688425e-7
5350 12.305021054003156 0.002388745138119792 0.0004677490519716492 0.0030690178348581343 2.741695759311824e-13 -6.559742655566983e-7
5360 12.328857930392006 0.0023895878694814615 0.00046723138343450504 0.0032510198515480204 2.7478019859472624e-13 -7.4089342884864e-7
5370 12.352749778358858 0.002387900644146038 0.0004638486414471345 0.003067596964731689 2.7516877665334505e-13 -7.933876579177199e-7
5380 12.376645755841132 0.0023873408075322615 0.0004619210496184744 0.0035180169530835137 2.7583491046812014e-13 -7.432982356541523e-7
5390 12.400522005977114 0.0023857051439170308 0.0004661866180263896 0.0036556217428710402 2.7633451082920146e-13 -6.607969699496535e-7
5400 12.424411108828423 0.002391721060675242 0.0004690391738005803 0.0032478941223026414 2.7677860003905153e-13 -6.453554078043877e-7
5410 12.448256956131916 0.002388012497633528 0.00046917283506056455 0.0032375167497041835 2.772226892489016e-13 -7.192468870938218e-7
5420 12.47216972842588 0.002387496641395386 0.00046651802342668786 0.003146280292626119 2.777222896099829e-13 -7.893693446921549e-7
5430 12.496084194948107 0.002390774797733683 0.0004632507690569442 0.0034364541591886955 2.782774011222955e-13 -7.618457640825227e-7
5440 12.519960263411614 0.00238841452445095 0.00046672443625281514 0.003664710754408662 2.7872149033214555e-13 -6.775545859641005e-7
5450 12.54384604410221 0.0023910831409295064 0.00047019894323404595 0.0033962993339791137 2.791655795419956e-13 -6.399743931514296e-7
5460 12.567714830422135 0.0023859835089108834 0.00047092528003027276 0.0032016541403274146 2.7977620220553945e-13 -6.972305492142922e-7
5470 12.591645621385263 0.0023906780148146146 0.0004691707025081592 0.003202155570750459 2.802202914153895e-13 -7.797262234574692e-7
5480 12.615570642293411 0.0023946605923198384 0.0004649729992996596 0.0033306731443281112 2.8071989177647083e-13 -7.772039175048262e-7
5490 12.639451798924831 0.002388970374219802 0.00046733021602600537 0.0036490865712132114 2.812750032887834e-13 -6.968651551555322e-7
5500 12.663348128911718 0.0023897872508682936 0.00047124031458768424 0.0035128284352524686 2.8199664825478976e-13 -6.398717165099349e-7
5510 12.687244026591447 0.002386849247939418 0.0004725082869595814 0.003141232302474317 2.823297151621773e-13 -6.770458869324175e-7
5520 12.711181632756816 0.002395555869054662 0.00047170447489087633 0.003235799300912112 2.831068712794149e-13 -7.656476948953404e-7
5530 12.7351146945302 0.002396223711560465 0.0004670350444355631 0.0032006050372612727 2.832734047331087e-13 -7.878109079713369e-7
5540 12.759008716582477 0.0023864308954145512 0.0004681058322167749 0.003612860389984318 2.839395385478838e-13 -7.169113637155579e-7
5550 12.782919795778204 0.002390585424646994 0.0004721824611007237 0.003597085631607877 2.8427260545527133e-13 -6.451521036484475e-7
5560 12.806836484314 0.0023911113793248814 0.00047392244539000926 0.0030538657098307387 2.8493873927004643e-13 -6.604670679679714e-7
5570 12.830773580263095 0.0023980517017632816 0.0004740523612817416 0.0032488646053734638 2.856603842360528e-13 -7.480774257805716e-7
5580 12.854717326516706 0.0023952733930278107 0.00046940266240278286 0.0030527343453469746 2.857714065385153e-13 -7.925452070938299e-7
5590 12.878627730801988 0.002384241852453486 0.0004690219458034602 0.0035583339066264097 2.866595849582154e-13 -7.364558221011681e-7
5600 12.902544456916168 0.0023934586511056557 0.0004730362510560488 0.0036497057355022733 2.869371407143717e-13 -6.556766496476301e-7
5610 12.926471852122324 0.0023954774944686505 0.0004752036674315356 0.0031839690470497617 2.876032745291468e-13 -6.484128156039599e-7
5620 12.950411081928596 0.0023961794371578212 0.0004761715559173504 0.003243014022197621 2.8793634143653435e-13 -7.279437878926467e-7
5630 12.974365327911428 0.0023940232893665016 0.0004719891335546182 0.003140974175699307 2.8860247525130944e-13 -7.912134125871614e-7
5640 12.998287143235471 0.002385300189232075 0.00047021900198994257 0.003485371494074019 2.8899105330992825e-13 -7.546647658386831e-7
5650 13.02219765531563 0.0023962604741458583 0.00047378957653093705 0.0036725682226765866 2.8954616482224083e-13 -6.706665153509023e-7
5660 13.04613033670252 0.002396683609186069 0.00047638002749866664 0.003342919827332924 2.899902540320909e-13 -6.411522194539982e-7
5670 13.070078918456957 0.002392144586621026 0.0004780673166700306 0.00321861958436942 2.904898543931722e-13 -7.065906490980735e-7
5680 13.094034610660561 0.0023944284381036077 0.000474675058560201 0.0032063319726453043 2.9082292130055976e-13 -7.844027982524163e-7
5690 13.117959311934527 0.0023887670286451687 0.00047173464502841856 0.0033922578259043545 2.915445662665661e-13 -7.705640466431926e-7
5700 13.141860661652617 0.0023965439158364467 0.0004745274718622415 0.0036687831664005133 2.9215518893010994e-13 -6.88700513561108e-7
5710 13.165799590513886 0.002394907385609361 0.00047748961183587325 0.0034758219206192376 2.9243274468626623e-13 -6.388130956315667e-7
5720 13.189759881273243 0.002390267481425481 0.00047973094411013533 0.0031741609571055984 2.931543896522726e-13 -6.858376152012906e-7
5730 13.2137034008945 0.0023961816844351247 0.0004773566672200942 0.0032483511541077925 2.938205234670477e-13 -7.729416009807244e-7
5740 13.237627640199992 0.0023913898115170357 0.00047357291995354386 0.0032773673668025083 2.9409807922320397e-13 -7.827956824755622e-7
5750 13.261528987361228 0.0023942815964218705 0.00047536600078401946 0.0036420831659840225 2.945976795842853e-13 -7.081483321596865e-7
5760 13.285475664886684 0.002392913298696358 0.0004785563873386513 0.003580430136558177 2.9504176879413535e-13 -6.416576865092127e-7
5770 13.309441610801754 0.0023923981237395768 0.00048117963119397196 0.0031067971141242046 2.9554136915521667e-13 -6.675624088701114e-7
5780 13.333366123497793 0.0023975161136113488 0.00047993257489232236 0.0032677851684835557 2.9598545836506673e-13 -7.575386404175266e-7
5790 13.357295976939826 0.002391054394379806 0.0004757324988284718 0.003140603768044259 2.965405698773793e-13 -7.899882618969678e-7
5800 13.381210475141495 0.0023923806271053077 0.00047630040554532776 0.0035956948470989847 2.9715119254092315e-13 -7.276631663714894e-7
5810 13.405162893861842 0.0023931445622265455 0.00047958533307328004 0.0036544956287370978 2.9765079290200447e-13 -6.498403482581294e-7
5820 13.429125932741314 0.0023959472162444935 0.00048243862137241356 0.0030685852711753725 2.981503932630858e-13 -6.531618934810246e-7
5830 13.453037399342673 0.0023969873828549415 0.0004823311210924133 0.003266467161415154 2.986499936241671e-13 -7.389222872553752e-7
5840 13.476984327920373 0.0023896646041726703 0.00047816964582621626 0.0030874876446746746 2.9914959398524843e-13 -7.914306901441251e-7
5850 13.500918124737964 0.002393398165101273 0.0004773831588242313 0.003531406396755754 2.995936831950985e-13 -7.462690804166492e-7
5860 13.52487314111614 0.0023957438522547963 0.00048058059314920763 0.003697130836432194 3.003708393123361e-13 -6.628991273301132e-7
5870 13.548832206220121 0.00239712724921534 0.0004835545227045138 0.003237612362686715 3.007594173709549e-13 -6.433346395086359e-7
5880 13.572744099690748 0.002394569322544871 0.0004845021501423692 0.0032463263394957864 3.013145288832675e-13 -7.182673399334233e-7
5890 13.596714512686917 0.0023909938938430878 0.00048080958461556766 0.0031710197318612354 3.0159208463942377e-13 -7.873631495420447e-7
5900 13.620665587987958 0.002396975497843629 0.0004787052739301898 0.0034496248471579394 3.0203617384927384e-13 -7.630209525374271e-7
5910 13.64462293343934 0.0023983051229909003 0.00048154756530576485 0.0037097863710530143 3.0309088572266774e-13 -6.795595320421843e-7
5920 13.668587173009888 0.002395687261371505 0.00048459589470102745 0.00338401768081098 3.032574191763615e-13 -6.383201032050811e-7
5930 13.692510479397855 0.002392217866654613 0.00048641349479039636 0.0032082541208861004 3.038125306886741e-13 -6.973307524076912e-7
5940 13.716499156597724 0.0023958422666808766 0.0004835351788202118 0.003230407001494462 3.0425661989852415e-13 -7.786001727041764e-7
5950 13.740464491508629 0.0024005201003564065 0.00048029191133783965 0.0033502971544561166 3.0464519795714295e-13 -7.767347995146041e-7
5960 13.764427846105388 0.002398199856541958 0.00048258590857380273 0.003695980299481705 3.0531133177191805e-13 -6.981285738768184e-7
5970 13.78840681703957 0.0023945979598389727 0.00048560866880509513 0.0035057739669693833 3.0597746558669314e-13 -6.382662773510018e-7
5980 13.812344480330005 0.0023924369878321776 0.00048806908222479353 0.0031517478336862137 3.0647706594777446e-13 -6.780192701506363e-7
5990 13.836339888567961 0.0024013398655044482 0.00048624422483609103 0.00326563431592522 3.0692115515762453e-13 -7.659587253496349e-7
6000 13.860320525949929 0.0024016152466628314 0.00048214388076221444 0.0032337610917917425 3.071987109137808e-13 -7.861829848678279e-7
6010 13.884293938004179 0.002395623099030103 0.00048372975182003067 0.00365987836579329 3.077538224260934e-13 -7.171300997441047e-7
6020 13.908286387883695 0.0023959445395264705 0.00048662605635411515 0.0036009609903085993 3.081424004847122e-13 -6.432972993239307e-7
6030 13.932234525977112 0.0023953530971458034 0.0004894812085638907 0.0030754394377096594 3.089195566019498e-13 -6.617927874198319e-7
6040 13.956229355667741 0.0024040634417730714 0.0004888547015075051 0.0032784260507820184 3.0941915696303113e-13 -7.500684241640319e-7
6050 13.980228922597373 0.002400368482639107 0.0004842673935969975 0.0031008047510835413 3.1002977962657496e-13 -7.905740039809782e-7
6060 14.004211130411752 0.002393245784580918 0.0004849255937829303 0.0036047236636189695 3.1058489113888754e-13 -7.355980450353995e-7
6070 14.028205128902622 0.002399097919370463 0.0004876616660705868 0.0036681696804411468 3.1125102495366264e-13 -6.532526451673179e-7
6080 14.052158624877384 0.002398341454537144 0.0004906943871869072 0.003136560973895808 3.116951141635127e-13 -6.494388664238716e-7
6090 14.076153959463813 0.0024029090046183603 0.0004913004426290366 0.003271139250534405 3.11972669919669e-13 -7.316257979223838e-7
6100 14.100172572568827 0.0023992992605091864 0.0004866281467932621 0.0031295998391540625 3.124722702807503e-13 -7.89822460802031e-7
6110 14.124156338349096 0.0023931393325141645 0.0004862564626455634 0.003532157676816583 3.1280533718813786e-13 -7.528437649688182e-7
6120 14.148139143559375 0.0024016682593242045 0.0004887127290760509 0.0037069321300514657 3.134159598516817e-13 -6.674216369538615e-7
6130 14.172097282647153 0.002398888602469279 0.000491759874872394 0.0032907771532940666 3.1386004906153175e-13 -6.412970949821448e-7
6140 14.19609812076609 0.002399774410944191 0.0004935391032694122 0.003245555352924978 3.1441516057384433e-13 -7.117252085983808e-7
6150 14.22012768956781 0.002400376229249897 0.0004891710713160799 0.0032088211619709928 3.1508129438861943e-13 -7.843792535765801e-7
6160 14.2441058592483 0.0023949849785603705 0.0004877602671392225 0.0034426635146526108 3.1546987244723823e-13 -7.68033523612763e-7
6170 14.268074122824581 0.0024016654771705373 0.0004898053007874355 0.0037180118504342996 3.1608049511078207e-13 -6.84560089978122e-7
6180 14.292041206939203 0.00239723696655879 0.0004927485277388134 0.0034263781456419506 3.1652458432063213e-13 -6.376327592845857e-7
6190 14.316049590390813 0.0023979513636277336 0.0004955250858250269 0.0032022465381311704 3.1691316237925093e-13 -6.918939083962357e-7
6200 14.340076804613576 0.0024029960732216667 0.0004918188470681243 0.0032655968376276434 3.176348073452573e-13 -7.748413130203788e-7
6210 14.364048706239048 0.0023964838171500434 0.000489454860878355 0.0033365655006899475 3.1807889655510735e-13 -7.800291924016725e-7
6220 14.388011089827783 0.0023995881969891566 0.0004910277767161039 0.00370334027639041 3.1863400806741993e-13 -7.032206882293113e-7
6230 14.411991825724598 0.002395912811333859 0.0004937142471465182 0.003541428897164578 3.191891195797325e-13 -6.387976578814403e-7
6240 14.436004442357662 0.0023991781185486436 0.0004972430200012755 0.0031407763477928063 3.197442310920451e-13 -6.737622371012081e-7
6250 14.46002000564967 0.0024050947214338233 0.0004944952739603451 0.003298776019003108 3.2018832030189515e-13 -7.617125161903104e-7
6260 14.48399314590997 0.002395564064497808 0.0004913613054290962 0.0032147988863560073 3.206324095117452e-13 -7.87682547443401e-7
6270 14.507962690447673 0.002398032914167726 0.0004923498549377949 0.003665494716976525 3.211875210240578e-13 -7.22147973857435e-7
6280 14.531958304375385 0.002397130120477743 0.0004947007299767689 0.0036330868590142007 3.2174263253637037e-13 -6.450175321342372e-7
6290 14.555970538154842 0.002401962638481485 0.0004986956456380202 0.0030604894240335856 3.222422328974517e-13 -6.586243375683587e-7
6300 14.579975404321297 0.002405338735675167 0.0004971230949928746 0.0033088544064622527 3.2268632210730175e-13 -7.455120996334441e-7
6310 14.603961692088909 0.002393176372436032 0.0004934842726207296 0.003078896144867449 3.2335245592207684e-13 -7.903554743986935e-7
6320 14.62794528965524 0.0023989693893153798 0.0004937408158135734 0.003607026869882901 3.236855228294644e-13 -7.403960876183752e-7
6330 14.651953949136129 0.0024008176236837327 0.0004957433307041871 0.0036988475222359263 3.241851231905457e-13 -6.560011555261161e-7
6340 14.67596635992723 0.002403227367579687 0.000499917755020134 0.003159652258794332 3.2468472355162703e-13 -6.47232256820434e-7
6350 14.699968614073326 0.0024039256670278916 0.000499630228602363 0.003297543058744745 3.252398350639396e-13 -7.270884425465349e-7
6360 14.72397659605535 0.0023926853456503272 0.0004958035740060387 0.0031276015749702735 3.2596148002994596e-13 -7.881705071803623e-7
6370 14.747972706351574 0.0024021616966200376 0.0004952572546542333 0.0035301601594044385 3.260169911811772e-13 -7.571184331708154e-7
6380 14.771992222182456 0.0024046539992959724 0.0004968433995155705 0.003737642041228617 3.2690516960087734e-13 -6.707731500208715e-7
6390 14.796012278221271 0.002401765936943071 0.0005009748467651165 0.003303471469414454 3.2729374765949615e-13 -6.399425009135488e-7
6400 14.820018578737487 0.0024021902692313375 0.0005019558949093284 0.003266784976656556 3.2807090377673376e-13 -7.077546744039745e-7
6410 14.844047383707156 0.0023958301326124486 0.0004982731486075928 0.0032066563722628894 3.284039706841213e-13 -7.817518334176185e-7
6420 14.86805200610797 0.002405684019991393 0.0004969106119634255 0.003436923663592939 3.289035710452026e-13 -7.713475981795718e-7
6430 14.892081907346828 0.002406153611828842 0.0004980585563173047 0.003750123657204618 3.2929214910382143e-13 -6.879361415191004e-7
6440 14.916117625533099 0.002399413958538412 0.0005019354441828244 0.003428864216126315 3.299582829185965e-13 -6.369994599114921e-7
6450 14.940127642915083 0.0024016883202727882 0.0005040490026065466 0.0032179659788991732 3.302358386747528e-13 -6.890377042210255e-7
6460 14.964168752595613 0.0024009568832011963 0.0005008354120105991 0.003264468114378083 3.3095748364075916e-13 -7.717627640743607e-7
6470 14.988181223093617 0.0024072918459187016 0.0004987010117088951 0.003329317390004749 3.314570840018405e-13 -7.82055882011977e-7
6480 15.012221843844765 0.002405003530576647 0.0004994448036459234 0.0037380563324780347 3.318456620604593e-13 -7.061527934586054e-7
6490 15.036273456671442 0.0023987341067333782 0.0005028615318290096 0.003535337349295342 3.325117958752344e-13 -6.386491470298004e-7
6500 15.060281006249499 0.0024028421026414163 0.0005058897144273075 0.0031517452551256264 3.329003739338532e-13 -6.722572072593633e-7
6510 15.08432584308421 0.002404950910680577 0.0005034289639552298 0.003300295818747634 3.3334446314370325e-13 -7.586804791458672e-7
6520 15.108349982346104 0.0024061741721772283 0.0005006404254932084 0.0032091789497582512 3.340661081097096e-13 -7.884498712032895e-7
6530 15.132398730495945 0.0024029902968926665 0.0005009518203851462 0.0037033403279296273 3.342326415634034e-13 -7.24445252687021e-7
6540 15.156457169633097 0.0024005650441677774 0.0005037945213387503 0.003621784591739008 3.3495428652940973e-13 -6.449987533115842e-7
6550 15.18045592591987 0.0024043870660405 0.0005074743504076081 0.0030683692124127693 3.3556490919295356e-13 -6.582876222610195e-7
6560 15.20450173968904 0.0024059316082013387 0.000506010837187094 0.0033144067508635577 3.3600899840280363e-13 -7.429337475821512e-7
6570 15.228542572752652 0.0024040060251962567 0.0005027282355087551 0.0030777904046221938 3.365641099151162e-13 -7.902269941400619e-7
6580 15.252592241383553 0.0024019865529477952 0.0005025479817491913 0.003647415199881099 3.3700819912496627e-13 -7.421139341311461e-7
6590 15.276645333995877 0.0024034950323158074 0.0005047796805434413 0.003686793023799928 3.376188217885101e-13 -6.557729187737019e-7
6600 15.300634826821248 0.0024045477888378786 0.0005088194047168817 0.0031810370842699776 3.380073998471289e-13 -6.476241498089806e-7
6610 15.3246844497747 0.0024045158510732543 0.000508526125690112 0.003307440149173946 3.385625113594415e-13 -7.252085373887773e-7
6620 15.348743053442877 0.0024034674706420144 0.0005049567578141707 0.0031341385671389554 3.390621117205228e-13 -7.875845529055694e-7
6630 15.372785668866978 0.0024026121984281976 0.0005042682141181725 0.003571421649624762 3.396172232328354e-13 -7.584281464948286e-7
6640 15.396826730160198 0.0024050788771478094 0.0005058368696750452 0.0037290877799485145 3.4017233474514796e-13 -6.701807088588252e-7
6650 15.420814129045544 0.0024028416442903465 0.0005099691350746382 0.003319264107804698 3.4056091280376677e-13 -6.406227887126303e-7
6660 15.444871255958873 0.002403119511210143 0.0005109214966634142 0.0032800042095953996 3.410605131648481e-13 -7.066187653458761e-7
6670 15.468942662544656 0.002405528277013538 0.0005073028802433555 0.0032142671119355093 3.4167113582839193e-13 -7.809980001197495e-7
6680 15.492975222217446 0.002404056572300837 0.0005061072409841434 0.0034768794427793015 3.4217073618947325e-13 -7.724111869382433e-7
6690 15.51700827561124 0.0024042225918557178 0.0005070355370442454 0.003747965789325347 3.4255931424809205e-13 -6.870361279050045e-7
6700 15.541004338763695 0.0024006852680721748 0.0005109828112857518 0.0034404558556014875 3.4305891460917337e-13 -6.376819510524323e-7
6710 15.565069251903092 0.0024038841660598297 0.0005131392623897623 0.0032326975342155673 3.4361402612148595e-13 -6.885591057655821e-7
6720 15.589146331999798 0.0024087048342377715 0.0005097339543183425 0.0032764894402616263 3.4411362648256727e-13 -7.709680602784041e-7
6730 15.613172973473558 0.002404600448157929 0.0005080551052014518 0.003366246139140716 3.4439118223872356e-13 -7.829510414014001e-7
6740 15.637210080718114 0.002402536293113444 0.0005084404628050688 0.0037434897178661997 3.451128272047299e-13 -7.050875157977102e-7
6750 15.66122321260424 0.002400263770070807 0.0005119196409192574 0.003543935549088606 3.4544589411211746e-13 -6.391841037307194e-7
6760 15.68529273930821 0.0024068351808862075 0.0005151389086168177 0.0031664484842011675 3.4611202792689255e-13 -6.723276802069258e-7
6770 15.709372453359537 0.002410774918383585 0.0005122128132500902 0.003318765906041077 3.465561171367426e-13 -7.579463212877089e-7
6780 15.733401987518317 0.0024031569265789143 0.0005101124317698117 0.003242786054385993 3.4677816174166765e-13 -7.891903406545423e-7
6790 15.757453705505874 0.0024025465756084444 0.0005100070572609491 0.0037163492400309472 3.47499806707674e-13 -7.232979060823978e-7
6800 15.78148714062964 0.0024026916332664625 0.0005128357601345092 0.0036285956839537947 3.4822145167368035e-13 -6.452307989528573e-7
6810 15.805558489253091 0.0024098890998671884 0.0005169046679332641 0.0030828026315716794 3.484434962786054e-13 -6.588122742605954e-7
6820 15.829643881022713 0.0024108585145075413 0.000514702252275827 0.0033402881392090855 3.489430966396867e-13 -7.42478208912965e-7
6830 15.853684698127356 0.002400813747185357 0.0005122663801966978 0.0031096805539343464 3.49442697000768e-13 -7.908690235261018e-7
6840 15.877752465328772 0.0024051016061074227 0.0005117027281642329 0.003667618052013988 3.501088308155431e-13 -7.408546736913385e-7
6850 15.901805033103063 0.0024069351504323743 0.0005137898211133736 0.003693571391448991 3.5033087542046815e-13 -6.554201037186287e-7
6860 15.925879278045274 0.002410741249778495 0.0005184409302704038 0.0031789464380798105 3.5127456499139953e-13 -6.484657207437794e-7
6870 15.949975023151218 0.002409867914424377 0.0005171581081315136 0.0033411847102789993 3.517186542012496e-13 -7.253765973486764e-7
6880 15.974030306209656 0.0023999113302820498 0.000514503283755453 0.00310637227596558 3.519962099574059e-13 -7.883085558526609e-7
6890 15.998107620523019 0.002409021991798905 0.0005135477082584023 0.0035986689100425684 3.52662343772181e-13 -7.569869212603127e-7
6900 16.022176238515843 0.002410499224696335 0.0005148012127543101 0.003738575514532161 3.531619441332623e-13 -6.68882561723375e-7
6910 16.04625741714377 0.0024088380417492277 0.0005197828290872551 0.0033125172747060505 3.5377256679680613e-13 -6.415232354649177e-7
6920 16.07036335859552 0.0024094089582220755 0.0005195411694458016 0.003321918442207694 3.542166560066562e-13 -7.077117288202886e-7
6930 16.094429975683454 0.002401541078015013 0.0005167975825936695 0.0031842522326718525 3.547162563677375e-13 -7.82081609354915e-7
6940 16.11850930909813 0.002412286664344465 0.00051552398701264 0.0035112215507769884 3.551048344263563e-13 -7.70839502981451e-7
6950 16.142591613766914 0.0024115689916313996 0.0005159491151208244 0.0037637518572261053 3.5588199054359393e-13 -6.845503653195305e-7
6960 16.166682135592385 0.002405655178356488 0.0005209667454424136 0.003428022924775842 3.56326079753444e-13 -6.382249491090613e-7
6970 16.19079067729268 0.0024103724159860508 0.0005218045309787493 0.003282862282970811 3.5665914666083154e-13 -6.906150506934896e-7
6980 16.21486273620355 0.002404673437863931 0.0005191365502333492 0.003247720376153118 3.573807916268379e-13 -7.726873472389389e-7
6990 16.238941387998363 0.0024132885260224903 0.0005176035695740788 0.003407369840390251 3.5782488083668795e-13 -7.815351155559158e-7
7000 16.26303635105627 0.002410572189018319 0.0005173048015503968 0.003769250942708857 3.5832448119776927e-13 -7.014516313727948e-7
7010 16.287133702700018 0.0024033875505400136 0.0005220363231148436 0.0035265532676143074 3.588240815588506e-13 -6.388583623476336e-7
7020 16.311233143828588 0.00241224563973565 0.0005239174298868181 0.003224329293144479 3.593236819199319e-13 -6.750603311089266e-7
7030 16.335307188676556 0.002407277280289235 0.0005214958435313094 0.0032955101092230488 3.598787934322445e-13 -7.604713368773372e-7
7040 16.359388765128887 0.00241187411019458 0.0005197740908402615 0.0032895054416539615 3.603783937933258e-13 -7.883724976402023e-7
7050 16.38349463054603 0.0024094220266980943 0.000518843462991532 0.0037548773996046725 3.6087799415440713e-13 -7.188323889566195e-7
7060 16.40759272479728 0.002403384037643982 0.0005230302326602949 0.003608472459316281 3.6148861681795097e-13 -6.436081319439318e-7
7070 16.431674321204802 0.0024135776084289818 0.000525853165615533 0.0031469814861741496 3.6204372833026355e-13 -6.617522763357336e-7
7080 16.455752243913928 0.0024079715669121237 0.0005238684115462941 0.0033264444100584434 3.6254332869134487e-13 -7.457945879717209e-7
7090 16.479843647206 0.0024096950453674007 0.0005220209895524195 0.0031600957525800277 3.631539513548887e-13 -7.910206119539701e-7
7100 16.50395618529879 0.0024095917114209217 0.0005205194723101455 0.003720116370431681 3.6348701826227625e-13 -7.360556523872e-7
7110 16.528049723161526 0.0024052334688221145 0.0005239979164331554 0.00367364808524262 3.640976409258201e-13 -6.523335944813233e-7
7120 16.55211378112093 0.0024132848856133933 0.0005276015907450796 0.0031418700717368298 3.6454173013567015e-13 -6.511534131926899e-7
7130 16.576201696599547 0.002407128840385144 0.0005262297857360136 0.0033393420309737465 3.65152352799214e-13 -7.292828115481459e-7
7140 16.600307848640593 0.0024090067263727913 0.0005243215821003445 0.0030848632829554856 3.658184866139891e-13 -7.895718166575638e-7
7150 16.62442182570047 0.002411212026384126 0.0005223763309112539 0.0036646343382027435 3.662070646726079e-13 -7.523959857091977e-7
7160 16.648510246586472 0.002407051481498147 0.0005249745263802445 0.0037218236338840693 3.667066650336892e-13 -6.64446354712786e-7
7170 16.672566573253096 0.0024116222633065953 0.0005291654279496477 0.0032830483566442803 3.66873198487383e-13 -6.43606107427093e-7
7180 16.696670751338583 0.0024066484059399235 0.0005285577800862816 0.0033331432020553553 3.678723992095456e-13 -7.119271972187702e-7
7190 16.720791436510996 0.0024107333842392545 0.0005266504809134107 0.0031625254619730148 3.6781688805831436e-13 -7.844114382248371e-7
7200 16.744903818790824 0.0024133598702694996 0.0005244044408387078 0.0035889909633659567 3.6864955532678323e-13 -7.669324546194034e-7
7210 16.768992655777705 0.0024071710996234996 0.0005260340635804317 0.0037528816377716545 3.6903813338540203e-13 -6.790096572801142e-7
7220 16.793054607670665 0.0024099082542404083 0.0005305702828212206 0.0034046754204816176 3.6970426720017713e-13 -6.39439870486137e-7
7230 16.817177338187467 0.002408296581379213 0.0005308103716736489 0.0033072036393950177 3.702593787124897e-13 -6.949174763122563e-7
7240 16.84130887580929 0.0024137658240235586 0.000528988190988666 0.0032280651782984893 3.708144902248023e-13 -7.760096751920142e-7
7250 16.865420289857532 0.002414763342475152 0.0005265715386762663 0.0034950449786935733 3.7109204598095857e-13 -7.786711837783164e-7
7260 16.889518603375663 0.0024058941815803788 0.0005272664326367886 0.0037668519951550294 3.7153613519080864e-13 -6.950140937582174e-7
7270 16.913595576757437 0.0024095116585376624 0.000531844170731571 0.0035071464199857294 3.72257780156815e-13 -6.389518918146749e-7
7280 16.93773371641179 0.0024121023486114264 0.0005329654442020967 0.0032615787423627696 3.728684028203588e-13 -6.79322516703708e-7
7290 16.961873135999767 0.002415986911770597 0.000531316337803198 0.003280342879050574 3.7336800318144014e-13 -7.648022271743252e-7
7300 16.985986416783966 0.0024146174197829527 0.0005288431786205864 0.003385683085413538 3.7386760354252146e-13 -7.868283593987902e-7
7310 17.01010104271797 0.002405096946043543 0.0005286894006322051 0.00376372047805551 3.7414515929867775e-13 -7.11622631048575e-7
7320 17.034195025722653 0.002411030593559409 0.0005330202604111968 0.0035911827600502155 3.7470027081099033e-13 -6.422709481214645e-7
7330 17.058341982256966 0.0024163212215658745 0.0005349913772692898 0.0031971018657926953 3.751443600208404e-13 -6.658615267136855e-7
7340 17.08248935926866 0.0024159420298666056 0.0005336263916814925 0.003318632777437519 3.7575498268438423e-13 -7.512265318273961e-7
7350 17.106606555281626 0.0024132664396083426 0.0005312041332409346 0.0032639937725993384 3.764211164991593e-13 -7.910501226630022e-7
7360 17.130737530798744 0.002406205422983075 0.0005302585898996208 0.0037432377003483452 3.769762280114719e-13 -7.2821063856199e-7
7370 17.154844684187058 0.002413859221332018 0.0005341323666037364 0.0036578116352280476 3.772537837676282e-13 -6.492336093170503e-7
7380 17.17899409943099 0.00241883477351107 0.0005368910928864537 0.003115185178918456 3.779199175824033e-13 -6.549047154162995e-7
7390 17.20315131281984 0.0024138917004074057 0.0005359064592698867 0.003342328266330352 3.7847502909471586e-13 -7.358343746728611e-7
7400 17.22727129497279 0.0024119626951476297 0.0005336151080014177 0.003132426803912236 3.7903014060702844e-13 -7.914065395807129e-7
7410 17.251412540630618 0.00240911252347879 0.0005320019642214217 0.0037049170176519652 3.794742298168785e-13 -7.442245273025713e-7
7420 17.275527455667905 0.00241639549364005 0.000535215732215842 0.003708203218125816 3.7997383017795983e-13 -6.593730199505078e-7
7430 17.29967569700574 0.0024186323442861356 0.0005386476784234594 0.003234721383941097 3.8047343053904115e-13 -6.466479286694644e-7
7440 17.32384326409041 0.0024115658477874727 0.0005381477875702804 0.003350593182116557 3.81084053202585e-13 -7.193610538046291e-7
7450 17.347961810332272 0.0024118054476857027 0.0005360535713403454 0.0031330831960061645 3.8163916471489756e-13 -7.882014780857816e-7
7460 17.372106108285838 0.00241257049459648 0.0005339309218894542 0.0036482865700099287 3.8202774277351637e-13 -7.590167740495132e-7
7470 17.39622631393652 0.002417110082967793 0.0005362967583935957 0.0037434127866415867 3.826383654370602e-13 -6.720141225106252e-7
7480 17.420372282260804 0.0024162834754475216 0.0005402820521071551 0.0033656607222786183 3.831934769493728e-13 -6.41302488463974e-7
7490 17.444547068408188 0.002410856430530233 0.0005403380727539945 0.0033422270866466652 3.836930773104541e-13 -7.026963798895114e-7
7500 17.468659771575336 0.0024129387827756875 0.0005384737668774705 0.0031985051764001904 3.8413716652030416e-13 -7.817670563906726e-7
7510 17.492803926377512 0.002415089286216576 0.0005360345765813903 0.00357333102878421 3.846367668813855e-13 -7.717970260741509e-7
7520 17.51693216559538 0.0024158885390819446 0.0005374572445764851 0.0037641326813144804 3.8519187839369806e-13 -6.864140620799382e-7
7530 17.54107557302777 0.0024133710594372994 0.0005417913432561951 0.0034784439030178804 3.856359676035481e-13 -6.391627972758551e-7
7540 17.565251203799534 0.0024124394911816333 0.0005424598463713763 0.003315899493090857 3.861910791158607e-13 -6.867701192701803e-7
7550 17.58935735026932 0.0024146010476192702 0.0005408745251894263 0.0032531512099292503 3.8652414602324825e-13 -7.723791149820414e-7
7560 17.613504322201052 0.0024158333509614696 0.0005382849902751904 0.003480929661504928 3.873568132917171e-13 -7.817507309444693e-7
7570 17.63764667693869 0.002414249304138573 0.0005387636121811695 0.003770541183168663 3.878009025015672e-13 -7.018805811805431e-7
7580 17.661787089923173 0.0024115587431377916 0.0005431960104946654 0.0035729826405555 3.8807845825772347e-13 -6.405068648848017e-7
7590 17.68595710180579 0.0024153350461060194 0.0005445018841541212 0.0032707048630967184 3.885780586188048e-13 -6.724001268623714e-7
7600 17.71006177417586 0.0024157328616734247 0.0005432286668080518 0.003296580418059941 3.893552147360424e-13 -7.603271960918753e-7
7610 17.73421876991214 0.0024152507146954997 0.0005406629460766628 0.0033730006911910637 3.898548150971237e-13 -7.882655719309217e-7
7620 17.75837988776237 0.0024140071085406024 0.0005402160142398935 0.0037623198957295045 3.902989043069738e-13 -7.178071964564453e-7
7630 17.78251718205757 0.0024117021675164954 0.0005445096268446268 0.0036493279899979525 3.910760604242114e-13 -6.454009018098689e-7
7640 17.806679183050132 0.0024177354376938645 0.0005464522592042486 0.0032067383422172413 3.911870827266739e-13 -6.601797188495067e-7
7650 17.830792005385085 0.0024157637277082153 0.000545536182940858 0.0033282359012871965 3.9201974999514277e-13 -7.460675896715552e-7
7660 17.85496554768034 0.002414789454442009 0.000543137001401583 0.003252167051449928 3.925193503562241e-13 -7.911091328269384e-7
7670 17.879145130983964 0.002415783809006125 0.0005417888901797049 0.0037388818080571484 3.930189507173054e-13 -7.33612653870731e-7
7680 17.903280182678508 0.0024133372821482954 0.000545765139047997 0.0037080581462397566 3.934075287759242e-13 -6.535585390977456e-7
7690 17.927437952393735 0.002418492126605307 0.0005483147998869943 0.003125267100366591 3.9401815143946806e-13 -6.504725204757763e-7
7700 17.95156907589089 0.0024151508763921715 0.0005477782871299977 0.0033474105759985218 3.9440672949808686e-13 -7.303166821230021e-7
7710 17.975760257514988 0.0024156688132263337 0.000545666882739259 0.003121100398493115 3.9496184101039944e-13 -7.904201987857552e-7
7720 17.999953369560775 0.0024187190424310432 0.0005435428092684564 0.003699733708357411 3.9546144137148076e-13 -7.486567706994205e-7
7730 18.02408807137829 0.002414984395621939 0.0005469747365983938 0.0037503580133670944 3.957945082788683e-13 -6.643719683417702e-7
7740 18.048249360487404 0.002417879425087988 0.0005500863022951593 0.003264411042441573 3.9623859748871837e-13 -6.435042711432251e-7
7750 18.072404969002115 0.0024151458301822186 0.0005499591308948256 0.0033532637148712685 3.9690473130349346e-13 -7.139806351111466e-7
7760 18.09660840241143 0.0024179102149885136 0.0005482105887498217 0.0031558013406181584 3.9729330936211227e-13 -7.865319676463446e-7
7770 18.120808413726344 0.0024211926134850973 0.0005454808840967838 0.0036447693624017674 3.977929097231936e-13 -7.622286205440732e-7
7780 18.144945169646117 0.002415282742382637 0.0005481872362734791 0.0037777339405162813 3.9851455468919994e-13 -6.770963396185532e-7
7790 18.169116494712277 0.0024170384926365564 0.0005517822814509481 0.0033926087888025425 3.991251773527438e-13 -6.39462721030163e-7
7800 18.193296174871833 0.0024167288097965084 0.000552060237810309 0.0033448797710495803 3.993472219576688e-13 -6.979660822897991e-7
7810 18.21750313588663 0.0024204456815844558 0.0005507310798069223 0.0032133395833916223 4.000133557724439e-13 -7.797767535849554e-7
7820 18.241704885301726 0.0024219148562791195 0.0005475934114333068 0.003574331721244439 4.0062397843598774e-13 -7.736296371638326e-7
7830 18.26584583313638 0.002414081735611728 0.0005494693517314341 0.0037915472640678294 4.010680676458378e-13 -6.910539424436488e-7
7840 18.29002840658198 0.002416977672557217 0.0005533948347962883 0.0035025548977397625 4.015676680069191e-13 -6.385268203530376e-7
7850 18.31422564505836 0.0024197063770209177 0.000554087416864089 0.0033213348628743367 4.0206726836800044e-13 -6.830156124540583e-7
7860 18.338428601360924 0.0024218949079357725 0.0005532150766691336 0.003260015883964351 4.026778910315443e-13 -7.704038211351488e-7
7870 18.362630155364617 0.0024207687715644367 0.0005498477820942391 0.0034890757428452934 4.0312198024139434e-13 -7.822925946806419e-7
7880 18.386776460655696 0.0024124828176687626 0.0005508549636912674 0.0037926221521084047 4.036770917537069e-13 -7.057290924879223e-7
7890 18.410966206335022 0.0024180741839078847 0.0005549435343643003 0.0035946036742899867 4.042322032660195e-13 -6.4081484820247e-7
7900 18.43517181268062 0.002422792958827731 0.00055603459358486 0.0032818062167551676 4.047318036271008e-13 -6.696584305253966e-7
7910 18.459367391182184 0.00242132100854802 0.0005556373335015689 0.003296373180352169 4.0523140398818214e-13 -7.586385094831422e-7
7920 18.483569686551167 0.0024189177745209296 0.0005522418169665244 0.003389803924501833 4.056754931980322e-13 -7.878662145297151e-7
7930 18.507721587523775 0.0024119159333296637 0.0005523346186106429 0.0037811023132695576 4.062306047103448e-13 -7.20719065291529e-7
7940 18.5319126593787 0.0024199914282903895 0.0005564234612543957 0.0036691376010460353 4.068412273738886e-13 -6.462895213946857e-7
7950 18.556119507212127 0.0024245526435542125 0.0005579064239893895 0.003225783140324179 4.072298054325074e-13 -6.582604524015684e-7
7960 18.580308840672117 0.002418754058305118 0.0005579972791636695 0.0033225875143408357 4.0795145039851377e-13 -7.448236056060292e-7
7970 18.604513528907287 0.0024179888669289117 0.000554747622628112 0.0032774199325030784 4.083400284571326e-13 -7.902335161184132e-7
7980 18.628671442723245 0.002413180310403266 0.000553898778477892 0.0037566053566374658 4.086730953645201e-13 -7.356003764343033e-7
7990 18.652860570093225 0.0024218246996036644 0.0005578609290155843 0.0037266379353397827 4.092282068768327e-13 -6.546769681387704e-7
8000 18.67706692365234 0.002424460478996477 0.0005597126927994512 0.0031533217995494134 4.0967229608668276e-13 -6.491117586554171e-7
8010 18.701253956175663 0.00241535738230326 0.0005602687360407059 0.00333832620796215 4.1022740759899534e-13 -7.295385946767645e-7
8020 18.72546121335908 0.0024189462689969974 0.0005573360038809196 0.0031530261258568837 4.107825191113079e-13 -7.894673194621619e-7
8030 18.749627086681684 0.0024160439680501232 0.0005556056961139838 0.0037186090335495914 4.113376306236205e-13 -7.498138402211555e-7
8040 18.77381618361727 0.0024225673466109266 0.0005592541207618325 0.0037678609575758637 4.118372309847018e-13 -6.654606773107326e-7
8050 18.798025318179924 0.0024232251161968913 0.0005614580798825057 0.0032632741485154604 4.1233683134578314e-13 -6.424940347319317e-7
8060 18.822214361256826 0.002412928618382833 0.0005624551924641102 0.0033428323156139417 4.1261438710193943e-13 -7.135969268798278e-7
8070 18.84642268792263 0.0024215423675017856 0.0005599667477255697 0.0031858891757476637 4.13169498614252e-13 -7.857502548262751e-7
8080 18.870600431012466 0.0024194057258980464 0.0005574714804234444 0.0036668977052390916 4.1378012127779584e-13 -7.626602537877892e-7
8090 18.894795947502143 0.002421834198369598 0.0005606418234695255 0.003793911312457099 4.143352327901084e-13 -6.779789156525122e-7
8100 18.91901235946131 0.002422141022690461 0.0005631608093100425 0.0033934433182142287 4.147793219999585e-13 -6.386863612041057e-7
8110 18.943206175024418 0.0024127791132011354 0.0005645386674926696 0.003335197383199595 4.1505687775611477e-13 -6.978988833438208e-7
8120 18.967414331524097 0.0024246328107215 0.0005625984809542673 0.00324256382586377 4.156675004196586e-13 -7.793054069599485e-7
8130 18.991608944309164 0.0024219833133329277 0.0005594978597158313 0.0036018335207629315 4.1627812308320244e-13 -7.734293100756621e-7
8140 19.015817986816664 0.002420209513110159 0.0005620785330184134 0.0038060911377897355 4.1661118999059e-13 -6.915785115159305e-7
8150 19.04004320278078 0.0024221470733600736 0.0005648217434311831 0.0035067671199716655 4.173883461078276e-13 -6.379022128413792e-7
8160 19.06424238416898 0.0024148805651901892 0.0005665260690012854 0.003314674650446714 4.177769241664464e-13 -6.832297124528851e-7
8170 19.088451414606823 0.002426940188067523 0.0005652076172881534 0.003287328459960104 4.18554080283684e-13 -7.703776690829771e-7
8180 19.11266715186137 0.0024231790264650807 0.0005616662693960517 0.0035242809216994297 4.188316360398403e-13 -7.815835808482814e-7
8190 19.136892690982954 0.002418766478009141 0.0005635903073143244 0.003805598882488326 4.1933123640092163e-13 -7.057261324426728e-7
8200 19.161123538117103 0.0024233541169143336 0.00056645504566247 0.0036026240396995757 4.198863479132342e-13 -6.402030107381832e-7
8210 19.18532718649906 0.002417973277333814 0.0005684206539946133 0.0032808507472384396 4.204414594255468e-13 -6.701331933195417e-7
8220 19.20954060471549 0.002427682407708832 0.0005677645113712775 0.003320901689419037 4.209410597866281e-13 -7.592636871886586e-7
8230 19.23377883492022 0.002423456422910324 0.0005639728412520891 0.00343522730351431 4.214961712989407e-13 -7.86869588634162e-7
8240 19.258017436159587 0.0024182763270357266 0.000565167671405201 0.0037932653356214097 4.2205128281125326e-13 -7.200145717285418e-7
8250 19.282247362252264 0.0024250969046589847 0.0005680582612329276 0.003681126460544304 4.224953720211033e-13 -6.45452327876616e-7
8260 19.30645447115406 0.0024204656240523798 0.0005702326413694466 0.003233598803154325 4.2299497238218464e-13 -6.589226809426696e-7
8270 19.330676568107073 0.0024268697119876324 0.0005702588617288579 0.0033440421275093557 4.235500838944972e-13 -7.463513605082163e-7
8280 19.3549342603266 0.002423807990540927 0.0005663954581233347 0.003335364544560737 4.241051954068098e-13 -7.892894130501205e-7
8290 19.37917793271133 0.002418831187683074 0.0005667896170562019 0.0037694624127923015 4.244937734654286e-13 -7.340845824335696e-7
8300 19.40340031057454 0.0024263649676696322 0.000569649179805263 0.00374289878345202 4.2510439612897244e-13 -6.53333926712435e-7
8310 19.427610995233582 0.0024214281161675072 0.0005719788866744998 0.0031729043814680558 4.2577052994374753e-13 -6.497907784550061e-7
8320 19.451844637421207 0.002425256463682319 0.0005726631023418746 0.003357208547916768 4.261035968511351e-13 -7.32137555711429e-7
8330 19.476114581126485 0.0024249009135873796 0.0005689124032010856 0.0032249326950848367 4.266031972122164e-13 -7.889781337621846e-7
8340 19.500355139771376 0.0024199419758326158 0.0005685059557394682 0.0037342074654789226 4.2704728642206646e-13 -7.47528664040826e-7
8350 19.52456690789563 0.002426409200653002 0.0005712236560233426 0.0037887737080977146 4.275468867831478e-13 -6.634085051729702e-7
8360 19.548782833791478 0.0024210593397578696 0.0005736659725123234 0.0032262987008153665 4.279354648417666e-13 -6.429290213567224e-7
8370 19.573028142662434 0.002423966583214873 0.000574975922171427 0.0033604030653488492 4.286015986565417e-13 -7.172182703123198e-7
8380 19.597301235912727 0.0024266788228155117 0.0005715006287198322 0.003183450106842317 4.2915671016885426e-13 -7.860838758914912e-7
8390 19.621534342630607 0.002420815900819992 0.0005703314780593885 0.0036874113200392467 4.294897770762418e-13 -7.598397042604677e-7
8400 19.645738151768775 0.0024252555086595167 0.0005727959841985218 0.003819586629471905 4.301559108910169e-13 -6.751775877521238e-7
8410 19.669962036507187 0.002420428827778109 0.0005753167690574173 0.003357040308675563 4.30822044705792e-13 -6.385818309912264e-7
8420 19.694216586100822 0.002423860073410062 0.0005771814230621198 0.0033532381591164784 4.3137715621810457e-13 -7.022502782148138e-7
8430 19.718485235046057 0.0024285441326874586 0.0005741234866066327 0.003245904960388901 4.3154368967179835e-13 -7.80717354517289e-7
8440 19.742712237579504 0.0024207655707798644 0.0005722737462204847 0.003629169243323238 4.3232084578903596e-13 -7.704440139646822e-7
8450 19.76691568798953 0.0024237481739266304 0.0005744019168597652 0.003836118104579178 4.329314684525798e-13 -6.881388627657864e-7
8460 19.791150313194702 0.00242074916831024 0.0005769354721276186 0.0034749096716087946 4.3354209111612363e-13 -6.370043707552641e-7
8470 19.815410668975908 0.0024249939806304265 0.0005792729015850802 0.003335181739646864 4.3365311341858614e-13 -6.878821089673579e-7
8480 19.839671517348158 0.002429814541403642 0.0005767657892760623 0.003296802681644062 4.343747583845925e-13 -7.729846220566262e-7
8490 19.863898638045637 0.0024197241284574524 0.0005743345849590331 0.0035599544456088594 4.3481884759444256e-13 -7.788167585124432e-7
8500 19.888110859146245 0.002423016193349621 0.0005760747940800072 0.003839124183227738 4.3559600371168017e-13 -7.018202900586425e-7
8510 19.912358127311347 0.0024226572220352066 0.0005785391874314639 0.00357856712733029 4.3587355946783646e-13 -6.383507486070877e-7
8520 19.936621845176706 0.002426571362997235 0.0005812557353995454 0.003305859593672744 4.365952044338428e-13 -6.746725096377053e-7
8530 19.96087634309663 0.0024301125892844905 0.0005793972932621595 0.0033361651371696666 4.3709480479492413e-13 -7.630724554801602e-7
8540 19.98511176733857 0.0024184901551201317 0.0005765122496627099 0.0034805951744754093 4.3720582709738665e-13 -7.846180140896173e-7
8550 20.009339503080948 0.0024237816263272985 0.0005778053230827376 0.003829381135142529 4.380384943658555e-13 -7.157812342953494e-7
8560 20.033599773305475 0.002425848085643727 0.0005801388729228062 0.0036669472404202708 4.384270724244743e-13 -6.425668464459453e-7
8570 20.057866622205427 0.002427463373249528 0.0005831346066653615 0.003265248298625567 4.390932062392494e-13 -6.630380340645048e-7
8580 20.082119211035913 0.002429537850547272 0.0005819960709165334 0.003364310323328873 4.3942627314663696e-13 -7.513228408560781e-7
8590 20.106369395555426 0.0024182529271964386 0.0005788005366816924 0.003392034959334378 4.4009240696141205e-13 -7.877575637407388e-7
8600 20.130614911530053 0.002425984216149223 0.0005795628941778475 0.0038077028831935422 4.4075854077618715e-13 -7.29589744163178e-7
8610 20.154886713440156 0.002429234780005426 0.0005817470392668515 0.0037396232232197457 4.4114711883480595e-13 -6.493646285581389e-7
8620 20.179158206904383 0.002426959316212857 0.0005849277240307126 0.0032136352319396266 4.41591208044656e-13 -6.532591819371617e-7
8630 20.203413315281175 0.0024286047764310037 0.0005845387581174823 0.0033817141474430934 4.4231285301066237e-13 -7.382351123450849e-7
8640 20.227680395678156 0.0024197263529325357 0.0005811790408932495 0.003295016399072259 4.429234756742062e-13 -7.883450410786825e-7
8650 20.251941828776065 0.0024288515077305153 0.000581383784252697 0.0037749097392238973 4.4325654258159375e-13 -7.42804915144005e-7
8660 20.276222089904845 0.002431558296820275 0.0005833758939891159 0.0037968586854146835 4.438671652451376e-13 -6.582971884019862e-7
8670 20.300499604494757 0.002425173916246727 0.0005866475207866251 0.003151366421332069 4.443667656062189e-13 -6.455329249362412e-7
8680 20.324759206667064 0.0024279977429927857 0.0005870066098476481 0.003388813399716417 4.449218771185315e-13 -7.243899566538974e-7
8690 20.34904083822838 0.0024227193150012263 0.0005836342547735733 0.003189871965912139 4.454214774796128e-13 -7.865699598397571e-7
8700 20.373314111927133 0.002431241761955741 0.000583280810892293 0.0037317550369576624 4.459765889919254e-13 -7.549824384486814e-7
8710 20.397598914034486 0.002432097845875888 0.0005850185642146984 0.0038393615353484734 4.4642067820177544e-13 -6.688815624329714e-7
8720 20.421881869862876 0.0024229060775068957 0.0005883130458512576 0.0032701625013470403 4.46975789714088e-13 -6.400319804700239e-7
8730 20.446144772014044 0.002428225148946536 0.0005893896239728561 0.0033858580261104665 4.4747539007516934e-13 -7.103520618407383e-7
8740 20.470436171151107 0.0024263594980003175 0.0005861413478179287 0.0032082263579735204 4.480305015874819e-13 -7.82595706526161e-7
8750 20.494717392104725 0.002432137744500133 0.0005852579931717168 0.003678861672878231 4.4853010194856324e-13 -7.656967546056277e-7
8760 20.519002949093593 0.00243103573351832 0.000586702486105949 0.0038679188302710443 4.4891868000718205e-13 -6.806928359373576e-7
8770 20.543288530663883 0.0024211748014808807 0.0005899360919110681 0.0033888433270257146 4.493627692170321e-13 -6.369347060573849e-7
8780 20.567551560051083 0.002429348023103796 0.0005916688249134331 0.0033728815665150513 4.4980685842688217e-13 -6.966120107889523e-7
8790 20.591848343058007 0.0024296163731028515 0.000588686418289116 0.0032685203427156306 4.50417481090426e-13 -7.765238954245135e-7
8800 20.61613572524353 0.0024311632778942363 0.000587316293082697 0.0036167302041529847 4.5086157030027607e-13 -7.745693536703735e-7
8810 20.640419154473513 0.00242925854019871 0.0005884557738928107 0.003883122116919324 4.515832152662824e-13 -6.93387188669542e-7
8820 20.66470378450299 0.0024207686274112924 0.0005915250874993427 0.0034968323790498523 4.5197179332490123e-13 -6.364064020570118e-7
8830 20.68896423392482 0.002430946804329997 0.000593845638909114 0.0033498048056480045 4.525269048372138e-13 -6.835798419466133e-7
8840 20.71326454136573 0.0024317558981553234 0.0005912553418294162 0.003318520649654738 4.5302650519829513e-13 -7.684370567527174e-7
8850 20.737558975495944 0.0024288629923781865 0.000589448493838264 0.003545821689882489 4.533040609544514e-13 -7.813038375059818e-7
8860 20.761838680333224 0.0024278257235208285 0.0005902759428251009 0.0038853081474502504 4.539701947692265e-13 -7.066610321068223e-7
8870 20.786120164617376 0.002421939465965726 0.000593097385966223 0.0035935766724195517 4.5458081743277035e-13 -6.385345438866694e-7
8880 20.810378339072177 0.0024323441833295468 0.0005959166968681921 0.003316623014200659 4.549138843401579e-13 -6.716044176542464e-7
8890 20.834683330764356 0.002432597129533671 0.000593829177926488 0.0033580719714876306 4.55580018154933e-13 -7.584889842925511e-7
8900 20.858987213909263 0.0024264702737763462 0.0005916615073635414 0.0034666490376626946 4.562461519697081e-13 -7.857241228503067e-7
8910 20.883262989097506 0.002427485178504858 0.000592151665424256 0.0038747110730577017 4.565237077258644e-13 -7.201836049859213e-7
8920 20.907542021833223 0.002424293817670622 0.0005946657021532889 0.003678294709624219 4.569122857844832e-13 -6.432503431805514e-7
8930 20.931802516073954 0.0024329854592983185 0.0005978852022885245 0.003273566369870806 4.57522908448027e-13 -6.609931584592812e-7
8940 20.956115116371006 0.002432535368337987 0.0005963935599667424 0.003387010549747105 4.579669976578771e-13 -7.469857882179007e-7
8950 20.980430158041756 0.0024252003379330333 0.0005939479839448573 0.0033798068476066367 4.583000645652646e-13 -7.877938724728755e-7
8960 21.00470312921288 0.0024284305974563484 0.0005940595404324119 0.003851711305777883 4.587441537751147e-13 -7.335480012206909e-7
8970 21.028983467873065 0.0024269803911899962 0.0005962500911177483 0.0037502847775583437 4.593547764386585e-13 -6.502907613687058e-7
8980 21.05325414330854 0.0024327527063766805 0.0005997624532206235 0.0032211185573167156 4.599098879509711e-13 -6.520222532012042e-7
8990 21.07757673831294 0.002432304604753275 0.0005989261576828958 0.0034052882819707864 4.602984660095899e-13 -7.343986226268916e-7
9000 21.101902266727727 0.0024255683112455557 0.0005962979720112073 0.0032859245119719604 4.608535775219025e-13 -7.87595361145838e-7
9010 21.12617459056533 0.0024302927075012734 0.0005960313317170402 0.003817017821829305 4.612976667317525e-13 -7.462750085624328e-7
9020 21.150461882453715 0.0024291508032304432 0.0005978627227037694 0.0038091969919192836 4.615197113366776e-13 -6.592387493213823e-7
9030 21.17475069730737 0.002431991791490822 0.0006015597914657893 0.003162837328018253 4.623523786051464e-13 -6.449347774871725e-7
9040 21.19908300192932 0.0024325644952043804 0.0006014090575327472 0.0034130435525277503 4.62907490117459e-13 -7.212894193499788e-7
9050 21.223415854331094 0.002427212330011875 0.0005987022925268156 0.003185570169473406 4.634070904785403e-13 -7.852741572445139e-7
9060 21.247690203459317 0.0024323117547391253 0.0005980738152330402 0.003771664392783869 4.639622019908529e-13 -7.578731835187016e-7
9070 21.271989892596544 0.002430414741898304 0.0005995124076718431 0.0038551160652600114 4.642952688982405e-13 -6.696259566660746e-7
9080 21.296301188608012 0.002431257880881271 0.0006032969959797705 0.0032819737644294023 4.64850380410553e-13 -6.399287191252365e-7
9090 21.320639361867944 0.0024335375003537866 0.0006038273308318398 0.003410567144572496 4.654610030740969e-13 -7.08193755484185e-7
9100 21.34497522388904 0.002429231745895284 0.0006011449511977179 0.0032081907003182752 4.658495811327157e-13 -7.809815801996384e-7
9110 21.369254368398245 0.0024336953100493135 0.0006001847699646426 0.003716822251055074 4.664046926450283e-13 -7.679200555695334e-7
9120 21.393569489008986 0.00243094342964272 0.0006012189439146652 0.0038884261843401546 4.669042930061096e-13 -6.810369663958621e-7
9130 21.417901823845696 0.0024309887901440876 0.0006049853455377425 0.0033906903399835153 4.674038933671909e-13 -6.371447179801676e-7
9140 21.44223927263916 0.0024349309157935357 0.0006061674950109381 0.0033981915355605907 4.68070027181966e-13 -6.955335438204452e-7
9150 21.46657452046754 0.0024307238186348605 0.0006036159020235816 0.0032685273649913915 4.685141163918161e-13 -7.748453293146204e-7
9160 21.49086123125298 0.0024340346070976866 0.0006023603415089026 0.00365355113860677 4.689582056016661e-13 -7.761165591877242e-7
9170 21.5151911889155 0.002431206022091388 0.0006030099360346925 0.003909557864160695 4.6956882826521e-13 -6.931575776739606e-7
9180 21.539537870845862 0.002431317591336153 0.0006066345786887669 0.0034894092685119338 4.699574063238288e-13 -6.366612952182771e-7
9190 21.563867432981272 0.002436157053150726 0.0006084288302804072 0.0033761914163383255 4.706790512898351e-13 -6.836014545159863e-7
9200 21.588200593239534 0.002431197357410381 0.0006061035063798872 0.0033200650906078932 4.712341628021477e-13 -7.669800067139354e-7
9210 21.612497708943003 0.0024335428217230194 0.0006045899151798063 0.0035826404688363844 4.714006962558415e-13 -7.822928989632827e-7
9220 21.636838744297467 0.002431655402964188 0.0006048748444064904 0.003918774574589778 4.721223412218478e-13 -7.05751451559114e-7
9230 21.661190657121 0.0024320518179862085 0.0006082562003859192 0.003578506143394722 4.726774527341604e-13 -6.384906891324094e-7
9240 21.685507339970986 0.0024366751110383254 0.0006106068164700481 0.0033447785568535005 4.73232564246473e-13 -6.726054983651614e-7
9250 21.70983969699718 0.002430747873694126 0.0006085964662870528 0.0033627718076447433 4.735656311538605e-13 -7.575315828225668e-7
9260 21.73414995447029 0.002432932402984308 0.0006068763620163958 0.003504616451918241 4.740097203637106e-13 -7.86381349485968e-7
9270 21.758496996831084 0.002432559903824869 0.0006068054768144021 0.003916124514545816 4.748423876321795e-13 -7.185903456286935e-7
9280 21.7828462632935 0.0024327659300797696 0.0006098570837327023 0.0036581127111782186 4.752309656907983e-13 -6.425632599159749e-7
9290 21.80714944012805 0.0024362762693805238 0.0006127020463487824 0.0033041984035301897 4.757305660518796e-13 -6.62732481246855e-7
9300 21.831484640701134 0.0024299925171441064 0.0006110895550764396 0.00339640827876056 4.763966998666547e-13 -7.46734400751332e-7
9310 21.85581012662841 0.002432984686112455 0.0006092105669966921 0.003419880802863373 4.77118344832661e-13 -7.88384154103027e-7
9320 21.880158919893574 0.0024339499814105318 0.0006087736641033346 0.00390158652500161 4.775624340425111e-13 -7.313821999274058e-7
9330 21.90450175779551 0.0024329890161116415 0.0006114564705600055 0.003728080843808934 4.782285678572862e-13 -6.487053392300413e-7
9340 21.928795800487418 0.002435192276518694 0.0006147183739862646 0.003254845486551916 4.784506124622112e-13 -6.541917727563841e-7
9350 21.95313858095093 0.0024297884753489893 0.0006135668160428633 0.003420571506953296 4.787281682183675e-13 -7.34945480082321e-7
9360 21.977480122008167 0.0024340882783665104 0.0006115832667614946 0.003328880103480314 4.792832797306801e-13 -7.883512270360118e-7
9370 22.001828482546877 0.002435608502542242 0.0006108127274694518 0.003875325279158348 4.800604358479177e-13 -7.437400159821341e-7
9380 22.026166101934507 0.0024324693174046946 0.0006130698857917057 0.0037881084551852906 4.802269693016115e-13 -6.566355227439664e-7
9390 22.05045904585173 0.0024339952390443694 0.0006166540889549926 0.003197290506041839 4.808375919651553e-13 -6.47219343764354e-7
9400 22.074813517517637 0.0024308176059253815 0.0006160171160469162 0.0034348882095238675 4.815592369311616e-13 -7.226240161566217e-7
9410 22.099170439845796 0.0024360178500840057 0.000613989131450394 0.0032322068699978113 4.82280881897168e-13 -7.863665978291041e-7
9420 22.123518195203022 0.002437118550218026 0.0006129246364818895 0.0038378958629630144 4.823919041996305e-13 -7.552142788219954e-7
9430 22.147855466636372 0.0024313776753700075 0.0006147040026751218 0.0038379282368127265 4.831135491656369e-13 -6.659993535703553e-7
9440 22.172156257772 0.002433346580707235 0.0006185258142345121 0.00326901415988079 4.835021272242557e-13 -6.420436399577143e-7
9450 22.19652438585283 0.002433228989996469 0.0006184293749910291 0.0034392203366006013 4.84001727585337e-13 -7.102555750538892e-7
9460 22.220894733066476 0.002438049428419513 0.0006164154402139831 0.003182904243730439 4.847788837025746e-13 -7.825391520521665e-7
9470 22.245242727278185 0.0024380305456498494 0.0006151085361041431 0.003790256753780863 4.850009283074996e-13 -7.653750436037682e-7
9480 22.26958536324056 0.002430249998817097 0.0006163883929570602 0.0038774377021366657 4.857780844247372e-13 -6.764322729999658e-7
9490 22.293900915549308 0.002433704882894423 0.0006203438831140699 0.0033742770751029605 4.860556401808935e-13 -6.388357394577441e-7
9500 22.318281731448206 0.002436545231856353 0.0006207876125476371 0.0034337457325387954 4.865552405419749e-13 -6.982604665744553e-7
9510 22.34266269320451 0.0024393229477493957 0.0006188567740806466 0.0032435512438071246 4.871103520542874e-13 -7.769960555965849e-7
9520 22.367011668592646 0.0024381083275589344 0.0006173575736562368 0.0037335687308440724 4.876654635666e-13 -7.738965495810227e-7
9530 22.391363448753676 0.0024296749041328608 0.0006181436664245614 0.003906702815908658 4.881650639276813e-13 -6.876163405212382e-7
9540 22.415696711445182 0.00243512046172111 0.0006221165724057064 0.0034691491807279373 4.885536419863001e-13 -6.376754524695105e-7
9550 22.44008647666873 0.0024398847025794536 0.0006230915250158861 0.0034188683673533338 4.891087534986127e-13 -6.869376570541735e-7
9560 22.464474817853677 0.0024392469913430367 0.0006213068705018184 0.00329696129598514 4.896638650109253e-13 -7.698787410984065e-7
9570 22.48882485669824 0.0024374930793392025 0.0006196596995672493 0.0036688995509938094 4.903299988257004e-13 -7.805962843649046e-7
9580 22.51318637380381 0.0024300086305825952 0.0006199779213789123 0.003925851650165568 4.906630657330879e-13 -6.993008594023339e-7
9590 22.53753606408001 0.0024372067235161167 0.000623856611390826 0.0035541665372657016 4.911626660941693e-13 -6.385505073886605e-7
9600 22.5619293126868 0.00244234749522406 0.0006253382421370439 0.003395034425344945 4.917177776064818e-13 -6.764691266921558e-7
9610 22.586321839725127 0.0024377619401282557 0.0006237521690330953 0.0033431697465168553 4.922728891187944e-13 -7.613443467023584e-7
9620 22.610672564921273 0.0024366714203868877 0.0006220130206699277 0.0035970130126885547 4.927724894798757e-13 -7.854154527742879e-7
9630 22.635041934930744 0.002431302336636255 0.000621880892248481 0.00393494018935292 4.932720898409571e-13 -7.112807877329361e-7
9640 22.659403941501957 0.0024392864267611587 0.0006255689474022597 0.003630024928792608 4.938827125045009e-13 -6.413778943920034e-7
9650 22.68379511876707 0.0024433735896660347 0.0006275241164527423 0.003362592552074384 4.942712905631197e-13 -6.669711885803724e-7
9660 22.70818924713872 0.0024353794390665428 0.0006261923587769501 0.003382194754067147 4.94770890924201e-13 -7.515787243336531e-7
9670 22.73254049133175 0.0024362571004034723 0.0006244129834371831 0.003518355634673731 4.951039578315886e-13 -7.88366857815549e-7
9680 22.756915294668765 0.0024333772754162437 0.0006238281752696963 0.003933889776991606 4.959366251000574e-13 -7.233481314213139e-7
9690 22.78128512847669 0.0024406568168509296 0.0006272611117130614 0.003697327635973635 4.962141808562137e-13 -6.460229446846521e-7
9700 22.805670298253702 0.002442931990338686 0.0006296569488569183 0.0033217903234021295 4.96713781217295e-13 -6.585576276383389e-7
9710 22.830064592344023 0.0024329894417016587 0.0006286204870198775 0.00341385760370555 4.969913369734513e-13 -7.408208765672729e-7
9720 22.854417074629037 0.002436722529555468 0.0006268450504890834 0.003433227582964715 4.974909373345326e-13 -7.894875380651234e-7
9730 22.878796252484946 0.0024359144752362483 0.0006258326222815748 0.0039225566965158665 4.980460488468452e-13 -7.352431836464226e-7
9740 22.90317139187231 0.002440870123483939 0.0006289479804797561 0.0037564329179803346 4.987121826616203e-13 -6.52304311790629e-7
9750 22.927549333869234 0.0024414879352518248 0.0006317343102818891 0.003272885857788288 4.992672941739329e-13 -6.513805964535003e-7
9760 22.951943758797064 0.00243152337325844 0.0006310207654270159 0.003437748610341629 4.996558722325517e-13 -7.293825241827819e-7
9770 22.976299440981904 0.0024382030678109117 0.0006293051992187006 0.0033420250715716637 5.000999614424018e-13 -7.888177546557339e-7
9780 23.000684135559176 0.0024385090542913663 0.0006279102167953538 0.0039009125437989844 5.005995618034831e-13 -7.466351904460685e-7
9790 23.025065045237188 0.0024399228165845727 0.0006306296659725753 0.003807454035724578 5.012656956182582e-13 -6.599944583950472e-7
9800 23.04943726453254 0.002439794188268362 0.0006337546727481138 0.0032162677001658646 5.01876318281802e-13 -6.456303770501657e-7
9810 23.07383300011328 0.0024315999164813648 0.000633396286425227 0.0034533639663297255 5.022093851891896e-13 -7.176387012471165e-7
9820 23.098195011234818 0.0024404315773437334 0.000631784646560068 0.0032454156659736944 5.029865413064272e-13 -7.864060888902306e-7
9830 23.1225880273072 0.002440736546739511 0.0006300639298390505 0.0038692308210894755 5.034861416675085e-13 -7.57150764802028e-7
9840 23.14697725846878 0.0024382500442731328 0.0006323234361048154 0.003850370576306772 5.039302308773586e-13 -6.688316988431453e-7
9850 23.17134695153663 0.0024386022772911616 0.0006357303078436936 0.0033165249505580086 5.043743200872086e-13 -6.414967080130139e-7
9860 23.195745859082226 0.002433299458141351 0.0006357379341715012 0.0034603320764427514 5.049294315995212e-13 -7.059807613098062e-7
9870 23.220117980139637 0.002442822734911553 0.0006342629238711977 0.003196867548179688 5.0531800965814e-13 -7.823273310256408e-7
9880 23.244522226174972 0.002442277071347994 0.000632291260138474 0.0038281492345554335 5.058731211704526e-13 -7.664411540327641e-7
9890 23.26892212551681 0.00243649461410048 0.000634052688759588 0.0038851599375762103 5.062616992290714e-13 -6.78547117939762e-7
9900 23.293292641007827 0.0024383978256135507 0.0006376636104422082 0.0034166984725436667 5.069278330438465e-13 -6.391155458712432e-7
9910 23.31769659920226 0.0024361701993510262 0.0006380357496903008 0.0034585857675851206 5.074274334049278e-13 -6.947520709830492e-7
9920 23.342082360801363 0.0024446786650086853 0.0006367450605756588 0.0032514889422516347 5.080380560684716e-13 -7.766964908581184e-7
9930 23.36649905861346 0.0024430313439839954 0.0006345875455429883 0.0037785429285930316 5.084821452783217e-13 -7.742516504125746e-7
9940 23.39090954172287 0.002435194228995227 0.0006358405324271782 0.003911868427453169 5.090372567906343e-13 -6.888939685489176e-7
9950 23.415283050921563 0.0024392561473034814 0.000639560814639285 0.0035066201808157116 5.094813460004843e-13 -6.385336663947833e-7
9960 23.439693350741052 0.0024394450361906617 0.0006402943013498395 0.00344836990040831 5.100364575127969e-13 -6.842020275829586e-7
9970 23.46409497438321 0.0024454410709217047 0.000639223547384934 0.0032999823235948522 5.10480546722647e-13 -7.696672996984275e-7
9980 23.488522537950864 0.002443143541489569 0.0006369358460283467 0.0037212690873554832 5.110911693861908e-13 -7.804527886986004e-7
9990 23.512940350051917 0.0024346140519895167 0.0006376874918989049 0.003930591032417441 5.117017920497346e-13 -6.996635218887472e-7
10000 23.537317309583813 0.0024408572809565066 0.0006414330648411628 0.003586691730335101 5.119793478058909e-13 -6.39709383784548e-7
10010 23.56173429108193 0.0024423408492480316 0.0006425112788128254 0.0034300875025006228 5.12423437015741e-13 -6.744820764334469e-7
10020 23.586151902916804 0.002444900136239877 0.0006416853372390233 0.003342433818598306 5.130895708305161e-13 -7.614171214278403e-7
10030 23.610586079495576 0.0024429296955085175 0.000639338864790117 0.003656935337445155 5.135891711915974e-13 -7.850201439261323e-7
10040 23.63500597250293 0.0024347746004946646 0.0006395891092471989 0.003941388349486208 5.14366327308835e-13 -7.106786501500859e-7
10050 23.65938566680324 0.002442638762342531 0.0006432825857835704 0.003657618881580782 5.146993942162226e-13 -6.42540320883872e-7
10060 23.683808783491536 0.0024443164921714067 0.0006446838621621277 0.0034040990963308815 5.153100168797664e-13 -6.656809498719642e-7
10070 23.70824028855866 0.0024432816003233937 0.0006441314955562665 0.0033789943139187206 5.155320614846914e-13 -7.52134008302199e-7
10080 23.732675512471324 0.0024427606633617258 0.0006417918667489843 0.0035858311656239428 5.159761506945415e-13 -7.879833743336005e-7
10090 23.75709263422615 0.0024355663607298576 0.0006415217582090639 0.003944211601117575 5.166422845093166e-13 -7.217668095825416e-7
10100 23.781474591081828 0.0024440348605149916 0.000645113845425883 0.003720154990368596 5.167533068117791e-13 -6.468926989369685e-7
10110 23.805902919081372 0.0024452141396348603 0.0006468229334789017 0.003370613280696655 5.176414852314792e-13 -6.57876047144587e-7
10120 23.830344623918965 0.0024411636727557436 0.0006465565065745031 0.003409721300402152 5.184186413487168e-13 -7.420208039792895e-7
10130 23.854775928807573 0.00244295313725113 0.000644281738358544 0.003508059722015955 5.185851748024106e-13 -7.893784169908537e-7
10140 23.879188142620446 0.0024368362636926224 0.0006434972538592384 0.003938907433709282 5.191402863147232e-13 -7.327250333269766e-7
10150 23.903573672132232 0.002444690816365213 0.0006469374944027029 0.0037748919470244058 5.198619312807296e-13 -6.526140234276947e-7
10160 23.928006594042518 0.002445260016303822 0.000648929172076235 0.0033297289107804273 5.201394870368858e-13 -6.511730204406773e-7
10170 23.952454283993198 0.0024392609088426595 0.0006489413402896015 0.003434476429925115 5.208611320028922e-13 -7.313131212668334e-7
10180 23.97687892987511 0.002443684771139457 0.0006468051530125178 0.003423793195946101 5.211386877590485e-13 -7.892259825128507e-7
10190 24.001287976300333 0.002438405919355016 0.0006455342591378663 0.003925324356071069 5.216937992713611e-13 -7.432980662658237e-7
10200 24.02568086058045 0.0024445780765908077 0.0006487512570845801 0.0038221881501628863 5.223044219349049e-13 -6.595310945776293e-7
10210 24.050118455175163 0.0024449388186452885 0.0006509970403550802 0.0032815768870753104 5.22748511144755e-13 -6.457138116369419e-7
10220 24.074568445372957 0.0024381603130908262 0.0006512942691190531 0.0034529473255542897 5.234146449595301e-13 -7.202900701266191e-7
10230 24.098986705577634 0.002444936753096004 0.000649354382358412 0.003333513410152422 5.237477118669176e-13 -7.875397551991186e-7
10240 24.123397778516416 0.002440077970390993 0.0006476372371337681 0.0039034694558832683 5.241918010767677e-13 -7.531889095436509e-7
10250 24.14780345887126 0.002443961095097129 0.000650557295232377 0.003862231106502745 5.24913446042774e-13 -6.674478272569175e-7
10260 24.172246272833267 0.002444780321682659 0.0006530402740443114 0.0032877656378089704 5.254130464038553e-13 -6.4165019694086e-7
10270 24.19669605937249 0.002438119980895809 0.0006536114540529376 0.0034647890852990137 5.258571356137054e-13 -7.092582663883809e-7
10280 24.221111039467814 0.002446492635669643 0.0006519083154615185 0.0032381080499966908 5.263567359747867e-13 -7.843522335285701e-7
10290 24.245531037716365 0.0024416841962635214 0.0006498087049198404 0.003873616742974817 5.269118474870993e-13 -7.621039233984958e-7
10300 24.269954449763677 0.002443222817298319 0.0006523802858141921 0.0038951607601632743 5.274669589994119e-13 -6.76153955247766e-7
10310 24.294402712579693 0.002445139192373831 0.0006550622841100628 0.0033902704125979843 5.279665593604932e-13 -6.390991820811459e-7
10320 24.31885110124371 0.002439019258378293 0.0006558809718768777 0.003469800152154978 5.284106485703433e-13 -6.985105625847629e-7
10330 24.343267756701998 0.002448005994914082 0.0006544645914109314 0.003245072926247261 5.289657600826558e-13 -7.797390509248561e-7
10340 24.367702926332452 0.0024431388198881917 0.0006520481285574168 0.0038362841831343086 5.294098492925059e-13 -7.69810858300933e-7
10350 24.392146006963078 0.0024426502761141877 0.0006542326404009766 0.003921164202501104 5.300204719560497e-13 -6.854438255408241e-7
10360 24.416598722987473 0.0024460641323979563 0.0006570603648260048 0.0034833291212362782 5.304090500146685e-13 -6.381077716239442e-7
10370 24.44104554355154 0.002440471421079928 0.0006581115351320105 0.0034680184521399537 5.310751838294436e-13 -6.882819720156058e-7
10380 24.465469245860714 0.00244911560304123 0.0006570188318110406 0.0032915087886413175 5.31574784190525e-13 -7.738250091772134e-7
10390 24.48992310577834 0.002444438521137503 0.000654347370483562 0.0037920742560824117 5.321298957028375e-13 -7.761767130383748e-7
10400 24.514383316600732 0.0024423259860707125 0.0006561290767256965 0.003940486909568941 5.325739849126876e-13 -6.951355602533363e-7
10410 24.53883782974885 0.002447312241304565 0.0006590469342477403 0.003567038022557978 5.332401187274627e-13 -6.386475896978661e-7
10420 24.56328350218451 0.002442016698625751 0.0006603064667452637 0.003459675227056924 5.33739719088544e-13 -6.78728435904094e-7
10430 24.587718614553346 0.002449559979998473 0.0006595598936401302 0.0033323098003231466 5.343503417520878e-13 -7.667680024421586e-7
10440 24.61219093349636 0.0024456239232441175 0.0006566989749988186 0.0037414642537860754 5.348499421131692e-13 -7.811652109890321e-7
10450 24.636661658022426 0.002442177206233671 0.0006580587247611876 0.003953363415853506 5.35238520171788e-13 -7.050790778945562e-7
10460 24.661114159945438 0.002448487448219007 0.0006610261095046263 0.0036419188608501907 5.361822097427194e-13 -6.406377240702685e-7
10470 24.68555944779555 0.0024432925025988034 0.0006624622268403618 0.003445042723224101 5.362932320451819e-13 -6.699391339568157e-7
10480 24.710008375412738 0.0024492799412715485 0.0006620814446795627 0.0033677295835609355 5.370148770111882e-13 -7.5873455758599e-7
10490 24.734495522714262 0.0024467464034509177 0.0006591057684447376 0.0036846721842730412 5.374589662210383e-13 -7.848003072488414e-7
10500 24.75896824210433 0.0024421073513077388 0.0006600230607614051 0.003959922752818756 5.380695888845821e-13 -7.151455530790118e-7
10510 24.783415253442055 0.002449229687945544 0.0006629936112768219 0.0037086898970113413 5.383471446407384e-13 -6.439748601848734e-7
10520 24.80786140112684 0.0024441442729164894 0.0006645861139309543 0.003424284653935794 5.390687896067448e-13 -6.619735268612839e-7
10530 24.832324354058013 0.0024484465355698796 0.0006645805033483613 0.0033980385543040947 5.396794122702886e-13 -7.498879108765179e-7
10540 24.85682076757521 0.0024478620742746622 0.0006615627938611726 0.003621682524480363 5.400124791776761e-13 -7.87120637246879e-7
10550 24.881288038860692 0.002442094893882027 0.0006619871951805217 0.003960144032077562 5.407341241436825e-13 -7.252003656158435e-7
10560 24.905728299720668 0.002449374530515674 0.0006649567045363187 0.003767999158919455 5.412892356559951e-13 -6.485492735440602e-7
10570 24.930177428531636 0.002444656223388823 0.0006666855759637891 0.003397410655054278 5.419553694707702e-13 -6.549019231743225e-7
10580 24.954652839788558 0.002447405961124413 0.0006670484121218164 0.003423403468369668 5.421774140756952e-13 -7.403979162527537e-7
10590 24.979152899984022 0.0024490234554086694 0.000664059901096676 0.003552424432882395 5.426215032855453e-13 -7.881493374734435e-7
10600 25.00361082475223 0.002442196339242222 0.0006639877821206475 0.003953907087419717 5.432876371003204e-13 -7.350736396336168e-7
10610 25.028046640723787 0.0024490108276317667 0.0006669195296885292 0.0038202621542048343 5.437317263101704e-13 -6.5424141764063e-7
10620 25.05250199768373 0.0024451073993803827 0.0006687611007031624 0.003364357083987135 5.44064793217558e-13 -6.488276002331028e-7
10630 25.07698726381051 0.0024465501582889176 0.0006694733039583798 0.0034438353361405105 5.44508882427408e-13 -7.304610066806432e-7
10640 25.101486828036656 0.002450244006652402 0.0006665967322913177 0.0034770125966331333 5.451750162421831e-13 -7.878902369057631e-7
10650 25.12593605057476 0.002442484190847966 0.0006660307469556319 0.003941118418712253 5.458966612081895e-13 -7.445486088931913e-7
10660 25.15037325800553 0.002448424984566458 0.0006688748406201215 0.0038656664987394285 5.46451772720502e-13 -6.609106299801393e-7
10670 25.174838889372225 0.0024458533075076947 0.0006708143377553013 0.0033251273832354267 5.467293284766583e-13 -6.438787260987962e-7
10680 25.199331041130577 0.0024461597985933553 0.0006718590910993605 0.0034592386031914724 5.472844399889709e-13 -7.203076229967439e-7
10690 25.223828202157968 0.0024514604952036883 0.0006691656099514044 0.003395927916571617 5.478395515012835e-13 -7.863460474149956e-7
10700 25.248273235804653 0.002442993034300414 0.000668122812871669 0.003921838528606836 5.482281295599023e-13 -7.53380779012526e-7
10710 25.272719564062445 0.002447958917356395 0.0006708270006602117 0.003904300729586918 5.487832410722149e-13 -6.683916277847816e-7
10720 25.297199273156462 0.0024471537471402174 0.0006728565264528956 0.0032798865833818525 5.492273302820649e-13 -6.401755263444296e-7
10730 25.321695337831276 0.002446298621371105 0.0006742030942180841 0.0034695304338818733 5.497269306431463e-13 -7.101836776049301e-7
10740 25.34619035595339 0.002452533153823038 0.0006717480195996533 0.0033100389778241146 5.503375533066901e-13 -7.835438855241517e-7
10750 25.370637755073883 0.002443721849443724 0.0006702681162692562 0.003896330767166667 5.508371536677714e-13 -7.613418186482035e-7
10760 25.39510015457082 0.0024478432416702688 0.0006727901655456572 0.003936301160326283 5.513367540288527e-13 -6.765059293867282e-7
10770 25.4195960322136 0.0024490238416804244 0.0006748930603306507 0.0033677542711376685 5.520028878436278e-13 -6.377933562239785e-7
10780 25.44409308217483 0.0024468142661928137 0.0006764968458429677 0.0034747494940448598 5.523914659022466e-13 -7.003133117872845e-7
10790 25.468587715729292 0.0024532930852730036 0.0006743400603345751 0.0032646637284954594 5.527800439608654e-13 -7.795511070760042e-7
10800 25.493043951125834 0.002444658315542067 0.0006724688811483634 0.0038649976158922072 5.536682223805656e-13 -7.682648456980561e-7
10810 25.517526010002676 0.0024480969762011194 0.0006747700079081184 0.003961920019269871 5.540012892879531e-13 -6.850834314221961e-7
10820 25.542037165414932 0.002451192993741242 0.0006769226223104666 0.003458333320718321 5.544453784978032e-13 -6.367446776910785e-7
10830 25.566532258283168 0.002447435824036062 0.000678748566344185 0.0034750783095242044 5.55056001161347e-13 -6.908647169658055e-7
10840 25.591028860304306 0.0024536117428057215 0.0006769355217206083 0.003309567193241464 5.555000903711971e-13 -7.744713543481746e-7
10850 25.6154986928263 0.0024457871944868603 0.0006747237331639414 0.003828239330617711 5.559996907322784e-13 -7.740660931000037e-7
10860 25.639999268558313 0.0024485552283667923 0.0006767813163425837 0.003981480924691305 5.566103133958222e-13 -6.939822324190589e-7
10870 25.664521473567312 0.002453202410482947 0.0006789535807997256 0.0035411665137476955 5.572764472105973e-13 -6.369890830724284e-7
10880 25.689011798879754 0.002447902490542246 0.0006809632421557162 0.0034707622487070156 5.577205364204474e-13 -6.819390558155183e-7
10890 25.713512565973417 0.002453457810336734 0.000679525323665583 0.0033490837504971116 5.581091144790662e-13 -7.68424957221488e-7
10900 25.737998365871704 0.002447091242118071 0.0006770254200240902 0.003786318743457029 5.583866702352225e-13 -7.787337182128123e-7
10910 25.7625120144807 0.0024489985862961405 0.0006788101842188733 0.003995261672841921 5.592193375036913e-13 -7.030945167035829e-7
10920 25.787038696275236 0.0024545942472272413 0.0006809873412835823 0.0036169003198667227 5.596079155623102e-13 -6.384603243723866e-7
10930 25.811522161808174 0.0024480609113131345 0.0006831436932499278 0.0034619808067976043 5.603850716795478e-13 -6.735882780497224e-7
10940 25.836028790994817 0.0024529385665331073 0.0006821001157163729 0.003383590005420878 5.604960939820103e-13 -7.615302397924302e-7
10950 25.860530778716374 0.002448556438799509 0.0006793777033625973 0.003739313382998044 5.613842724017104e-13 -7.822945530650099e-7
10960 25.885049767831607 0.002449292621646059 0.0006808577561736265 0.004003389383389733 5.616618281578667e-13 -7.123324495246558e-7
10970 25.90957416767177 0.0024550915692817363 0.000683021035069279 0.0036862772492455287 5.621059173677168e-13 -6.410889686230477e-7
10980 25.934050354932804 0.0024479231292396687 0.000685292308470019 0.003448760602846934 5.624944954263356e-13 -6.6585147001114e-7
10990 25.958564091848977 0.0024522935890338286 0.0006846566509359351 0.0034134560095638866 5.632716515435732e-13 -7.539016096618659e-7
11000 25.98308111845021 0.002450174586214584 0.0006817777443916867 0.003687185568302942 5.635492072997295e-13 -7.847794962576084e-7
11010 26.007598110148447 0.0024494472881424105 0.0006829105536274088 0.004005823839201894 5.642708522657358e-13 -7.21599250009124e-7
11020 26.032115765808864 0.0024547025947875105 0.000685052733409972 0.003749849245582859 5.645484080218921e-13 -6.448061511387336e-7
11030 26.056586817482387 0.0024476737349963195 0.0006874170406724549 0.003430988646266342 5.652145418366672e-13 -6.587897183251693e-7
11040 26.081108652461378 0.002451834291452277 0.0006871896993787892 0.00343893042817886 5.657141421977485e-13 -7.456657107520897e-7
11050 26.10563901286714 0.002451916029747194 0.0006842186061507202 0.003629936811066936 5.662137425588298e-13 -7.862044770702108e-7
11060 26.130149255666502 0.0024495765288040363 0.0006849729635147067 0.0040024455123715 5.667688540711424e-13 -7.307614465888604e-7
11070 26.154659681412017 0.0024537018262417954 0.0006870859786704572 0.0038078369420738722 5.672129432809925e-13 -6.495306749194597e-7
11080 26.179130556446324 0.0024476233932053393 0.0006895228588376704 0.0034085122960064718 5.677680547933051e-13 -6.52500607273215e-7
11090 26.20366125478167 0.002451837757525052 0.0006896887505340563 0.0034601186277655738 5.682676551543864e-13 -7.369803028900798e-7
11100 26.22820317684637 0.002453682549725197 0.0006866958274485595 0.0035677704387102604 5.687117443642364e-13 -7.865721980956973e-7
11110 26.25270539038649 0.0024497999491962567 0.0006870634264921028 0.00399319529996045 5.692113447253178e-13 -7.396407909667098e-7
11120 26.2772121671716 0.002452516467859403 0.0006891228364759445 0.0038601836507646814 5.698774785400929e-13 -6.551543677009268e-7
11130 26.30168989523561 0.002448100224830866 0.0006916097995655939 0.0033812530884025915 5.702105454474804e-13 -6.471049496400115e-7
11140 26.326229699497 0.002452437134587761 0.0006921520191866358 0.0034770568924248346 5.707101458085617e-13 -7.28036337015181e-7
11150 26.350781420451497 0.0024552782701580344 0.0006892047365571791 0.003501179478403671 5.712652573208743e-13 -7.85888037893763e-7
11160 26.37527729272768 0.0024501659168545244 0.0006891880915688528 0.003978181396977476 5.717093465307244e-13 -7.48034167545597e-7
11170 26.399786537878406 0.002451565605634629 0.0006911544966606751 0.003906734528314582 5.723199691942682e-13 -6.615403798562042e-7
11180 26.424278530012508 0.002449303318106229 0.0006936864650565937 0.0033492554100503225 5.727640584041183e-13 -6.42714643320566e-7
11190 26.4488266199136 0.002453562571776745 0.0006945793615451848 0.003489821420012418 5.732081476139683e-13 -7.190356841497991e-7
11200 26.47338619156122 0.0024564409827846252 0.0006917376286636872 0.003430904258726386 5.738187702775122e-13 -7.841769463215117e-7
11210 26.497879068315367 0.0024506410051057088 0.0006913552501435538 0.0039576934821558 5.743183706385935e-13 -7.557525962921053e-7
11220 26.522397009694128 0.002451120565692955 0.0006931913378074609 0.003947411675759072 5.749289933021373e-13 -6.685384005443093e-7
11230 26.546908912344545 0.00245118413143387 0.000695759470907907 0.003312636476874631 5.753175713607561e-13 -6.394018232935839e-7
11240 26.571462904178073 0.0024549619514000753 0.0006969708867822062 0.0034985878492706513 5.757616605706062e-13 -7.10155160205117e-7
11250 26.596027988533322 0.0024569319240211906 0.0006942809575952026 0.0033577609910563355 5.765388166878438e-13 -7.814893195276507e-7
11260 26.620521571409306 0.00245115759967247 0.0006935662879805329 0.0039321248920884955 5.770384170489251e-13 -7.626581417837647e-7
11270 26.645052306027075 0.002451247058039357 0.0006952372993422239 0.003982283914485407 5.774269951075439e-13 -6.760087699862749e-7
11280 26.66958616166044 0.0024534233304258435 0.0006978322685026798 0.0033419148633615503 5.780376177710878e-13 -6.371875444105037e-7
11290 26.694142011112742 0.0024562926780300315 0.000699324279844242 0.003503594789974751 5.782596623760128e-13 -7.015176922745524e-7
11300 26.718709942226127 0.002456643355010318 0.0006968308000259601 0.0032824131034453474 5.790923296444817e-13 -7.778922790769964e-7
11310 26.743207576423163 0.0024516772374869374 0.0006958228993404477 0.00390185844042934 5.794253965518692e-13 -7.68679491692896e-7
11320 26.767751915048972 0.002451845062751352 0.0006972942662841671 0.004011512096564029 5.796474411567942e-13 -6.838418323452543e-7
11330 26.792305404352454 0.002455533011891952 0.0006999021622573408 0.0034239158872402253 5.802580638203381e-13 -6.360538743832112e-7
11340 26.816857997926952 0.0024572408153429484 0.0007016483296826446 0.0035050360675868975 5.808131753326506e-13 -6.93187163962451e-7
11350 26.84142627433964 0.0024556747228914313 0.0006993803764754338 0.003313836459692465 5.814793091474257e-13 -7.734540661091761e-7
11360 26.86593091847101 0.0024522296105172277 0.0006981247998411293 0.0038671871282718318 5.81756864903582e-13 -7.73801172041362e-7
11370 26.89048665018198 0.002452751815527103 0.0006993780244453047 0.004035229479198876 5.824229987183571e-13 -6.919611713865386e-7
11380 26.915053846094075 0.002457037500139151 0.0007019689829931881 0.0035008802060310096 5.829781102306697e-13 -6.359671499361871e-7
11390 26.93959831239905 0.0024576267654703326 0.0007039485878243883 0.0035029596131121443 5.83477710591751e-13 -6.851894378504507e-7
11400 26.96416542388796 0.0024543371802923757 0.0007019240107387464 0.0033542718717489706 5.838662886503698e-13 -7.682354125308087e-7
11410 26.98867996663575 0.0024529133784272125 0.0007004641690743433 0.003828312883448204 5.844769113139137e-13 -7.780367111178807e-7
11420 27.013243216962316 0.002453835462048532 0.0007014769751994004 0.004053447842298663 5.84976511674995e-13 -7.003076775797194e-7
11430 27.03781664329058 0.0024576467749921407 0.0007040290922560647 0.003573557073284106 5.856981566410013e-13 -6.368944022885791e-7
11440 27.06235003087219 0.0024574657367573294 0.00070622960320072 0.0034972469026682274 5.860867346996201e-13 -6.77547679830429e-7
11450 27.086916238828383 0.00245308608891802 0.0007044539755947342 0.0033912192421949316 5.866418462119327e-13 -7.622971223670245e-7
11460 27.111443673252086 0.0024538470507223737 0.0007028416807797066 0.003785419080779673 5.868638908168577e-13 -7.814026569344271e-7
11470 27.136010591665645 0.0024550304114127047 0.0007035956351897555 0.004066052778957774 5.878075803877891e-13 -7.088118924069814e-7
11480 27.1605837263794 0.0024573424554330484 0.0007060794360538349 0.003642380908419507 5.881961584464079e-13 -6.388026081913158e-7
11490 27.185106391055275 0.0024569655645061673 0.0007084912944827604 0.0034876881548411842 5.888067811099518e-13 -6.703130129237592e-7
11500 27.209673986439775 0.0024523949019084144 0.0007069704435384465 0.0034248927720088307 5.891398480173393e-13 -7.557199741956884e-7
11510 27.234217124011476 0.0024550870964744195 0.0007052520983628818 0.003738774704941772 5.898059818321144e-13 -7.839061914875127e-7
11520 27.25878508965948 0.0024563068522622817 0.0007057381186570388 0.004072890677509378 5.901945598907332e-13 -7.173698681411196e-7
11530 27.283354218082565 0.0024563542627219228 0.0007081158883050785 0.0037073714243327505 5.907496714030458e-13 -6.416445223844745e-7
11540 27.307870267281643 0.002456452397166099 0.0007107385269957798 0.0034741011660492926 5.911937606128959e-13 -6.635748662727793e-7
11550 27.332443043281536 0.002452616861317485 0.0007094713401391823 0.0034552986506916072 5.916933609739772e-13 -7.486215773547591e-7
11560 27.357003768865347 0.002456549935725848 0.0007076889750419501 0.003688811359510158 5.922484724862898e-13 -7.855486851022359e-7
11570 27.381571667055987 0.0024576114980459397 0.0007078893404550109 0.0040738956257252434 5.928035839986023e-13 -7.25837609289251e-7
11580 27.406136364410738 0.0024550568988566317 0.000710144594858125 0.003768230088055713 5.932476732084524e-13 -6.453447103510479e-7
11590 27.430652855228466 0.002456246701035508 0.000712972972111459 0.003456417285646607 5.936917624183025e-13 -6.574471027673973e-7
11600 27.45523490211999 0.002453877087491136 0.0007119550521355551 0.0034823410706294466 5.944134073843088e-13 -7.411545582258761e-7
11610 27.479813257529905 0.002457990397034498 0.0007101421214918578 0.003636119988239317 5.947464742916964e-13 -7.863375989757004e-7
11620 27.504380948371956 0.0024588286525641352 0.0007100760052733067 0.004069186156596349 5.953570969552402e-13 -7.340493800879738e-7
11630 27.528943221900697 0.002453845212753963 0.000712169893629945 0.0038245436877147876 5.958011861650903e-13 -6.49798594656685e-7
11640 27.55346830260934 0.002456532698550073 0.0007151958144896759 0.0034346889299770034 5.962452753749403e-13 -6.520395038744214e-7
11650 27.578062538174883 0.0024560283956753686 0.0007144178991688937 0.003505945460841209 5.966893645847904e-13 -7.334826160713959e-7
11660 27.602656060411718 0.002459067364866789 0.0007126077917534355 0.0035813443046167626 5.975220318532593e-13 -7.862952248818833e-7
11670 27.627223607954782 0.0024597994398978897 0.0007123018292862918 0.004059084559617121 5.980216322143406e-13 -7.418509154954664e-7
11680 27.651786378098674 0.0024530297690878943 0.0007141968885247197 0.003875970193582323 5.982436768192656e-13 -6.548873693196233e-7
11690 27.676326977678823 0.002457277140705523 0.00071740354721714 0.00340902911894847 5.98965321785272e-13 -6.474317014643939e-7
11700 27.70093394240889 0.002458688296420378 0.0007168661191833964 0.003526109089709295 5.994649221463533e-13 -7.257466779844474e-7
11710 27.72553766455509 0.0024594832975279326 0.0007150791931670362 0.0035250006331914996 5.997979890537408e-13 -7.85456559977216e-7
11720 27.750104953986785 0.002460386426464475 0.0007145685136439062 0.004044058012595331 6.002420782635909e-13 -7.491292473879411e-7
11730 27.774670755417507 0.0024527844873325497 0.0007162191934873304 0.0039223248677197065 6.010747455320598e-13 -6.605005799646701e-7
11740 27.799230616552915 0.0024582396827746893 0.0007195996621508915 0.003379534393218475 6.01352301288216e-13 -6.436634425062348e-7
11750 27.823848004601132 0.0024613553513460427 0.0007193033637399583 0.003542853838034654 6.018519016492974e-13 -7.180407175770547e-7
11760 27.84845534627375 0.00245912762059739 0.0007175509220129542 0.0034673082225527008 6.022404797079162e-13 -7.838574263748965e-7
11770 27.87302238001297 0.002460549336652615 0.0007168780855167083 0.004024621499586933 6.029621246739225e-13 -7.558234180714935e-7
11780 27.89759285807828 0.0024531487711077237 0.0007182519864523734 0.003963560272885802 6.035727473374664e-13 -6.665533807919821e-7
11790 27.92217163664975 0.002459085255775909 0.0007217808149559541 0.003346246159736499 6.039058142448539e-13 -6.407435090967952e-7
11800 27.946794822347233 0.002463567412050812 0.0007217339965414236 0.0035561331073109548 6.044054146059352e-13 -7.1041086991399e-7
11810 27.971399249573498 0.002458145839778638 0.0007200160103853364 0.003408132378807549 6.048495038157853e-13 -7.815220723349418e-7
11820 27.995966897133524 0.002460378878506478 0.0007192245008600107 0.004001255341039012 6.055156376305604e-13 -7.619127306703807e-7
11830 28.020543129936588 0.002454072988745574 0.0007203001030067261 0.003999689655450167 6.061262602941042e-13 -6.729889228663452e-7
11840 28.045136896536278 0.0024595441289980307 0.000723942476185278 0.0033217720472641377 6.064593272014918e-13 -6.386676502393355e-7
11850 28.06976036624896 0.002465044309414611 0.0007241570405297612 0.0035657760529892446 6.070144387138043e-13 -7.028772466560672e-7
11860 28.094357289657545 0.0024568925967337284 0.0007224762436371425 0.0033470954421193078 6.076250613773482e-13 -7.784612276473288e-7
11870 28.118927937686454 0.0024600738693906802 0.0007216023403208453 0.0039743753326172415 6.081246617384295e-13 -7.673925123205553e-7
11880 28.143511139899744 0.0024554737304088112 0.0007223689211085125 0.004030716533734546 6.087352844019733e-13 -6.797646684559443e-7
11890 28.16811401780402 0.0024595367073747495 0.0007260764356963757 0.003398533893292477 6.091238624605921e-13 -6.374316215662274e-7
11900 28.192733218623925 0.002465747237142903 0.000726575921331855 0.0035715184818548296 6.095124405192109e-13 -6.954651531235716e-7
11910 28.21732139668235 0.0024558045342939787 0.0007249331548293232 0.003283813665870383 6.100675520315235e-13 -7.746851245869085e-7
11920 28.241898970487867 0.0024598724281351464 0.0007240051474813814 0.00394436285822608 6.105671523926048e-13 -7.722531223370676e-7
11930 28.266490967161726 0.002457263732723284 0.0007244724847888613 0.0040566144411310345 6.112887973586112e-13 -6.868303017572124e-7
11940 28.291097113405822 0.0024591891200551877 0.0007281832593786512 0.0034722834050538998 6.1167737541723e-13 -6.370307841509996e-7
11950 28.315709995110247 0.0024658370239084384 0.0007289896199564063 0.0035731052838081645 6.121769757783113e-13 -6.882283971640195e-7
11960 28.340291896270717 0.002455263939816254 0.0007273890486532824 0.0033187781556876517 6.127875984418552e-13 -7.702252461600292e-7
11970 28.364881047707453 0.002459965921371802 0.0007264214237844276 0.003911625650121264 6.132871988029365e-13 -7.764734510397331e-7
11980 28.38948408396543 0.0024593337498758187 0.0007266122149847156 0.004077370060912022 6.137867991640178e-13 -6.941099910864196e-7
11990 28.414089123880863 0.0024587463660138823 0.0007302664702875947 0.0035426568456111696 6.141753772226366e-13 -6.374482522837621e-7
12000 28.43869674189314 0.002465565340954989 0.0007313943182928691 0.003570406190447739 6.147859998861804e-13 -6.812532850827835e-7
12010 28.463277781463212 0.002455504073794222 0.000729844100500866 0.003360430935720443 6.152856002472618e-13 -7.651509684545449e-7
12020 28.487882445236238 0.0024604260670501666 0.000728846074513747 0.0038766309022141288 6.156186671546493e-13 -7.800292974118571e-7
12030 28.512498314668825 0.0024615064938792925 0.0007287880874984005 0.004093070238029961 6.161737786669619e-13 -7.015002732725477e-7
12040 28.537099761383033 0.0024584490645711437 0.0007323318622880116 0.003609064925446326 6.168954236329682e-13 -6.386421656200125e-7
12050 28.561705708532898 0.002465158573776255 0.0007337834230675477 0.003563487737394788 6.173950239940496e-13 -6.74643109902992e-7
12060 28.586292701068636 0.0024565646154553096 0.0007323014645613929 0.0033996241757958123 6.180611578088246e-13 -7.595686726032808e-7
12070 28.610914539341092 0.0024611806397077983 0.0007312764818736966 0.0038398557517314025 6.182276912625184e-13 -7.829072443416712e-7
12080 28.635543452419263 0.002463513198386389 0.0007310017434123917 0.004103984996179033 6.188383139260623e-13 -7.088862538163002e-7
12090 28.6601402768455 0.0024584386391927585 0.0007343868247035459 0.003670928078490676 6.194489365896061e-13 -6.405433041062336e-7
12100 28.6847492226998 0.0024647452343123043 0.0007361516298986424 0.0035526157527021596 6.201150704043812e-13 -6.684931051774597e-7
12110 28.709348583264095 0.0024582921428466077 0.0007347663710497863 0.0034358728863947696 6.20503648463e-13 -7.536014283401112e-7
12120 28.73398595409364 0.0024620570498262774 0.0007337083173822416 0.0038016486934107085 6.208922265216188e-13 -7.851123566099101e-7
12130 28.75862579730639 0.0024650315334518087 0.0007332486475456221 0.004110590468703101 6.217804049413189e-13 -7.161674725877703e-7
12140 28.783217763044423 0.002458723394731825 0.0007364397599655916 0.003727868065440343 6.22002449546244e-13 -6.430667461337534e-7
12150 28.80783375703698 0.002464353444533188 0.0007384974789509859 0.0035381982097348885 6.225020499073253e-13 -6.628698164560661e-7
12160 28.83244996057476 0.002460387252696302 0.0007372408963263111 0.0034688040913347096 6.230571614196379e-13 -7.473603259530703e-7
12170 28.857097914063846 0.0024628702288842486 0.0007361396826455454 0.0037620672714324677 6.236122729319504e-13 -7.866638253489119e-7
12180 28.88174444056903 0.0024657854469813463 0.0007355103512278538 0.004113500537878845 6.238898286881067e-13 -7.232777215112821e-7
12190 28.906331824062715 0.0024592091634840314 0.0007385016960776532 0.0037797981603678865 6.246669848053443e-13 -6.461312577528889e-7
12200 28.930957090024357 0.0024639733160544248 0.0007408172931187834 0.0035206991330090642 6.250000517127319e-13 -6.578051448850012e-7
12210 28.955591759462973 0.00246248633007869 0.0007397257081693179 0.003498182186885912 6.254996520738132e-13 -7.409243115727898e-7
12220 28.98024320705816 0.002463508253968116 0.0007385685483194477 0.003720801142653718 6.264988527959758e-13 -7.875818050594243e-7
12230 29.004891263059967 0.0024656610483078383 0.0007377973337857964 0.0041133266722841455 6.266098750984384e-13 -7.301862292847055e-7
12240 29.029475201336098 0.0024597799985875126 0.0007405797602621337 0.0038269036606050078 6.271649866107509e-13 -6.496749364012266e-7
12250 29.054109873581552 0.0024636324429711813 0.0007431088949455204 0.0035005576024752516 6.277756092742948e-13 -6.533063659597689e-7
12260 29.078761686646086 0.0024642619372750147 0.0007422137955176504 0.003523885719600439 6.282752096353761e-13 -7.343397581483015e-7
12270 29.1034093974452 0.0024639677473644412 0.000741002536340328 0.003677261221810557 6.287192988452261e-13 -7.878747199207337e-7
12280 29.12805476327848 0.0024647864177021763 0.0007401019203799792 0.004110532902960373 6.293854326600012e-13 -7.368792596650855e-7
12290 29.15263794969466 0.002460382627827644 0.0007426789436479909 0.0038695414327083455 6.297184995673888e-13 -6.536582660009836e-7
12300 29.177280694534666 0.002463436208984539 0.0007453675198891376 0.0034781400128846562 6.303846333821639e-13 -6.493742209607346e-7
12310 29.201946064514345 0.0024654947547951434 0.0007447039708443539 0.0035458726102239324 6.308287225920139e-13 -7.276383568645897e-7
12320 29.226584769620022 0.0024643396784190625 0.000743447339647406 0.0036308211035186444 6.313838341043265e-13 -7.875360272907822e-7
12330 29.251225823253314 0.0024635216770262846 0.0007424175838006227 0.00410536252006255 6.317724121629453e-13 -7.433338559371342e-7
12340 29.275812939638428 0.002461060571701045 0.0007447938642461562 0.003908113649283895 6.322720125240266e-13 -6.580537097352875e-7
12350 29.300461958724934 0.002463535517334453 0.0007475980941697003 0.0034537404129620364 6.32771612885108e-13 -6.460170358744272e-7
12360 29.325136207575824 0.0024661037075506603 0.0007471898185731609 0.0035641601796459477 6.333267243974205e-13 -7.208611360652942e-7
12370 29.3497640511288 0.0024647639629437564 0.0007459083403890686 0.003581100366135459 6.339373470609644e-13 -7.865534610790662e-7
12380 29.37440249195623 0.0024623552196638104 0.00074474010544182 0.004097868811701932 6.344369474220457e-13 -7.495001844940591e-7
12390 29.39899980427739 0.002461899777341073 0.0007469259560231729 0.003942980437104171 6.347700143294333e-13 -6.628291892903787e-7
12400 29.423653602836495 0.0024640507467862676 0.0007498078425895001 0.003427616666733635 6.353806369929771e-13 -6.432522445046218e-7
12410 29.448332167194366 0.0024661373322531067 0.0007496634264813059 0.003578835420180504 6.358802373540584e-13 -7.140737217498083e-7
12420 29.472951067424834 0.0024653737971624713 0.0007483877223585682 0.0035281526778216943 6.363798377151397e-13 -7.849262297398088e-7
12430 29.49759135396526 0.0024617431426872823 0.0007470678359805322 0.0040880109078513804 6.368239269249898e-13 -7.553028609760598e-7
12440 29.522205295255436 0.002462918247743612 0.0007490816745587479 0.003974451986636152 6.374345495885336e-13 -6.679363739959046e-7
12450 29.546862849844494 0.0024649993456686012 0.0007520042763869675 0.003400017456518578 6.378231276471524e-13 -6.410956462348655e-7
12460 29.57154208934565 0.0024657449864897386 0.0007521175680182033 0.0035900961135051923 6.384892614619275e-13 -7.073638981225372e-7
12470 29.596157036978763 0.002466241287385838 0.0007508800464306147 0.003472478414432434 6.389888618230088e-13 -7.826803517935188e-7
12480 29.620804769344414 0.002461956912212006 0.0007494014534918128 0.004075734131587239 6.392664175791651e-13 -7.606594535098515e-7
12490 29.64543986917963 0.002463978650103161 0.0007512587651147868 0.004002844045549292 6.398215290914777e-13 -6.733116598746369e-7
12500 29.67010024546442 0.002466265283414468 0.000754196201584189 0.003371148499930088 6.402656183013278e-13 -6.395474396853583e-7
12510 29.694777693836446 0.002465146450125553 0.0007545409866079101 0.003598296504902343 6.408207298136404e-13 -7.00822961447866e-7
12520 29.719395336522997 0.002467332545503575 0.0007533922076816053 0.003414872662574009 6.412648190234904e-13 -7.798725147022123e-7
12530 29.744055261726835 0.0024629995937237924 0.0007517435672109873 0.004060978105408064 6.418754416870343e-13 -7.655044884879417e-7
12540 29.76871220826736 0.0024647962095996 0.0007534528639347347 0.004028529078062615 6.423750420481156e-13 -6.788896319700024e-7
12550 29.793374031339106 0.002467631736360099 0.0007563881116936571 0.003427072424948996 6.427081089555031e-13 -6.385862144104589e-7
12560 29.81804826879897 0.0024645986883600614 0.0007569370995585392 0.003603949389498151 6.434852650727407e-13 -6.945214654040204e-7
12570 29.84267522716939 0.0024684883094375364 0.0007559207065309866 0.003356188724991882 6.438183319801283e-13 -7.76579078539959e-7
12580 29.867349659439274 0.002464615210862371 0.0007540986600603169 0.004043625644453042 6.444289546436721e-13 -7.69805653832023e-7
12590 29.892024417661357 0.002465067839112476 0.0007556623168192805 0.004051913013616293 6.45039577307216e-13 -6.84620311818196e-7
12600 29.91668570071595 0.002468863593393304 0.0007585902342060908 0.0034892628702752893 6.453726442146035e-13 -6.381758610904599e-7
12610 29.941356199547126 0.0024643480373791574 0.0007593069613696957 0.0036076478004057333 6.458167334244536e-13 -6.884928728412066e-7
12620 29.965997523331524 0.002469446818081897 0.0007584597715500786 0.0033114363094670918 6.463718449367661e-13 -7.728759905018045e-7
12630 29.990685775384 0.0024663967596651876 0.0007564709988995254 0.004023463674238892 6.468714452978475e-13 -7.735650381604277e-7
12640 30.015370380710834 0.0024646599887316943 0.000757880485239877 0.004073323733652656 6.474820679613913e-13 -6.904781611480891e-7
12650 30.040029017332994 0.002469798923412979 0.0007608074344780067 0.0035471380363845118 6.478706460200101e-13 -6.382805513180434e-7
12660 30.06469619799477 0.0024645638504848712 0.000761654543915685 0.0036099176645564834 6.482037129273976e-13 -6.82734276895932e-7
12670 30.08935432346773 0.002469926822947095 0.0007610018375991115 0.0033440700973774995 6.489808690446353e-13 -7.688214602202853e-7
12680 30.114053317338975 0.0024679605803800994 0.0007588626842951136 0.004000224365191096 6.494804694057166e-13 -7.768069792122471e-7
12690 30.13873825493841 0.0024637355036768206 0.0007600974211774529 0.004092872474794396 6.499245586155666e-13 -6.964553398098481e-7
12700 30.163393052979217 0.002470395600374476 0.0007630385706167061 0.003601656195595493 6.507017147328042e-13 -6.388771661503563e-7
12710 30.18805852199996 0.0024652796048240974 0.0007639865107267409 0.003611066691758591 6.509237593377293e-13 -6.772240749854448e-7
12720 30.212733011631574 0.0024697633634031247 0.0007635342915937189 0.003373916398617366 6.516454043037356e-13 -7.644518169520377e-7
12730 30.23743871341221 0.0024691041291289486 0.0007612842960118309 0.003973712242172578 6.520894935135857e-13 -7.795603616085015e-7
12740 30.26211597204915 0.0024627243363314457 0.0007623114970881081 0.004110381494214388 6.527001161771295e-13 -7.025416548398986e-7
12750 30.28676770674504 0.0024707091088115906 0.0007652787367326965 0.0036537424249242223 6.530331830845171e-13 -6.39956717897374e-7
12760 30.311434437275995 0.0024663959568073726 0.000766306568801093 0.003611109696540493 6.536993168992922e-13 -6.719470857672813e-7
12770 30.3361225156271 0.0024690146595125837 0.0007660528705230078 0.003401608265438727 6.541434061091422e-13 -7.597924860658356e-7
12780 30.360831494697667 0.002469855373027139 0.0007637374505276015 0.003943956313709807 6.545874953189923e-13 -7.818448230128075e-7
12790 30.385497011877263 0.0024621486717052066 0.0007645256679390171 0.004125430843998412 6.551981179825361e-13 -7.087023387083308e-7
12800 30.410148876416645 0.002470843710685678 0.0007675192266675791 0.0037040223226894042 6.556422071923862e-13 -6.415142532641138e-7
12810 30.434821053217703 0.0024677386396978478 0.0007686239161899099 0.003609806389667347 6.5625282985593e-13 -6.669135447223695e-7
12820 30.459518615026763 0.002467962888007952 0.0007685522984395315 0.0034277105817990816 6.567524302170114e-13 -7.548761550794231e-7
12830 30.484229026753688 0.002470386119423502 0.0007662197330538786 0.003911309921186934 6.573075417293239e-13 -7.836672607751394e-7
12840 30.50888359949727 0.0024624112718217286 0.0007667462445224366 0.004137501141204036 6.579181643928678e-13 -7.148665731940285e-7
12850 30.53354066508479 0.002470902743217917 0.000769751623950633 0.0037527147912181924 6.582512313002553e-13 -6.435343186568521e-7
12860 30.558223023099327 0.0024691260664216957 0.0007709469093329906 0.003606776939093559 6.587508316613366e-13 -6.621622680325762e-7
12870 30.582925616655988 0.002466999335286514 0.0007710303592475077 0.003452616932756586 6.594169654761117e-13 -7.497552017947384e-7
12880 30.607637305015324 0.0024708631332457463 0.0007687248920841221 0.003876451171402784 6.598610546859618e-13 -7.850288518840981e-7
12890 30.63228582377803 0.0024636490681226456 0.0007689631949149752 0.004146143134263092 6.603051438958119e-13 -7.209341632780433e-7
12900 30.6569535555261 0.002470960748901621 0.0007719745989607143 0.0037996950917780214 6.608602554081244e-13 -6.459814567063432e-7
12910 30.681650222384505 0.002470390513995902 0.0007732794266072086 0.0036016229493219254 6.61415366920437e-13 -6.577478207721484e-7
12920 30.706353701476708 0.002466469243162382 0.0007734884388044367 0.003476545303691958 6.618594561302871e-13 -7.444990883841238e-7
12930 30.731067588223898 0.002471347804227334 0.0007712413029923589 0.0038402723223874835 6.624145676425996e-13 -7.859364816442931e-7
12940 30.75571715163045 0.002465697105751495 0.0007712054198854688 0.004151113039044252 6.63136212608606e-13 -7.267984037991212e-7
12950 30.780399477423185 0.002471053059143267 0.0007741859326567001 0.0038446458472449763 6.634692795159935e-13 -6.488016064309845e-7
12960 30.805112580785824 0.002471354021591631 0.0007756222900699934 0.0035940046345147025 6.639688798770749e-13 -6.537207074947638e-7
12970 30.82981346400381 0.002466560485911647 0.0007759295132360753 0.00349957874607143 6.643574579356937e-13 -7.391774542895483e-7
12980 30.854530678709924 0.0024717987302162415 0.00077376027944687 0.003803674047586525 6.64857058296775e-13 -7.864098252468391e-7
12990 30.879188431148542 0.0024681561140910122 0.0007734806431488114 0.004152447218834676 6.653566586578563e-13 -7.323748417418106e-7
13000 30.903886134603937 0.002471174405707444 0.0007763861119558428 0.003887195931135401 6.660227924726314e-13 -6.519335636907158e-7
13010 30.928614682048295 0.002471815220425749 0.0007779727254723771 0.003583678419849523 6.667444374386378e-13 -6.501123791286796e-7
13020 30.953310467223854 0.0024672749989859822 0.0007783601598639521 0.00352168229947053 6.671330154972566e-13 -7.338394714056329e-7
13030 30.978031703985945 0.002472163331312836 0.0007762737071222217 0.0037673153315798125 6.676326158583379e-13 -7.86478529745958e-7
13040 31.002703106158933 0.0024705224318453643 0.0007757928070282777 0.004150473730408888 6.681322162194192e-13 -7.376224223324434e-7
13050 31.027413273267257 0.0024712797409600167 0.000778578559888178 0.003926999317228064 6.68742838882963e-13 -6.55323942437124e-7
13060 31.052152906673655 0.0024716027525637572 0.0007803197245102463 0.0035705289801776785 6.690759057903506e-13 -6.469321659860116e-7
13070 31.07684251558829 0.002468482899373332 0.0007807930125022884 0.0035426780762778942 6.695755061514319e-13 -7.28502947668958e-7
13080 31.101567913771174 0.0024724791053970796 0.0007787751260688071 0.0037314101432311952 6.70241639966207e-13 -7.861711077968075e-7
13090 31.126255814034973 0.0024723191334237583 0.0007781408722709659 0.004145761533555614 6.705191957223633e-13 -7.425470849440394e-7
13100 31.150972685574803 0.002471300797944018 0.0007807636866223141 0.0039637680228535865 6.711298183859071e-13 -6.589374903659657e-7
13110 31.17571670694942 0.0024706961805433486 0.0007826589859045565 0.003554612408272817 6.715739075957572e-13 -6.441751463353683e-7
13120 31.200400994166753 0.0024700210957807668 0.0007832356540172504 0.003562221727051784 6.721290191080698e-13 -7.231608548222257e-7
13130 31.22513051059756 0.002472891964019793 0.0007812624985796951 0.0036956737100840575 6.726841306203823e-13 -7.855033611393913e-7
13140 31.24983503097794 0.002473203822548621 0.0007805188356874994 0.0041390108066517994 6.730727086790012e-13 -7.47186421814019e-7
13150 31.274552023191966 0.002471191505345745 0.0007829502186312014 0.003997293090333809 6.73683331342545e-13 -6.627572400419533e-7
13160 31.29929352619235 0.002469338084584563 0.0007849815691443314 0.0035361915660285237 6.741829317036263e-13 -6.418338957380615e-7
13170 31.323975568752434 0.0024717646981447738 0.0007856920492575651 0.0035798363701963765 6.747380432159389e-13 -7.178022207493702e-7
13180 31.348709496863698 0.0024735666373734764 0.0007837385424555698 0.0036594660951733138 6.75182132425789e-13 -7.844747796741103e-7
13190 31.37342852380532 0.0024730403046010993 0.0007829171765147358 0.004130910100867524 6.757372439381015e-13 -7.515833861434368e-7
13200 31.398140629861537 0.0024709987520252475 0.0007851509590118734 0.0040274685293190116 6.761813331479516e-13 -6.667744230932221e-7
13210 31.42287491767359 0.0024680275477267947 0.0007872811663601045 0.0035157361646044882 6.767364446602642e-13 -6.399059582287703e-7
13220 31.44755975620627 0.0024736121608416495 0.000788161301219123 0.003595017149963964 6.77347067323808e-13 -7.12435562690017e-7
13230 31.472298967434423 0.002474560559630418 0.0007862054631169772 0.003622073816212601 6.779576899873518e-13 -7.830760165262671e-7
13240 31.497028943716007 0.0024719396072470892 0.0007853246649851646 0.00412201142842572 6.784017791972019e-13 -7.557624448859424e-7
13250 31.52173454573121 0.0024708991111866627 0.0007873732621465607 0.004054316411633896 6.787903572558207e-13 -6.709737617608194e-7
13260 31.5464607448837 0.002467359665635669 0.000789556222838509 0.003493880909248903 6.793454687681333e-13 -6.383923664525504e-7
13270 31.57115441600573 0.002475414075650161 0.0007906369762583347 0.0036073703489112874 6.797340468267521e-13 -7.07101764028592e-7
13280 31.595900118046504 0.0024757606299037594 0.000788672298232153 0.0035829896692805008 6.802891583390647e-13 -7.813031043489571e-7
13290 31.620636859725742 0.0024702497234309582 0.0007877321213001391 0.004112663615796208 6.806777363976835e-13 -7.597192582028262e-7
13300 31.645338202692425 0.0024711370029481404 0.0007896217707132211 0.004078015953274061 6.811773367587648e-13 -6.753230706365437e-7
13310 31.670059367641393 0.0024677908545425236 0.0007918104584700477 0.0034713454233695207 6.817879594223086e-13 -6.372886328064042e-7
13320 31.69476732184054 0.0024769237385104115 0.0007931075384194228 0.0036167401441267732 6.821765374809274e-13 -7.018692689234225e-7
13330 31.71952047585128 0.0024769283373581004 0.0007911488369192624 0.0035420624842890103 6.831202270518588e-13 -7.791697317265176e-7
13340 31.744259832205863 0.0024684701208634967 0.0007901336063787012 0.004102996030273309 6.834532939592464e-13 -7.634265779132171e-7
13350 31.768962037440122 0.0024718793287842 0.0007918973924498839 0.00409893705390274 6.841749389252527e-13 -6.797744371104804e-7
13360 31.79368379530754 0.002469446511250149 0.0007940490102638254 0.0034488077493379787 6.845080058326403e-13 -6.365749746923139e-7
13370 31.81840908877676 0.0024778444030676564 0.0007955680832180382 0.003623291574293419 6.850631173449528e-13 -6.968138407872977e-7
13380 31.843169845109443 0.002477811296552204 0.0007936410879400701 0.0034994821440728074 6.855072065548029e-13 -7.767103929677658e-7
13390 31.867908206206298 0.002467112679407897 0.000792527294949543 0.004092913496890116 6.85951295764653e-13 -7.668496742992841e-7
13400 31.892617311050007 0.0024730836741558844 0.0007941981150582936 0.004117651291918212 6.868394741843531e-13 -6.842774168541649e-7
13410 31.917345703130618 0.0024720515854602604 0.0007962851748850651 0.0034543491557452732 6.872835633942032e-13 -6.362137011410517e-7
13420 31.94208760850663 0.002477968196501031 0.0007980104487110771 0.0036275263171329786 6.877831637552845e-13 -6.919927737157263e-7
13430 31.966855083685314 0.0024782426484972874 0.000796152134331387 0.0034556590844816437 6.881717418139033e-13 -7.73973071480442e-7
13440 31.991589869431763 0.002466561475728868 0.0007949157880463996 0.0040820879022103185 6.887823644774471e-13 -7.699611184135895e-7
13450 32.01631071240543 0.0024744774472326915 0.0007965213235523309 0.004134870432710547 6.892264536872972e-13 -6.887966985861818e-7
13460 32.04105012348902 0.0024750174311274627 0.0007985320356420366 0.003505574158849778 6.89615031745916e-13 -6.361572640039601e-7
13470 32.06580386328903 0.0024773171245511096 0.0008004292353492113 0.0036302055923113086 6.901146321069973e-13 -6.874260479955336e-7
13480 32.090576358659284 0.0024781727432386827 0.0007986811698075697 0.0034110874628164867 6.906697436193099e-13 -7.710064168059799e-7
13490 32.11530657739529 0.002466978623170963 0.0007973034228068961 0.0040699841744104015 6.912248551316225e-13 -7.727479400974004e-7
13500 32.140041336502144 0.0024756878056105833 0.0007988508806621032 0.004151285485009426 6.918909889463976e-13 -6.933227904492744e-7
13510 32.16479328218252 0.002477659968285913 0.0008007986388459974 0.0035524770577582965 6.922795670050164e-13 -6.363633336170248e-7
13520 32.18955124525135 0.0024761694942658464 0.0008028234276643126 0.003632171849898558 6.928346785173289e-13 -6.830937213112023e-7
13530 32.21432679393749 0.00247764580673122 0.0008012230633789447 0.0033937169508280463 6.933342788784103e-13 -7.678491191297871e-7
13540 32.239053565762234 0.0024682915848427854 0.0007997003315691082 0.004055973156405934 6.937783680882603e-13 -7.75210413958994e-7
13550 32.263801451834965 0.0024764590105091173 0.0008011766282202814 0.004167348992895392 6.943334796005729e-13 -6.978678405021761e-7
13560 32.28856458088753 0.002479446015435321 0.0008030888218251658 0.003595971157999256 6.948885911128855e-13 -6.368081785987356e-7
13570 32.31331869361323 0.0024749375238282117 0.0008051970950810435 0.003634113285192364 6.954992137764293e-13 -6.789509531496089e-7
13580 32.338095753757436 0.002476784317699472 0.0008037673039846941 0.0034189006893810825 6.959988141375106e-13 -7.645272209087436e-7
13590 32.362822521254 0.0024702699917710344 0.0008021174789470198 0.004039532758342124 6.96498414498592e-13 -7.773562037934403e-7
13600 32.38758061342244 0.002476806621286274 0.000803491643535248 0.004183106092592759 6.970535260109045e-13 -7.024477288730679e-7
13610 32.41235171992814 0.0024801287205619303 0.0008054001267143622 0.003637273092149451 6.976086375232171e-13 -6.374903679037813e-7
13620 32.43709607682184 0.0024739934719043267 0.0008075578159775961 0.0036363668758444545 6.981082378842984e-13 -6.749533466611501e-7
13630 32.46187419959389 0.0024758136135654453 0.000806304528142741 0.0034419512276071818 6.985523270941485e-13 -7.610602707668404e-7
13640 32.48660632979062 0.0024726352253645373 0.0008045616267506147 0.004020464945843294 6.989964163039986e-13 -7.791947283773172e-7
13650 32.5113709710423 0.002476982330794941 0.0008057945886655711 0.004198171865045008 6.995515278163111e-13 -7.070603295191227e-7
13660 32.53614638090827 0.0024797412892521814 0.0008077248185333996 0.0036775032177895906 6.999956170261612e-13 -6.384227576403806e-7
13670 32.56087917002585 0.002473572961862354 0.0008099149399692647 0.0036388481668542805 7.005507285384738e-13 -6.710800208378775e-7
13680 32.585659419975116 0.00247507565257421 0.0008088250783202398 0.0034635604538174047 7.012723735044801e-13 -7.574718931743774e-7
13690 32.61040304819935 0.0024751100601906693 0.0008070347820333042 0.003999028424800377 7.016054404118677e-13 -7.807353709348569e-7
13700 32.63517102268387 0.002477282450295693 0.0008080901479927205 0.004211870013314467 7.022160630754115e-13 -7.11672261686884e-7
13710 32.659947693403566 0.0024785182033865427 0.0008100508937649095 0.003717371797395619 7.028821968901866e-13 -6.396177107369228e-7
13720 32.68467182513219 0.0024737844610586064 0.0008122799228213806 0.003641122255662377 7.032152637975742e-13 -6.673434041863657e-7
13730 32.70945666799421 0.0024749543896172275 0.0008113227361615904 0.0034843903531450726 7.03603841856193e-13 -7.537970451684025e-7
13740 32.73421693155438 0.002477383263819716 0.0008095334357658499 0.003975926505184413 7.042144645197368e-13 -7.819902836244622e-7
13750 32.758985950160536 0.002477854904869745 0.0008103875902416696 0.0042234629635888865 7.045475314271243e-13 -7.162217039442093e-7
13760 32.78376195386718 0.002476833756101504 0.0008123690574938174 0.0037570630269229133 7.054912209980557e-13 -6.410738464770793e-7
13770 32.80848426249552 0.002474640175587867 0.0008146602453281558 0.0036425565783756997 7.05546732149287e-13 -6.637823458670417e-7
13780 32.83327678127958 0.002475717839447408 0.0008137963500725796 0.0035049609907746027 7.064349105689871e-13 -7.500794328012243e-7
13790 32.858055917628874 0.0024790772516205327 0.0008120492395879402 0.003952149504382163 7.067679774763747e-13 -7.829790408630721e-7
13800 32.88282452520302 0.0024786389601999556 0.0008126872012771545 0.004232382612563423 7.07267577837456e-13 -7.206363115699039e-7
13810 32.907599017352766 0.002475157672553905 0.0008146733719854452 0.003796303047948535 7.079892228034623e-13 -6.427706578957063e-7
13820 32.93232827304322 0.0024760300151239873 0.0008170590437178936 0.003642486321372429 7.083222897108499e-13 -6.604442815252088e-7
13830 32.957130929065315 0.002477361630154753 0.000816250469273014 0.0035255929210459835 7.08988423525625e-13 -7.463587508816411e-7
13840 32.98192695763024 0.0024798284686499326 0.0008145704780147244 0.003928710874019137 7.09432512735475e-13 -7.837300862308267e-7
13850 33.00669434105652 0.002479453636183992 0.0008150101970842993 0.004238403611753316 7.100431353990189e-13 -7.248577526659553e-7
13860 33.03146734421685 0.0024739769107764023 0.0008169613965942383 0.003834519849556517 7.103762023064064e-13 -6.446722314002036e-7
13870 33.05621159644074 0.0024776592645940347 0.0008194739988513529 0.0036403659657315846 7.109868249699502e-13 -6.573668117754004e-7
13880 33.08102507218022 0.0024795562706244737 0.0008186947761929035 0.0035463581222094642 7.114864253310316e-13 -7.426551139197552e-7
13890 33.10583179488151 0.0024794877647047386 0.000817084458035887 0.003906343230977938 7.120415368433441e-13 -7.842754144252804e-7
13900 33.130597881083325 0.0024801400977023935 0.0008173638648386817 0.004241731477245492 7.123746037507317e-13 -7.288612371487502e-7
13910 33.15537016380872 0.002473660449281477 0.0008192358327691193 0.00387101576813742 7.129852264142755e-13 -6.467366627744171e-7
13920 33.18013418929077 0.0024790562056066757 0.0008218973167852953 0.0036359098311444793 7.135958490778194e-13 -6.545671504297939e-7
13930 33.20495691370824 0.00248176415130587 0.0008211411110739883 0.0035670312595164344 7.140954494389007e-13 -7.389615386201883e-7
13940 33.22976557440746 0.002478297713019534 0.0008195839575117472 0.003885253948242684 7.144285163462882e-13 -7.846399140349941e-7
13950 33.25453137921565 0.002480633738833601 0.0008197487165572912 0.00424298241036325 7.149281167073696e-13 -7.326607897358418e-7
13960 33.27930448335404 0.0024743135489792407 0.0008215042982622609 0.003905127761716809 7.154832282196821e-13 -6.489259286321727e-7
13970 33.30408825702312 0.0024797426300881167 0.0008243174786428013 0.0036292026404654565 7.159828285807635e-13 -6.520420659851013e-7
13980 33.32891693148425 0.0024834922716094987 0.0008236005963030242 0.0035870943558251045 7.16537940093076e-13 -7.352513101900778e-7
13990 33.353719073903754 0.002476862817943604 0.0008220658497934342 0.0038650526579928624 7.170375404541574e-13 -7.848316524077317e-7
14000 33.37848692481036 0.0024809309104720204 0.0008221585242186077 0.004243040990378533 7.175371408152387e-13 -7.362978184360242e-7
14010 33.40326322343295 0.0024757262451126374 0.0008237776929137092 0.003936373323969455 7.1803674117632e-13 -6.512119080457485e-7
14020 33.42806211590605 0.0024795129697988477 0.0008267216664692834 0.0036207252414274804 7.184808303861701e-13 -6.49775557118662e-7
14030 33.45289301989872 0.0024845117638113362 0.0008260807076705464 0.0036058496287642017 7.189804307472514e-13 -7.314976308882282e-7
14040 33.47768335860086 0.0024758868451368187 0.0008245336678398021 0.0038449075924475995 7.194800311083327e-13 -7.848398403910092e-7
14050 33.50245666677833 0.0024810360086543696 0.0008245819791747434 0.004242826328784699 7.200906537718765e-13 -7.39818525947089e-7
14060 33.52723929184099 0.0024774855369866905 0.000826067309754749 0.003964561031282621 7.203682095280328e-13 -6.535766416560645e-7
14070 33.552045949757385 0.0024786035098778403 0.0008291017019126868 0.00361125624799713 7.210898544940392e-13 -6.477487428848544e-7
14080 33.576876341290195 0.0024848765731716243 0.0008285802283945269 0.0036226245794734324 7.215894548551205e-13 -7.276949794150084e-7
14090 33.601654443066934 0.002475859164729303 0.0008269963592391855 0.003823872637148562 7.219780329137393e-13 -7.846426509795085e-7
14100 33.62643701660416 0.0024809846795078184 0.000827006065173425 0.004243050171895191 7.226996778797456e-13 -7.432510097556133e-7
14110 33.65122948917423 0.0024791765944128107 0.0008283782377835118 0.0039898352676330795 7.231437670895957e-13 -6.56007954076554e-7
14120 33.676036456291484 0.002477581738238268 0.0008314572095246279 0.0036016773171489436 7.236988786019083e-13 -6.4594629234924e-7
14130 33.70086537218203 0.0024847731845327164 0.0008310909457753912 0.0036369877942596385 7.239209232068333e-13 -7.238705711763455e-7
14140 33.72563564073009 0.0024768954917853154 0.00082946534297876 0.003801236459512136 7.246980793240709e-13 -7.842211719959582e-7
14150 33.75043075291928 0.002480908366177482 0.0008294198296518078 0.004244052871494097 7.250311462314585e-13 -7.465927162986588e-7
14160 33.77523616677771 0.002480504701082295 0.0008307142186410288 0.004012652902857239 7.257527911974648e-13 -6.584945036585137e-7
14170 33.800038033492704 0.0024770354301910237 0.0008337940487606537 0.003592754049553948 7.259193246511586e-13 -6.443563814205792e-7
14180 33.82486623234949 0.0024843891345193276 0.0008336003719775912 0.0036488982898208455 7.265854584659337e-13 -7.200800855220219e-7
14190 33.84963645581969 0.0024787812256762934 0.0008319511106416254 0.003776752672482675 7.271405699782463e-13 -7.835725386933843e-7
14200 33.87444588638513 0.0024810208520586333 0.0008318176208287817 0.004245747682258383 7.275291480368651e-13 -7.498131117551396e-7
14210 33.89926567141483 0.002481266163144234 0.0008330754365043639 0.004033715386112524 7.283063041541027e-13 -6.610249988702943e-7
14220 33.92406007732337 0.0024772955337697125 0.0008361236793657269 0.0035849456029458104 7.286393710614902e-13 -6.429658983022266e-7
14230 33.94888935472038 0.002483913554429974 0.0008360955478303077 0.003658756473879976 7.291944825738028e-13 -7.163893816722578e-7
14240 33.97366842580044 0.002481105058720182 0.0008344603278176477 0.0037506936884760256 7.296940829348841e-13 -7.827161023451839e-7
14250 33.99849169064604 0.0024814887527657217 0.0008342000311416456 0.004247653507027049 7.302491944471967e-13 -7.528685752963916e-7
14260 34.023324390338644 0.0024812840370965227 0.0008354536983871137 0.004053861087352284 7.306377725058155e-13 -6.635928965785672e-7
14270 34.04811198296191 0.0024783572970437837 0.0008384599590388841 0.0035782655881894665 7.311928840181281e-13 -6.417563999400688e-7
14280 34.072944333878965 0.002483603887322107 0.0008385668487485553 0.0036673458413172266 7.316369732279782e-13 -7.128500819380799e-7
14290 34.097739727937295 0.0024833561793883878 0.0008369923633225605 0.0037237513415135925 7.321920847402907e-13 -7.816900409785012e-7
14300 34.122573814660754 0.002482279506288904 0.0008365741616268891 0.004249001932106866 7.327471962526033e-13 -7.557212308017281e-7
14310 34.1474146585438 0.002480466022234958 0.0008378369518678128 0.0040738930831273334 7.331912854624534e-13 -6.662022545884774e-7
14320 34.17219848234374 0.0024799937531693106 0.0008408151241940297 0.003572229865274612 7.338019081259972e-13 -6.407058375964251e-7
14330 34.19703550216075 0.0024837687702116626 0.0008410110313856623 0.0036756524045623573 7.342459973358473e-13 -7.094796738300305e-7
14340 34.221851040440235 0.002484974674227773 0.0008395419670111207 0.003696833558085477 7.348011088481599e-13 -7.805401373517861e-7
14350 34.24669101277522 0.0024831352994122 0.0008389521219037712 0.0042489329276877985 7.353562203604724e-13 -7.58353223049668e-7
14360 34.27153295927505 0.002478980880969151 0.0008402127312896125 0.004094344522529214 7.35911331872785e-13 -6.68867760109321e-7
14370 34.29631762435979 0.0024819188945104753 0.0008431958436354948 0.0035659539964011944 7.362999099314038e-13 -6.397961191371721e-7
14380 34.321160261410945 0.0024846062027698347 0.000843432063927884 0.003684575117405664 7.367995102924851e-13 -7.06255551529214e-7
14390 34.34599478880064 0.0024854658425545666 0.0008420994595088919 0.0036708050865422726 7.372991106535665e-13 -7.793057624563837e-7
14400 34.37083536525634 0.002483742922118327 0.000841347156278265 0.004246771687515083 7.379097333171103e-13 -7.60771291068163e-7
14410 34.39567153238832 0.002477356559696866 0.0008425723940680299 0.004115264463286694 7.385203559806541e-13 -6.716056533302706e-7
14420 34.420462227962446 0.0024838514720281393 0.0008456007111767999 0.0035584284597467986 7.390199563417355e-13 -6.390213033377612e-7
14430 34.445310790988906 0.002486017709019833 0.0008458404516661282 0.003694611776654144 7.39575067854048e-13 -7.03126602550827e-7
14440 34.47015845172072 0.0024846441592953463 0.0008446512869521308 0.0036462399497696474 7.400191570638981e-13 -7.780095513309701e-7
14450 34.4949960689806 0.0024839766563004425 0.0008437690385206053 0.004242300249649333 7.405187574249794e-13 -7.630009747844682e-7
14460 34.51982249202996 0.0024763225436940295 0.0008449144600922037 0.004136150572861319 7.411293800885232e-13 -6.744194519583968e-7
14470 34.544623841786446 0.002485488041467632 0.0008480204393238887 0.0035488946560899848 7.415179581471421e-13 -6.383901013720661e-7
14480 34.569478177447024 0.002487605423844017 0.00084825184605002 0.0037056605821805255 7.421285808106859e-13 -7.000377142789282e-7
14490 34.59433048335803 0.0024828454119209444 0.0008471860625962389 0.003623279496431042 7.42572670020536e-13 -7.766557751903019e-7
14500 34.61916482489782 0.0024839740122631648 0.0008462203815453024 0.004235891072027043 7.432943149865423e-13 -7.650743293029227e-7
14510 34.64398216349544 0.002476466105731751 0.0008472454448041458 0.004156093313061104 7.436273818939299e-13 -6.772886559387042e-7
14520 34.66879712054863 0.0024865384838511635 0.0008504387736633089 0.0035371606967743996 7.4451556031363e-13 -6.379201978722743e-7
14530 34.69365694697092 0.002488904219867032 0.0008506789249206097 0.003717043599094527 7.444600491623987e-13 -6.969559651326916e-7
14540 34.71850582597044 0.002480848791621052 0.0008496984135754167 0.003601655685019578 7.455702721870239e-13 -7.752377202906689e-7
14550 34.7433399455035 0.0024839716201589717 0.0008486955407849034 0.004228428816469676 7.456812944894864e-13 -7.670178539639005e-7
14560 34.768153374183186 0.0024779508574062177 0.0008495778250725374 0.0041740805780163814 7.464029394554927e-13 -6.801671591830343e-7
14570 34.79298251071746 0.0024868886679645656 0.0008528438741410059 0.0035237170492997127 7.468470286653428e-13 -6.376269831321615e-7
14580 34.81784774992229 0.0024896349507628774 0.0008531286085106611 0.003727745595227372 7.472356067239616e-13 -6.938861174466834e-7
14590 34.84268813864379 0.0024795006736180415 0.000852190550515305 0.003580840462899526 7.477907182362742e-13 -7.737488358863134e-7
14600 34.8675271168947 0.0024841005833226583 0.0008511823976844281 0.004221056278641222 7.480682739924305e-13 -7.688464599098303e-7
14610 34.89234457508519 0.002480476584483692 0.0008519285014165454 0.004189346574660857 7.489009412608993e-13 -6.829934975999351e-7
14620 34.91718597653227 0.002486732455894301 0.000855226954922112 0.0035096114952972712 7.492895193195181e-13 -6.375120659710743e-7
14630 34.94205673018074 0.0024897394744535827 0.0008556000462030714 0.003736763967966683 7.497336085293682e-13 -6.908682983587582e-7
14640 34.96688773270678 0.002479316158946619 0.0008546713852109832 0.0035602188456075323 7.504552534953746e-13 -7.721903895755062e-7
14650 34.99173660390661 0.00248435473341228 0.000853666100776365 0.004214836874016914 7.508438315539934e-13 -7.705646530044116e-7
14660 35.01656616076355 0.002483446985744256 0.000854308268023939 0.004201658094874161 7.513989430663059e-13 -6.857104151820378e-7
14670 35.04141585904035 0.0024864852362347736 0.0008575869698219571 0.0034961319049437445 7.519540545786185e-13 -6.375567080266765e-7
14680 35.06629185054349 0.0024892370327633385 0.0008580850488463359 0.0037434481580708723 7.524536549396998e-13 -6.879598115196007e-7
14690 35.091116472607446 0.002480318837849001 0.0008571538538710512 0.003539224386230222 7.526756995446249e-13 -7.705718760691288e-7
14700 35.115978406100815 0.0024847270265079555 0.0008561331831945816 0.004210420041912855 7.532308110569375e-13 -7.721712839672745e-7
14710 35.14082557548975 0.0024861770916097133 0.0008567210099357531 0.004211458435931292 7.541745006278688e-13 -6.882870756832638e-7
14720 35.1656783587763 0.002486509667091982 0.0008599310123153164 0.003527751471357421 7.545075675352564e-13 -6.377234132944159e-7
14730 35.19055821827638 0.0024881537248835155 0.0008605706244983042 0.0037477377878551987 7.55284723652494e-13 -6.852103769401839e-7
14740 35.21538225058559 0.0024821603118513496 0.0008596510495394279 0.003517456808877162 7.554512571061878e-13 -7.689064018459981e-7
14750 35.24025766717873 0.00248531679594779 0.0008585743875133945 0.0042077939148778 7.560618797697316e-13 -7.736631422422102e-7
14760 35.265123402006886 0.0024880255592586464 0.0008591629984688499 0.004219800041772359 7.566169912820442e-13 -6.907341250047324e-7
14770 35.28997395500982 0.002486886549780355 0.0008622722569428246 0.00355968021272568 7.571165916431255e-13 -6.379659511970143e-7
14780 35.31485513123966 0.002486653491879896 0.0008630431203232094 0.003750227068467449 7.576717031554381e-13 -6.826423613538919e-7
14790 35.33968563987721 0.002484356951253717 0.0008621717976180006 0.0034948142357995593 7.581157923652881e-13 -7.672063953457348e-7
14800 35.364572393511075 0.002486250888583174 0.0008609947586514739 0.004206230348187456 7.586153927263695e-13 -7.750357014519454e-7
14810 35.38945242060474 0.0024885116102325556 0.0008616220361627532 0.0042280314833790245 7.591149930874508e-13 -6.93102168125917e-7
14820 35.41429679874693 0.0024874451425592734 0.0008646256900275364 0.003588319076658575 7.595590822973008e-13 -6.382443342826949e-7
14830 35.43917657439536 0.002485190679285686 0.0008654930182772839 0.0037520016486725094 7.602252161120759e-13 -6.80244452587811e-7
14840 35.464020121153844 0.002486428158447658 0.0008647164110111607 0.0034715998136839454 7.607248164731573e-13 -7.654830609616844e-7
14850 35.48891446307704 0.002487493506162728 0.0008634048349073403 0.00420450498907321 7.611689056830073e-13 -7.762828113291181e-7
14860 35.51380046931851 0.0024875269865260894 0.0008640815024548397 0.0042373117700506 7.617240171953199e-13 -6.954606537193722e-7
14870 35.53863763883693 0.0024880113652557823 0.0008670027781881719 0.0036140735169784 7.6216810640517e-13 -6.385380092698012e-7
14880 35.56351477094001 0.002484401096726535 0.0008679186537089033 0.0037542706471380694 7.627232179174825e-13 -6.779804752766322e-7
14890 35.58837552549369 0.0024879099590312276 0.0008672765295926247 0.0034485061181059873 7.631673071273326e-13 -7.637487165444712e-7
14900 35.61327346660755 0.0024887891331952985 0.0008658201299251791 0.004201357137724404 7.635558851859514e-13 -7.773977615341959e-7
14910 35.63815603763844 0.0024855385479506855 0.0008665266593279365 0.004248157493455085 7.641665078494952e-13 -6.97865205036112e-7
14920 35.662988771180366 0.0024885842304424853 0.0008694072010893737 0.003637952100768338 7.646661082105766e-13 -6.388504255605554e-7
14930 35.687864628504 0.002484735103521197 0.0008703271056285622 0.0037579318675324824 7.649991751179641e-13 -6.758078115540883e-7
14940 35.71274295399204 0.002488436093081112 0.0008698384017891824 0.0034264324795905132 7.655542866302767e-13 -7.620191881166621e-7
14950 35.73764165284458 0.0024898475911482045 0.0008682552290659591 0.004196002969764634 7.663869538987456e-13 -7.783761076679031e-7
14960 35.76251381021886 0.0024834981493940807 0.0008689503382848909 0.004260249734348465 7.668310431085956e-13 -7.003296230586285e-7
14970 35.78734819150929 0.0024892385815389237 0.0008718335666882734 0.0036611707889780964 7.672196211672144e-13 -6.392027307661533e-7
14980 35.81222661817084 0.0024861530813684004 0.0008727307793703954 0.0037632558388857595 7.67774732679527e-13 -6.736958380861309e-7
14990 35.83711889610355 0.0024879671619957885 0.0008723863834055665 0.0034343750165940212 7.682188218893771e-13 -7.603142398210178e-7
15000 35.86201757324919 0.0024905588074462443 0.0008707182081548131 0.004188464553900095 7.687184222504584e-13 -7.792192426725651e-7
15010 35.886877223436635 0.0024824018866803172 0.0008713554382450831 0.0042725834058536805 7.69495578367696e-13 -7.028168710477261e-7
15020 35.91172067088682 0.0024899288179735745 0.0008742694777082792 0.0036847247434322883 7.699396675775461e-13 -6.396205541963799e-7
15030 35.93660672776879 0.00248815658880972 0.0008751444110922064 0.003769803841692787 7.704947790898586e-13 -6.716363458568738e-7
15040 35.961506625600634 0.0024869327617936888 0.0008749095443612371 0.0034455796532012473 7.706613125435524e-13 -7.586548566099075e-7
15050 35.986406510097574 0.0024909753453677785 0.0008732077106562498 0.004179577869827811 7.712719352070962e-13 -7.799376722044082e-7
15060 36.01125678963425 0.0024828030967640447 0.0008737536160521599 0.004283861752323093 7.718270467194088e-13 -7.052527111001814e-7
15070 36.036115388174736 0.0024904874237150453 0.0008766998540872411 0.003709088821991835 7.726042028366464e-13 -6.401206601333056e-7
15080 36.061013622060614 0.002490090605167913 0.0008775812534937257 0.003776583238636666 7.728262474415715e-13 -6.696431726908472e-7
15090 36.085914169534874 0.002486045383951143 0.0008774055155951036 0.0034574714312763655 7.733258478026528e-13 -7.570567894616281e-7
15100 36.110817421995534 0.002491127582914721 0.0008757134803446252 0.004170697769009468 7.738809593149654e-13 -7.805526533347401e-7
15110 36.135665190012624 0.002484608099484065 0.0008761611479785332 0.004292970456841849 7.744915819785092e-13 -7.075550498648822e-7
15120 36.16054152772242 0.002490832176948574 0.0008791115355735469 0.003734101780354715 7.75102204642053e-13 -6.40702606817884e-7
15130 36.185454297844956 0.002491409549753207 0.0008800458553865905 0.0037823800931993112 7.754352715494406e-13 -6.67743320895767e-7
15140 36.21034986563779 0.002485889162908104 0.0008798814437093186 0.003470642301088789 7.758793607592906e-13 -7.55522152215578e-7
15150 36.23525813604725 0.002490967959573159 0.0008782198740670665 0.004163215316878799 7.763234499691407e-13 -7.810937305931026e-7
15160 36.26011158713756 0.002487233329331183 0.000878593308318663 0.004299392350255116 7.767675391789908e-13 -7.096666047965317e-7
15170 36.285003990483006 0.002491101724193602 0.0008814984269677982 0.0037590290977657093 7.771561172376096e-13 -6.413472578576784e-7
15180 36.30993017800178 0.0024917319448223294 0.0008825333013818309 0.003786187658717355 7.778222510523847e-13 -6.65964252889728e-7
15190 36.334817877543 0.0024866234557792063 0.0008823517698437124 0.0034850873557064344 7.782108291110035e-13 -7.540346532676143e-7
15200 36.3597314861336 0.002490557215071473 0.0008807113432927566 0.004158042034685949 7.787104294720848e-13 -7.815904811102337e-7
15210 36.38459775476747 0.002489928948134349 0.0008810586724875442 0.0043034448174390505 7.793210521356286e-13 -7.115778768822245e-7
15220 36.40950106190396 0.002491508118320951 0.0008838656003600829 0.003782800450566559 7.797651413454787e-13 -6.420219473383948e-7
15230 36.43443566286294 0.0024908481704540887 0.0008850304675483845 0.003787609853475704 7.800982082528662e-13 -6.643223282726263e-7
15240 36.45931613019489 0.0024880330494744607 0.0008848331178810477 0.0035001736551633633 7.805978086139476e-13 -7.5256456286317e-7
15250 36.484234412300864 0.0024902411017064282 0.0008831783228006072 0.004155243663666819 7.811529201262601e-13 -7.820608930574763e-7
15260 36.509117592575926 0.0024920023655936796 0.0008835552633676701 0.004306226620806819 7.81763542789804e-13 -7.133308607800218e-7
15270 36.53402501469156 0.0024920627706669705 0.0008862254150345933 0.0038043924120220174 7.821521208484228e-13 -6.426907420229583e-7
15280 36.55896031403272 0.002488897527323118 0.0008875208478075174 0.0037870672831967767 7.826517212095041e-13 -6.62816788040213e-7
15290 36.58383780751931 0.002489810517960959 0.0008873377212249324 0.003514827414196453 7.833178550242792e-13 -7.51083991060858e-7
15300 36.608760182790306 0.002490506901852999 0.0008856212635626826 0.004153994228371927 7.836509219316667e-13 -7.825028781223431e-7
15310 36.63366005792774 0.002492910798549421 0.0008860677628116647 0.004309232823872522 7.842615445952106e-13 -7.150009846933203e-7
15320 36.658565531006495 0.0024925370484484336 0.0008885941909171594 0.0038232332752761167 7.846501226538294e-13 -6.433261772664442e-7
15330 36.68349396147606 0.002486555397937979 0.0008899913198843847 0.003785668511227358 7.853717676198357e-13 -6.614318686813322e-7
15340 36.70837542650595 0.0024917115389011396 0.0008898681296066897 0.003527922312211329 7.859823902833796e-13 -7.495846798498667e-7
15350 36.733302207075646 0.0024915940129326174 0.0008880507523926894 0.0041529047473151115 7.863709683419984e-13 -7.828949491389464e-7
15360 36.75821420018699 0.0024924228889860313 0.0008885788185452295 0.004313765075124376 7.87148124459236e-13 -7.166641110142261e-7
15370 36.78311459193947 0.0024927386624515866 0.0008909856546694375 0.0038394371962012785 7.874811913666235e-13 -6.439171125688988e-7
15380 36.80803203320373 0.0024848540757563373 0.0008924376862983637 0.003784778740207384 7.878697694252423e-13 -6.601453639504812e-7
15390 36.83292498172096 0.0024934597696762385 0.0008924158452433506 0.0035387242114732764 7.884803920887862e-13 -7.480872333144477e-7
15400 36.85785737697206 0.0024932686182008324 0.000890483390186444 0.004150594947245789 7.88868970147405e-13 -7.832066921389093e-7
15410 36.882774117679475 0.0024908542855762244 0.000891073662828075 0.0043204098394893364 7.89313059357255e-13 -7.183632538861836e-7
15420 36.90767043284656 0.0024927349920321395 0.000893405418027816 0.0038537491764568665 7.900347043232614e-13 -6.444690577100305e-7
15430 36.932578079127424 0.002484638526261764 0.0008948664187856889 0.0037854915883034357 7.903677712306489e-13 -6.589380152763663e-7
15440 36.957487915947944 0.002494693512973343 0.0008949645751770732 0.003547196329605984 7.90811860440499e-13 -7.466359371742185e-7
15450 36.98242745561444 0.0024950000957301177 0.0008929352364667156 0.004146255191304182 7.913669719528116e-13 -7.834140442858594e-7
15460 37.007341469895565 0.0024890474966953006 0.0008935438936785854 0.004328829630096509 7.922551503725117e-13 -7.200907847897121e-7
15470 37.03223828595832 0.0024927213835649613 0.0008958488745874829 0.0038672551538877498 7.924771949774367e-13 -6.449982196466127e-7
15480 37.05714216276683 0.0024860928983355753 0.0008972922069195894 0.00378822733673545 7.930323064897493e-13 -6.577985826150485e-7
15490 37.08207018806374 0.0024951923638089025 0.0008974965587586166 0.003554042074952135 7.935874180020619e-13 -7.452815768895237e-7
15500 37.10701798102749 0.0024963071939758425 0.0008954153217188137 0.004139968517321901 7.940870183631432e-13 -7.835124937824836e-7
15510 37.131924201676675 0.002487942208508259 0.0008959924787613591 0.004337929829509091 7.946976410266871e-13 -7.217940353978275e-7
15520 37.1568274596668 0.0024927552456488855 0.0008983030002475086 0.003881004127367027 7.950862190853059e-13 -6.455236124086719e-7
15530 37.18173612122578 0.002488701022493699 0.0008997325697885887 0.003792576474379805 7.955303082951559e-13 -6.567240263026353e-7
15540 37.20667917692567 0.0024951467151889243 0.0008999994504436073 0.0035604758869905717 7.960854198074685e-13 -7.440598218077366e-7
15550 37.231635108843484 0.002496894236568057 0.000897922314896904 0.004132681155307405 7.967515536222436e-13 -7.835227809303575e-7
15560 37.25653218945869 0.0024880529962997035 0.0008984323583878565 0.004346297308347236 7.971956428320937e-13 -7.234001917822731e-7
15570 37.28144654253936 0.0024927558676373987 0.0009007511832330872 0.003895653054058923 7.97695243193175e-13 -6.460600766157541e-7
15580 37.30636810692174 0.002491594952686897 0.0009022012608947828 0.003797423365611452 7.98139332403025e-13 -6.557178406966201e-7
15590 37.33131988076279 0.002495070012602833 0.0009024713652736155 0.0035677917983311658 7.985834216128751e-13 -7.429738669495131e-7
15600 37.356281868799044 0.002496580016195837 0.0009004457367301545 0.004125836989803178 7.991940442764189e-13 -7.834863082790966e-7
15610 37.38117225518952 0.002489280582641097 0.0009008814237560539 0.004352751547244904 7.997491557887315e-13 -7.248481430684878e-7
15620 37.40609946051986 0.0024927684695499747 0.0009031796509050581 0.003911205437975296 8.002487561498128e-13 -6.46612362931176e-7
15630 37.43103886628194 0.002493926381134712 0.0009047024821271745 0.0038013456787219235 8.008038676621254e-13 -6.547886003179654e-7
15640 37.45599209424525 0.0024953750854493843 0.0009049221502389645 0.0035768573954757243 8.012479568719755e-13 -7.419893779080089e-7
15650 37.48095600994699 0.002495350805796791 0.0009029685768658264 0.004120798376225698 8.018585795355193e-13 -7.8345073922792e-7
15660 37.50584522648199 0.0024911506827812986 0.0009033553904594551 0.0043568368778950095 8.023581798966006e-13 -7.261134901464725e-7
15670 37.530784223753734 0.0024930807348486784 0.0009055834011150396 0.0039269445537619685 8.029132914089132e-13 -6.471709313718085e-7
15680 37.55574125479892 0.002495018926368611 0.0009072283896576208 0.003803199499073706 8.033573806187633e-13 -6.539475341654777e-7
15690 37.580690045312735 0.002496076902782808 0.0009073698187199357 0.0035877235543320674 8.040790255847696e-13 -7.41046620868907e-7
15700 37.605651032492396 0.002493607508217903 0.0009054748974350341 0.004118274037168246 8.044676036433884e-13 -7.834509549928259e-7
15710 37.630546356502165 0.0024931564547647635 0.0009058609983558527 0.004359062065041663 8.047451593995447e-13 -7.272167027883719e-7
15720 37.65549446425591 0.0024939458370685477 0.0009079689646035265 0.003941661277163 8.055778266680136e-13 -6.477123658012174e-7
15730 37.68046326058562 0.0024944905988896864 0.0009097618302823701 0.003802655343247363 8.060219158778636e-13 -6.532038590053961e-7
15740 37.70540507994222 0.0024969510414138423 0.0009098329894936286 0.003599553463985189 8.063549827852512e-13 -7.400872363532828e-7
15750 37.730359980319285 0.002492199684633273 0.0009079567917924252 0.004118015795208763 8.06965605448795e-13 -7.834945320461415e-7
15760 37.755268382449415 0.0024948557703150112 0.0009083926000128245 0.004360737881310861 8.074652058098764e-13 -7.282118397340925e-7
15770 37.78022264143987 0.002495226232558658 0.0009103521425834293 0.003954143105400987 8.081868507758827e-13 -6.482064330977729e-7
15780 37.805193500722204 0.0024925497839340654 0.0009122837583778727 0.0038003925903641878 8.085199176832703e-13 -6.525599872501806e-7
15790 37.830130270578174 0.0024978777954168573 0.0009123219321593789 0.0036109529444330324 8.090750291955828e-13 -7.390835338848307e-7
15800 37.855079602118686 0.002491974955402843 0.0009104179652839524 0.004118939354783913 8.097411630103579e-13 -7.835597929602006e-7
15810 37.88000530475057 0.002495834835338957 0.0009109341569193501 0.004363440901525406 8.102962745226705e-13 -7.291615032424465e-7
15820 37.90496351330056 0.002496441084646684 0.0009127513589196907 0.003963706287406055 8.109068971862143e-13 -6.486272977182768e-7
15830 37.929926724083764 0.0024901381251349487 0.0009147817650950835 0.003797821036894966 8.114620086985269e-13 -6.520099663946317e-7
15840 37.954864273088766 0.0024988658266879697 0.0009148353794586874 0.003620565671360848 8.115730310009894e-13 -7.380541096242529e-7
15850 37.979812363716 0.0024932042757558662 0.0009128722350441187 0.004119604314992031 8.120171202108395e-13 -7.836075507476927e-7
15860 38.004755161460324 0.002495877517756528 0.0009134659594344368 0.004368341497476225 8.127387651768458e-13 -7.301090765999968e-7
15870 38.0297165086255 0.0024971723918148373 0.0009151797369369137 0.003970502506054019 8.131828543866959e-13 -6.489632272689065e-7
15880 38.054666321433615 0.0024885154475352703 0.0009172554018455976 0.003796477538345333 8.136824547477772e-13 -6.515412544111569e-7
15890 38.079612040524346 0.0024998029135345013 0.0009173598993120665 0.0036276555190205007 8.143485885625523e-13 -7.370566303635241e-7
15900 38.10456536779693 0.0024954362802621405 0.0009153378248506577 0.004118824555071066 8.147926777724024e-13 -7.836004337517215e-7
15910 38.12952076761433 0.0024952421141716196 0.0009159729416688539 0.004375706893205655 8.154033004359462e-13 -7.310601703714551e-7
15920 38.154485742218895 0.0024972978463479066 0.0009176395575887815 0.003975469190862779 8.158473896457963e-13 -6.492209341965315e-7
15930 38.17942238557249 0.002488533454214185 0.0009197161499938693 0.0037973936526996543 8.164580123093401e-13 -6.511374284255064e-7
15940 38.2043821632206 0.0025004409069998125 0.000919875941428284 0.0036324307497880015 8.168465903679589e-13 -7.361618039027697e-7
15950 38.22934695484184 0.0024978559493041763 0.0009178299078819527 0.00411616547105087 8.174017018802715e-13 -7.835210857384106e-7
15960 38.25430802129885 0.0024945890035225435 0.0009184509328711681 0.004384786679290764 8.179568133925841e-13 -7.31981468506148e-7
15970 38.279277361885846 0.0024968402238516054 0.0009201213157053874 0.003979971607586341 8.184564137536654e-13 -6.494240549772493e-7
15980 38.30420652963931 0.0024902188943375656 0.0009221825678937993 0.003800675963344935 8.189560141147467e-13 -6.507812155415182e-7
15990 38.32918263497731 0.0025007335839688414 0.0009223661881829137 0.0036359872574359964 8.19455614475828e-13 -7.354214848500316e-7
16000 38.354162582090844 0.0024997016450081454 0.0009203541479434909 0.004112151550039744 8.198441925344468e-13 -7.833819953631527e-7
16010 38.379122394301575 0.0024944941385061513 0.0009209083938262079 0.0043941154479192335 8.203437928955282e-13 -7.328174002878968e-7
16020 38.404095736929904 0.002495841134808916 0.000922607654862861 0.003985268283585475 8.208989044078407e-13 -6.496057684234058e-7
16030 38.42902638356439 0.0024929446445454014 0.0009246725261338374 0.0038054359825459017 8.213985047689221e-13 -6.504594974605232e-7
16040 38.45401723341065 0.002501022962441148 0.00092482317593187 0.0036398711978887777 8.219536162812346e-13 -7.348449869593737e-7
16050 38.47901168413254 0.0025003940070242236 0.0009229037809404191 0.004108085035538389 8.225087277935472e-13 -7.832226865626263e-7
16060 38.503965490636254 0.002495047364573256 0.0009233629113051374 0.004402125669845547 8.229528170033973e-13 -7.335167207702786e-7
16070 38.52894103844264 0.0024945589033617183 0.0009250808767682786 0.0039919665195196075 8.235079285157099e-13 -6.497955913767686e-7
16080 38.553882471218294 0.002495881007384957 0.0009271951935825192 0.003810131246133941 8.238409954230974e-13 -6.501699057522708e-7
16090 38.57888385556243 0.0025017022083269566 0.0009272532058133961 0.0036453989237262285 8.24618151540335e-13 -7.34393579750886e-7
16100 38.60388713323609 0.0024996040231741548 0.0009254620277445008 0.004105496513596041 8.251732630526476e-13 -7.830941645275979e-7
16110 38.6288339241216 0.002495961660215401 0.0009258334937453124 0.004407848592491548 8.256728634137289e-13 -7.34056170847118e-7
16120 38.65380971920948 0.002493638386730449 0.0009275311651876742 0.0039996939109950835 8.260614414723477e-13 -6.500043020860741e-7
16130 38.678768517814106 0.0024982397307937074 0.000929746189707471 0.0038132466536730525 8.26561041833429e-13 -6.499240962701269e-7
16140 38.70377530158156 0.002502737846549226 0.000929674242305761 0.0036530190334077006 8.274492202531292e-13 -7.339965857069107e-7
16150 38.72877822714263 0.0024975578615975204 0.0009280095452762426 0.0041054409843842565 8.279488206142105e-13 -7.830365026388793e-7
16160 38.7537213960779 0.0024969762302269496 0.0009283317130584974 0.0044113899840181325 8.28059842916673e-13 -7.344496736206695e-7
16170 38.778697156820655 0.0024937897145245864 0.0009299616450552092 0.004007198184107663 8.286149544289856e-13 -6.502156599278249e-7
16180 38.80367459861191 0.0024993383642563346 0.0009323088436479174 0.0038140348365208743 8.292255770925294e-13 -6.497429216928942e-7
16190 38.82868243556313 0.002503699495374233 0.0009321079872943271 0.0036620488051721245 8.296141551511482e-13 -7.335839080063796e-7
16200 38.85367613168358 0.0024952205874976606 0.000930533579640613 0.004107999376509075 8.301692666634608e-13 -7.830607054717019e-7
16210 38.878622532182845 0.002497983037746927 0.0009308559802030625 0.004413912879169368 8.306133558733109e-13 -7.3473925713072e-7
16220 38.90360047068278 0.002495196964965285 0.0009323874457111636 0.004012890298776939 8.312239785368547e-13 -6.503917236735245e-7
16230 38.92859180422119 0.0024988995726724426 0.0009348616667459267 0.0038129220737629366 8.31723578897936e-13 -6.496452321224014e-7
16240 38.95359866168503 0.0025042465301161436 0.0009345697184472327 0.0036709579673613324 8.325562461664049e-13 -7.331205761303448e-7
16250 38.97857864130922 0.002493844284283289 0.0009330339763286742 0.004112259843455313 8.328893130737924e-13 -7.831447724638132e-7
16260 39.00353593300335 0.0024988343898743157 0.0009333920239461812 0.0044171049236927384 8.33444424586105e-13 -7.349735567743215e-7
16270 39.02852005487817 0.002497326168443576 0.0009348290168745397 0.0040155802455308365 8.339440249471863e-13 -6.504899953518051e-7
16280 39.053516573646 0.0024974391088436526 0.0009373882655358882 0.003811338868725367 8.344991364594989e-13 -6.496374577557247e-7
16290 39.0785233154266 0.002504355954506604 0.0009370611869297859 0.0036780697769767667 8.348877145181177e-13 -7.326248495047825e-7
16300 39.103491387350815 0.0024941727268307577 0.000935523070850802 0.004116765957074331 8.35387314879199e-13 -7.832455014376584e-7
16310 39.12846493425477 0.0024993409950395153 0.0009359193537910566 0.004422390604688187 8.359979375427429e-13 -7.351844274858701e-7
16320 39.15345944085172 0.0024993366185120554 0.0009373028996057886 0.004015043132419516 8.366085602062867e-13 -6.504835385413296e-7
16330 39.17845238624334 0.002496082070033687 0.000939885043277963 0.0038110662489288516 8.367195825087492e-13 -6.497091387444469e-7
16340 39.20346171774624 0.0025040728958602874 0.0009395700929206778 0.0036823281926973706 8.373857163235243e-13 -7.321593133599073e-7
16350 39.228425073964615 0.00249606708510457 0.0009380199542533668 0.00412018834879313 8.379963389870682e-13 -7.833191604767701e-7
16360 39.25341614327421 0.0024995736210360535 0.0009384205767718698 0.004430259289235572 8.384959393481495e-13 -7.353713771898231e-7
16370 39.27842354898179 0.002500559069932831 0.000939814175301727 0.0040121582879073525 8.388845174067683e-13 -6.503748801183103e-7
16380 39.303407545160674 0.0024957920127956124 0.0009423623384787594 0.003813430092427683 8.394396289190809e-13 -6.498348978554135e-7
16390 39.32842198271199 0.002503384062812018 0.0009420760190278869 0.0036837809422836654 8.400502515826247e-13 -7.318003103222621e-7
16400 39.35339052600657 0.002498799002168013 0.000940541827386097 0.0041219383644828245 8.404943407924748e-13 -7.833415825598405e-7
16410 39.37839644071512 0.002499939022936795 0.0009408894483316709 0.004440000214388395 8.410494523047873e-13 -7.355005275429954e-7
16420 39.40341573468772 0.002500585013808255 0.0009423538929410796 0.0040085656565233 8.416045638170999e-13 -6.501981619621428e-7
16430 39.42839032347747 0.002496783657732594 0.0009448395150226255 0.003818693994557254 8.422151864806438e-13 -6.499821346810097e-7
16440 39.45341089217872 0.002502520010079029 0.0009445600055901881 0.003683571432899102 8.427147868417251e-13 -7.316022001459949e-7
16450 39.478393869317436 0.0025015214691467445 0.0009430958188960111 0.004122492255347332 8.434364318077314e-13 -7.833197893320279e-7
16460 39.50340939854165 0.002500753166339046 0.0009433341862670868 0.004449969235405082 8.43769498715119e-13 -7.35520041784672e-7
16470 39.52843511924073 0.0024992676983895726 0.0009449028532907145 0.004005957997993748 8.442690990762003e-13 -6.50007208267446e-7
16480 39.5534045495894 0.0024986466552366386 0.0009473359355182086 0.00382590416424744 8.446576771348191e-13 -6.501238288859901e-7
16490 39.57843111536492 0.0025021197064888433 0.0009470137753124013 0.003683416132165662 8.451572774959004e-13 -7.315733082449705e-7
16500 39.60343359995836 0.0025034324010760035 0.0009456747724237513 0.004123252004668454 8.456568778569817e-13 -7.832898651291553e-7
16510 39.62845274855469 0.002501820878269621 0.00094577420743011 0.004458317762177533 8.462675005205256e-13 -7.35386324685755e-7
16520 39.65347635250751 0.002497000190622598 0.0009474406258071575 0.004005279784597082 8.466560785791444e-13 -6.498516918092279e-7
16530 39.678448145764264 0.002500835803055887 0.0009498614101643237 0.003833301653964283 8.47211190091457e-13 -6.502522228233991e-7
16540 39.703480514675306 0.0025027604430987774 0.0009494444345579184 0.0036847641606277404 8.47877323906232e-13 -7.316734107513326e-7
16550 39.728500808137944 0.0025038749175864583 0.0009482597185003251 0.004125918382989147 8.481548796623883e-13 -7.833002165052701e-7
16560 39.75351880762036 0.002502624513755204 0.0009482310636908642 0.004463890513501045 8.487099911747009e-13 -7.350877254259079e-7
16570 39.778532465718925 0.0024948487386139634 0.0009499557900921729 0.004006227816125918 8.490430580820885e-13 -6.497518792038357e-7
16580 39.803514829110114 0.002502846492026343 0.0009524107530031017 0.0038391757280259453 8.497647030480948e-13 -6.503845308315629e-7
16590 39.828553291361864 0.0025043340932554524 0.0009518718455494861 0.0036880341993478227 8.503198145604074e-13 -7.31833762984723e-7
16600 39.85358315010668 0.0025027828760763736 0.0009508288217203321 0.004131637819422496 8.5087492607272e-13 -7.833868175017598e-7
16610 39.87859825409088 0.0025028758298725915 0.0009507176797263241 0.0044668275790191725 8.512635041313388e-13 -7.346516806144322e-7
16620 39.903598895911536 0.0024940053973415174 0.0009524519177678317 0.004007373275996096 8.518186156436514e-13 -6.496872666562391e-7
16630 39.92859748536436 0.0025041383504067513 0.000954965707798354 0.0038427486000077726 8.523737271559639e-13 -6.505546112387676e-7
16640 39.953642666429694 0.002506096044793352 0.0009543192628834386 0.0036923449401188857 8.52817816365814e-13 -7.319918155037519e-7
16650 39.97867108421715 0.0025010018662447874 0.0009533683585013969 0.004140403265971426 8.533174167268953e-13 -7.835534757521078e-7
16660 40.00368500982661 0.0025026553132435425 0.0009532317835696379 0.004468497443952724 8.541500839953642e-13 -7.34131063225856e-7
16670 40.02867602454863 0.002494964493265703 0.000954945878757846 0.004006877078548521 8.544276397515205e-13 -6.496069440095008e-7
16680 40.053691751310154 0.0025044112673067707 0.0009575038222166197 0.0038446019073486992 8.548717289613705e-13 -6.507948472474797e-7
16690 40.078744307906426 0.00250730745640755 0.000956801823021612 0.0036959167961103656 8.555933739273769e-13 -7.321245820245287e-7
16700 40.10376267749678 0.002499786224795957 0.0009558794280312492 0.004151065847349922 8.560929742884582e-13 -7.837684424560605e-7
16710 40.128779157305424 0.002502122797317846 0.0009557572784446392 0.0044707793158147435 8.565925746495395e-13 -7.335781804117119e-7
16720 40.15376912278789 0.002497279229248052 0.0009574594607851954 0.00400341409713767 8.570366638593896e-13 -6.494555228820718e-7
16730 40.17879853068574 0.0025040544500260684 0.0009600098227304872 0.003846400052554877 8.575362642204709e-13 -6.51119387567477e-7
16740 40.203858527507464 0.0025075846126734296 0.0009593190943763948 0.003696949353388157 8.580913757327835e-13 -7.322619918057041e-7
16750 40.22886406097874 0.0024998928612117773 0.000958376879832849 0.004161922957365172 8.583134203377085e-13 -7.839786951900174e-7
16760 40.25388672698584 0.002501470228378473 0.0009582726165476286 0.004475092591083252 8.589795541524836e-13 -7.330194627236364e-7
16770 40.27888619221715 0.002500028590689825 0.000960008611396755 0.003996837103933393 8.594791545135649e-13 -6.492005669629132e-7
16780 40.303923847609575 0.0025039420011654713 0.0009624828136925938 0.0038500609597884594 8.59923243723415e-13 -6.515168215490488e-7
16790 40.328989526177196 0.0025067478920870775 0.0009618555558028639 0.0036945249489960252 8.605893775381901e-13 -7.324714084580922e-7
16800 40.353985861433415 0.0025012551948673132 0.000960881563877837 0.004171555939623928 8.610334667480402e-13 -7.841338077419976e-7
16810 40.37901711373659 0.0025011556927148236 0.0009607617646548465 0.004481660498602658 8.615330671091215e-13 -7.324414528497858e-7
16820 40.40403451236591 0.002502305442435385 0.0009625952853852923 0.003988281648929948 8.620326674702028e-13 -6.488491636966187e-7
16830 40.42907542781454 0.002504620196413522 0.0009649368834134957 0.003856789532282856 8.624767566800529e-13 -6.51954012375125e-7
16840 40.454142428721674 0.002504877602218907 0.0009643885316255306 0.0036890898463932398 8.630318681923654e-13 -7.328224961959673e-7
16850 40.47913814506191 0.002503381670470499 0.0009634097843657419 0.004179542827657423 8.636424908559093e-13 -7.842083115721862e-7
16860 40.50417918069992 0.0025017711592620682 0.0009632226348972295 0.0044893419467932905 8.641976023682219e-13 -7.317949124798244e-7
16870 40.529216861153536 0.002503335199683413 0.0009652056618388326 0.003979661135606327 8.644751581243781e-13 -6.484466435361866e-7
16880 40.554257901288295 0.0025058675580044223 0.0009673943598543838 0.0038664243999955716 8.651412919391532e-13 -6.523899793511867e-7
16890 40.57932055533279 0.002502685006886818 0.0009668997172249464 0.0036822602950182803 8.657519146026971e-13 -7.333525926384032e-7
16900 40.604326152458405 0.0025057288345493836 0.0009659645967831894 0.004186731591646842 8.660294703588534e-13 -7.842128202911053e-7
16910 40.6293771306206 0.002503433377116609 0.0009656690574954163 0.004496128924478038 8.665290707199347e-13 -7.310180589721951e-7
16920 40.65442935254157 0.0025026892107278403 0.0009678161888851549 0.003972734378668186 8.673062268371723e-13 -6.480559065196595e-7
16930 40.67946993020256 0.002507108305740779 0.0009698746729137175 0.003877436605141449 8.678058271982536e-13 -6.527961736060676e-7
16940 40.70452433788828 0.002501371697453842 0.0009693848255483316 0.0036760105747791483 8.681388941056412e-13 -7.340497477773596e-7
16950 40.72954804086136 0.0025076545841702953 0.0009685332425581349 0.004194881297428399 8.688050279204163e-13 -7.841878341322385e-7
16960 40.75460797684311 0.0025054637916630583 0.0009681247494605504 0.0045001378024677186 8.694156505839601e-13 -7.300699684893372e-7
16970 40.77966293712534 0.0025007866130680265 0.0009704053506015537 0.0039681662732828915 8.696376951888851e-13 -6.477245974349463e-7
16980 40.80470503990882 0.0025079702211842116 0.0009723840592201163 0.0038876612270046795 8.70692407062279e-13 -6.531734255828091e-7
16990 40.82975156666561 0.0025017587243594754 0.0009718563242954057 0.003671632907684741 8.70692407062279e-13 -7.348601509559987e-7
17000 40.85479563585448 0.002508532075841722 0.000971092923422085 0.004205758092735934 8.713030297258229e-13 -7.84181152531361e-7
17010 40.87986261016059 0.0025068944345303904 0.000970611415765129 0.004500631468365213 8.720801858430605e-13 -7.289561147058292e-7
17020 40.90490809917107 0.0024988920946420294 0.0009729650528301777 0.003965131908434394 8.723577415992168e-13 -6.474582833873866e-7
17030 40.92995504797278 0.0025082605394167175 0.0009749119677407802 0.0038954294814812496 8.727463196578356e-13 -6.535533447997889e-7
17040 40.9549985172819 0.002503647678875658 0.0009743372773893293 0.0036690247691084366 8.733014311701481e-13 -7.357164090248577e-7
17050 40.980058643623465 0.0025083354650898607 0.0009736227020206081 0.004220144642446466 8.738565426824607e-13 -7.842193216068279e-7
17060 41.005130375094545 0.002507177535344723 0.0009731371576386985 0.004498468591148219 8.744671653460045e-13 -7.277296707417101e-7
17070 41.0301595839031 0.0024982274008793835 0.0009755047194813512 0.003961763279667907 8.751332991607796e-13 -6.472176030964144e-7
17080 41.05521401991005 0.0025078523712572963 0.0009774367990869628 0.003900461426131707 8.75632899521861e-13 -6.53981643124255e-7
17090 41.080261987560064 0.0025061434849996283 0.0009768490888800014 0.003666714556860934 8.760214775804798e-13 -7.365743516803665e-7
17100 41.10533030857401 0.0025078295761861466 0.0009761148865645907 0.004237361397122497 8.767431225464861e-13 -7.842892163324212e-7
17110 41.13040422530782 0.0025062673105119885 0.0009756922309080196 0.004495651356452468 8.772427229075674e-13 -7.264673033962738e-7
17120 41.155418499107554 0.0024991371293659414 0.000978045618169805 0.003956182408062059 8.776868121174175e-13 -6.469409504656329e-7
17130 41.1804814509133 0.0025070468618898735 0.0009799379146510647 0.0039039893534591474 8.782419236297301e-13 -6.544948850235867e-7
17140 41.20554145235616 0.0025083426873115486 0.0009793991377667047 0.0036626402296797977 8.787415239908114e-13 -7.374389895933777e-7
17150 41.230610648321495 0.0025078305184105354 0.0009785791037105198 0.0042555893626913255 8.792411243518927e-13 -7.843410609636081e-7
17160 41.25568351770987 0.0025044289789211737 0.0009782548123172074 0.004494223428153532 8.798517470154366e-13 -7.252329415293238e-7
17170 41.28069156574285 0.00250117786181902 0.0009806089491558256 0.003947500134946269 8.802403250740554e-13 -6.465775121591681e-7
17180 41.30576331434726 0.0025067190159015133 0.0009824070790595378 0.003908050716214029 8.807954365863679e-13 -6.551048301159552e-7
17190 41.33083942436082 0.0025095123421935736 0.0009819773722592165 0.003655278329824624 8.814060592499118e-13 -7.383624236420062e-7
17200 41.35590539606505 0.0025084776725055016 0.0009810369939245657 0.0042727901874437535 8.817946373085306e-13 -7.843113586144396e-7
17210 41.38097388855647 0.002502368034868169 0.0009808032290257703 0.00449516068100464 8.822942376696119e-13 -7.240468719513227e-7
17220 41.40598837884993 0.0025036916672739012 0.0009832041827585831 0.003936249522401014 8.829048603331557e-13 -6.461124773572691e-7
17230 41.43106954851452 0.0025076033257060166 0.0009848533040301658 0.003914352747064198 8.833489495430058e-13 -6.557962470288281e-7
17240 41.45615942808006 0.002509120111366382 0.000984560810173377 0.0036445238907616695 8.839040610553184e-13 -7.394132363787442e-7
17250 41.48122229461292 0.0025094132285212283 0.0009835107197703795 0.004287739491374731 8.842371279627059e-13 -7.841533983636573e-7
17260 41.50628484260314 0.0025012094097926776 0.0009833278701292297 0.004497844155608499 8.850697952311748e-13 -7.228746306453451e-7
17270 41.53131727439196 0.002505990450597097 0.0009858233503244227 0.003924074594944926 8.854028621385623e-13 -6.455735766580303e-7
17280 41.55640864861026 0.0025094839255541913 0.000987298868818374 0.00392328913753226 8.860134848021062e-13 -6.565371941744808e-7
17290 41.58150357669555 0.002507344338911999 0.000987125146376575 0.003631827274221733 8.86402062860725e-13 -7.40636361906688e-7
17300 41.606567315252455 0.002510341892612698 0.000986011147522655 0.004300668703105748 8.86846152070575e-13 -7.838598396481267e-7
17310 41.631625622504544 0.0025018050868992267 0.0009858367614231803 0.00450036934856779 8.874567747341189e-13 -7.21643180059961e-7
17320 41.65668113130774 0.002507343130506796 0.0009884442543268582 0.003912827093276339 8.879563750952002e-13 -6.45016200397433e-7
17330 41.68178270875378 0.002511352765599005 0.0009897682066800494 0.003933610069784266 8.886225089099753e-13 -6.572985135179857e-7
17340 41.70687167869358 0.002505353929108895 0.0009896579006802486 0.0036194610539409255 8.893441538759816e-13 -7.420267487164966e-7
17350 41.73194200714458 0.002511053240158891 0.00098853174247577 0.004313153537547687 8.895106873296754e-13 -7.834656188448813e-7
17360 41.75700074162932 0.0025039855131333316 0.0009883519106879727 0.004500559172637364 8.90065798841988e-13 -7.202790233190506e-7
17370 41.78207579028431 0.002507455195830417 0.0009910418030690418 0.0039034776182284014 8.907874438079944e-13 -6.444921056633911e-7
17380 41.80718621000747 0.002512275978946831 0.000992274788169916 0.003942995256515924 8.912315330178444e-13 -6.580744643018845e-7
17390 41.83226156715567 0.0025045151996298132 0.000992165111874705 0.003609287471094874 8.91564599925232e-13 -7.435293188156288e-7
17400 41.85734266123917 0.0025112359700833 0.0009910515338431966 0.0043272259983880845 8.925082894961633e-13 -7.830282324900605e-7
17410 41.88240772859222 0.002506695708028844 0.0009908976510797224 0.004497205328506615 8.925082894961633e-13 -7.187491344609287e-7
17420 41.90749258469351 0.002506943659019628 0.0009936019856789135 0.0038954431492066455 8.932299344621697e-13 -6.440176468706658e-7
17430 41.932608798200356 0.0025118062901209213 0.0009948134119400869 0.003949311032946157 8.938405571257135e-13 -6.588904203383493e-7
17440 41.95766982561502 0.0025053270039496764 0.0009946677113292267 0.0036017228018520586 8.941736240331011e-13 -7.450645772254371e-7
17450 41.98276238289318 0.0025108629757858297 0.0009935477559886066 0.004344156421053569 8.947842466966449e-13 -7.825940540241195e-7
17460 42.00783879095488 0.0025088277699627133 0.0009934867143837655 0.004490847684972321 8.950618024528012e-13 -7.170811439906451e-7
17470 42.03292297440302 0.002506806022457381 0.0009961300418326964 0.0038868299352785574 8.958944697212701e-13 -6.435631018530387e-7
17480 42.05804001066564 0.002509902661468565 0.0009973633275919646 0.003951830675984369 8.963940700823514e-13 -6.59789750262478e-7
17490 42.083093282851905 0.002507354428911163 0.0009971891677712473 0.0035955043170155243 8.968936704434327e-13 -7.465689272412259e-7
17500 42.10819555396658 0.002510580386804059 0.0009960095934888784 0.004363632507995874 8.974487819557453e-13 -7.821690106195027e-7
17510 42.13328508319142 0.002509684739949059 0.0009961122783264304 0.0044835546445644026 8.980594046192891e-13 -7.153506866869744e-7
17520 42.1583620805224 0.0025074269664630135 0.0009986472884183112 0.0038755131398402476 8.986145161316017e-13 -6.430718026039724e-7
17530 42.18347423131167 0.0025071787032132937 0.0009999008216283786 0.003951630916540549 8.990030941902205e-13 -6.608099972118618e-7
17540 42.208531274604944 0.0025099011860536488 0.0009997413630465685 0.003588412377719147 8.996137168537643e-13 -7.48029067503301e-7
17550 42.2336413745931 0.0025111359101579497 0.0009984445656089616 0.004383849251135441 9.000578060636144e-13 -7.817122012492472e-7
17560 42.25874067183083 0.0025089777430598696 0.0009987513570538272 0.004477770382450674 9.005018952734645e-13 -7.136428761251147e-7
17570 42.28381011088444 0.0025084763670583355 0.0010011785142229291 0.003860356902142037 9.010014956345458e-13 -6.424957905697571e-7
17580 42.30891406609373 0.0025050391981434523 0.0010024134367049593 0.003950909101431366 9.015566071468584e-13 -6.619665021286546e-7
17590 42.333986725173084 0.00251225150217371 0.0010023169786585987 0.0035785524857594175 9.021117186591709e-13 -7.494878001253549e-7
17600 42.359103728946515 0.0025124948115917175 0.0010008755194435902 0.004402452273684854 9.026113190202523e-13 -7.811576150035596e-7
17610 42.38420479670982 0.0025070855148156086 0.0010013748945593745 0.004474917680762802 9.031664305325648e-13 -7.120072199294503e-7
17620 42.40927211239545 0.0025095864330477225 0.0010037376536189495 0.003841801404544376 9.036660308936462e-13 -6.418249148161526e-7
17630 42.43436963549622 0.0025048284019668176 0.001004907342723298 0.0039516702655321145 9.0427665355719e-13 -6.632512325691758e-7
17640 42.45946449703937 0.0025135978486366894 0.0010048927912787774 0.0035938015796432854 9.046652316158088e-13 -7.510148607049044e-7
17650 42.48458821876791 0.002513906744870064 0.0010033285183299117 0.004417806096770671 9.053313654305839e-13 -7.804514767341744e-7
17660 42.50968213089383 0.0025052194005732334 0.0010039687624532978 0.004474592247484366 9.057199434892027e-13 -7.104292518308152e-7
17670 42.53475574754721 0.0025105728619671938 0.0010063198735481694 0.0038215146493991714 9.060530103965903e-13 -6.410939213620168e-7
17680 42.559853337787615 0.0025067012851412184 0.0010074041592515726 0.003954550517188071 9.068301665138279e-13 -6.646432347979375e-7
17690 42.58496853815137 0.002513583491799266 0.0010074420984989146 0.0036200819841121223 9.073852780261404e-13 -7.526612609120437e-7
17700 42.61009895408001 0.002514673879687554 0.0010058186759270588 0.0044299051015282975 9.077738560847592e-13 -7.795837479816076e-7
17710 42.63518044967354 0.0025046876186798823 0.0010065394721709604 0.004474804264262944 9.083844787483031e-13 -7.088365151135603e-7
17720 42.660267319343816 0.0025111717738368197 0.0010089043034934718 0.00380135178747365 9.089951014118469e-13 -6.40365114748867e-7
17730 42.68537325297399 0.002509557447079591 0.001009929065446886 0.003958395515762714 9.095502129241595e-13 -6.661253946914532e-7
17740 42.71050022026876 0.0025128907422717257 0.001009949579446703 0.003650976331678102 9.09883279831547e-13 -7.544251426645082e-7
17750 42.735636330203405 0.0025144262957822747 0.0010083418066794358 0.00444038592731133 9.103273690413971e-13 -7.785960204731001e-7
17760 42.760706278935324 0.0025058739665099064 0.001009108015505044 0.0044731276135487885 9.111045251586347e-13 -7.071378209609343e-7
17770 42.78580860706553 0.002511289942654094 0.001011465987327956 0.0037821652585531274 9.114375920660223e-13 -6.396947409868044e-7
17780 42.81092930805142 0.002511983890766718 0.0010124960756622522 0.0039608604397713965 9.122147481832599e-13 -6.677008029600819e-7
17790 42.83605789678893 0.0025126316950897223 0.0010124201702507627 0.003684911048729811 9.124923039394162e-13 -7.562466185080732e-7
17800 42.86119625333615 0.002512997846942776 0.0010108771777449725 0.004451552286027005 9.132139489054225e-13 -7.77560307206583e-7
17810 42.88626135424333 0.002508166547862278 0.0010116990148227563 0.004468135902806258 9.136580381152726e-13 -7.052733271568329e-7
17820 42.91137691973242 0.002511477798381884 0.0010139908871489903 0.0037631251639311802 9.140466161738914e-13 -6.391009645169465e-7
17830 42.93651365205341 0.002512929556352327 0.001015098786356666 0.003959800240309896 9.147682611398977e-13 -6.693962971102565e-7
17840 42.96163692591282 0.0025132050267294564 0.0010148763003743188 0.0037191663517893714 9.153788838034416e-13 -7.580337406772842e-7
17850 42.98677202820632 0.002510789608694094 0.0010134005111403538 0.00446494367464223 9.157119507108291e-13 -7.765382684269939e-7
17860 43.01184245465281 0.0025107134521751835 0.0010143252111926235 0.004460298983044453 9.162115510719104e-13 -7.032457767848883e-7
17870 43.03696739528938 0.0025124457641205597 0.0010164878773837394 0.0037511088061686904 9.167111514329918e-13 -6.385551716254188e-7
17880 43.06211422525327 0.0025118681300338864 0.0010177132157116891 0.003954659532845406 9.171552406428418e-13 -6.712455043019335e-7
17890 43.087231086323676 0.0025142200784701325 0.0010173444410934039 0.0037514333512801423 9.178768856088482e-13 -7.597086664281839e-7
17900 43.11235870475808 0.0025090396674620308 0.001015899610284547 0.004480347106941895 9.181544413650045e-13 -7.75543733897061e-7
17910 43.13744398873092 0.002512798641388757 0.001016978488121483 0.0044517384698791185 9.18709552877317e-13 -7.011157243358844e-7
17920 43.162575085245194 0.0025140744679726895 0.0010189816272470128 0.003774168384566179 9.193756866920921e-13 -6.380050808717039e-7
17930 43.18772049302494 0.002509269490597333 0.0010203113423152429 0.00394690978608403 9.196532424482484e-13 -6.732639218866087e-7
17940 43.21283591719518 0.002515255898591697 0.0010198388800111207 0.0037811889652141772 9.20430398565486e-13 -7.612493556146088e-7
17950 43.23795655709679 0.0025089761034362904 0.0010183826414300236 0.0044959002655948765 9.207634654728736e-13 -7.745333097974904e-7
17960 43.26306094041827 0.002513789550838774 0.0010196336012739116 0.0044449211752334294 9.212630658339549e-13 -6.989644736693718e-7
17970 43.288196467873775 0.0025154804933201764 0.0010214997690694274 0.0037991757995947673 9.216516438925737e-13 -6.374149684850849e-7
17980 43.313329239769786 0.0025067801810258966 0.0010228784204833153 0.003939175961317043 9.222622665561175e-13 -6.754378429505922e-7
17990 43.33845154845254 0.0025160252160260615 0.0010223530219422936 0.003809972283957741 9.228728892196614e-13 -7.626983562405293e-7
18000 43.36357085656276 0.0025107062663057783 0.0010208738396589622 0.0045092183082419135 9.233724895807427e-13 -7.73432396251536e-7
18010 43.388691245765486 0.0025135728285401882 0.00102226280545271 0.0044410796712475165 9.238165787905928e-13 -6.968438714307496e-7
18020 43.41383099274708 0.0025159939857528515 0.001024056809018765 0.003823567125558147 9.244272014541366e-13 -6.367963582224606e-7
18030 43.43894640842021 0.0025060966452691825 0.0010254219524374903 0.003933644972576145 9.248712906639867e-13 -6.777332180029488e-7
18040 43.46408250929014 0.002516167308581217 0.001024863690624783 0.003840354281115621 9.254264021762992e-13 -7.641313374256303e-7
18050 43.489208794605304 0.0025132625263526516 0.0010233993302404276 0.004518863938281825 9.259260025373806e-13 -7.721798795665494e-7
18060 43.514337185135915 0.002512962787542131 0.0010248522785121944 0.0044393566151501584 9.265366252009244e-13 -6.94740983351802e-7
18070 43.53948131237296 0.002515473982707404 0.0010266460672660144 0.0038449051669277035 9.269252032595432e-13 -6.362101117205962e-7
18080 43.56458332339446 0.002507623491927939 0.0010279641054476978 0.003930783433372387 9.274803147718558e-13 -6.801149485848035e-7
18090 43.589735471853366 0.002515730742452611 0.0010273446353403213 0.003874281320832229 9.27979915132937e-13 -7.656076120403366e-7
18100 43.614875968132154 0.0025154553589258285 0.001025971317442788 0.0045253012996891995 9.284795154940184e-13 -7.707641711332536e-7
18110 43.640004157706535 0.002512990016527085 0.0010274100706352072 0.004437224245840143 9.293676939137185e-13 -6.925826497219262e-7
18120 43.665151167745876 0.002514009483620918 0.0010292445029197008 0.0038622826955880263 9.295897385186436e-13 -6.357386783065883e-7
18130 43.69025039718388 0.0025105078284518925 0.0010305285501763359 0.00392908607475867 9.302558723334187e-13 -6.825671070571741e-7
18140 43.71541678513358 0.002515552801510917 0.001029784907832328 0.003911806835117049 9.306999615432687e-13 -7.671333152562288e-7
18150 43.74057348861189 0.0025162902561643606 0.0010285799653568732 0.004530724644161599 9.30977517299425e-13 -7.69230351888462e-7
18160 43.76569674704167 0.0025138742773772767 0.0010299608123623247 0.004431943675401007 9.314771176605063e-13 -6.902803610776376e-7
18170 43.79084307457916 0.0025121637172678523 0.0010318276083672998 0.0038768213755823178 9.32254273777744e-13 -6.354439220237709e-7
18180 43.81595248567217 0.0025136170305754568 0.0010331247345037407 0.0039259960520220405 9.326428518363628e-13 -6.851054110025833e-7
18190 43.84112974920863 0.0025163850628526483 0.0010321959733014107 0.003950930652534379 9.330314298949816e-13 -7.686557643422301e-7
18200 43.866296599334625 0.002515174659620348 0.0010311976375102672 0.004537768772992945 9.334755191048316e-13 -7.676536306848007e-7
18210 43.89141532184013 0.002515132590440729 0.0010325302426061405 0.004422197312242693 9.34419208675763e-13 -6.87786302487861e-7
18220 43.91655794154986 0.00251117001610382 0.0010343855762737916 0.0038909371507927504 9.34641253280688e-13 -6.353360857027053e-7
18230 43.94168716333696 0.002515958042490415 0.0010357401182878774 0.003919540025136781 9.349743201880756e-13 -6.877691075710469e-7
18240 43.96687200980784 0.0025178656618502467 0.001034606032775089 0.003988673610485716 9.357514763053132e-13 -7.700919242718279e-7
18250 43.9920367469138 0.0025126135297752874 0.0010337962215794562 0.004547850695977518 9.363065878176258e-13 -7.660914489771478e-7
18260 44.01715607240689 0.002516337753364935 0.0010351287168401503 0.004408864004880164 9.366396547250133e-13 -6.851238067081924e-7
18270 44.042295501813484 0.002511980982696691 0.0010369305501014804 0.003906748919031311 9.370837439348634e-13 -6.353750564585877e-7
18280 44.06744579933156 0.0025167728789704967 0.0010383462362740686 0.003909706540096203 9.375833442959447e-13 -6.905901033023296e-7
18290 44.092635693763 0.0025189227100889063 0.0010370439223360446 0.004022843112949981 9.381384558082573e-13 -7.713780685198022e-7
18300 44.11778663548381 0.00251028785221976 0.0010363672943082874 0.004560254808259501 9.384715227156448e-13 -7.645432247464279e-7
18310 44.142913524690535 0.0025171812314027722 0.0010377445630546393 0.004394374084079611 9.391931676816512e-13 -6.823747120498561e-7
18320 44.16805417111084 0.0025142286632433442 0.0010394897891648118 0.0039246106237271206 9.397482791939638e-13 -6.355043890312011e-7
18330 44.19321806718938 0.002516255301016473 0.0010409159289659373 0.003898571071994539 9.40247879555045e-13 -6.935620162573124e-7
18340 44.218411429282035 0.0025188360140733198 0.0010395214789419255 0.004053379206736429 9.408029910673577e-13 -7.725102247540876e-7
18350 44.243544202370174 0.0025097199588009567 0.00103892277370168 0.004572625164337096 9.413581025796702e-13 -7.629471615682695e-7
18360 44.2686833596426 0.0025173347011992198 0.0010403541107349996 0.004381009516244538 9.419132140919828e-13 -6.796319138456432e-7
18370 44.29383148588675 0.002516654129378148 0.0010420885636780591 0.003942771085497676 9.423017921506016e-13 -6.356965064906357e-7
18380 44.31899809009215 0.002515712221503963 0.0010434403766849112 0.003888967428055279 9.42801392511683e-13 -6.9663510674162e-7
18390 44.344193165627296 0.0025174159650623025 0.001042027031831081 0.0040822791511681 9.433565040239955e-13 -7.735447218049085e-7
18400 44.369312980141274 0.002511117499678568 0.0010414883604198937 0.004582537444241974 9.438561043850768e-13 -7.61216615240666e-7
18410 44.39446512049054 0.0025170246352085573 0.0010429315857993409 0.004369250072669861 9.443557047461582e-13 -6.769431729683473e-7
18420 44.419625856201556 0.00251821171237678 0.001044733652824269 0.003958457723784559 9.448553051072395e-13 -6.359798729125427e-7
18430 44.44478728507466 0.002516227249693089 0.0010459340413606379 0.0038826138010089606 9.45410416619552e-13 -6.997384315102217e-7
18440 44.46998075039545 0.0025149502276394895 0.0010445346003774203 0.004112136615136208 9.459100169806334e-13 -7.745582355821526e-7
18450 44.49510013579984 0.002513686199012545 0.0010440859503887089 0.004589111753450892 9.464096173417147e-13 -7.592888292286791e-7
18460 44.520263670375314 0.002517193592366313 0.0010454732795144178 0.004357268539124437 9.467981954003335e-13 -6.7428173049916e-7
18470 44.54543749149421 0.002518288098360059 0.0010474064148325534 0.0039696878287470705 9.47353306912646e-13 -6.364291740331568e-7
18480 44.57059209909093 0.0025176551712348567 0.0010484245417004515 0.003878966595538047 9.4796392957619e-13 -7.028139845516312e-7
18490 44.595780299888 0.0025125949656066284 0.0010470221268097642 0.004144369650275648 9.483525076348087e-13 -7.755976363620076e-7
18500 44.62091366403409 0.002516394578703392 0.0010467183359060253 0.004593634999648266 9.491296637520463e-13 -7.571545858880285e-7
18510 44.64608693811828 0.0025184185002781185 0.0010479984691170643 0.004341941844406838 9.494627306594339e-13 -6.715680920350506e-7
18520 44.67126746855828 0.00251673817619733 0.001050078078744687 0.003976608803020643 9.501843756254402e-13 -6.371229818438393e-7
18530 44.69641992546206 0.002519299391758579 0.0010509343823648057 0.003875501017554628 9.505174425328278e-13 -7.058476556988207e-7
18540 44.72160219423484 0.002511934115408452 0.0010494866680866442 0.004178301110161486 9.510725540451404e-13 -7.766515424381323e-7
18550 44.74675870546771 0.002518159021712799 0.0010493657282220094 0.004598768389854846 9.515166432549904e-13 -7.54854467251403e-7
18560 44.771940623754 0.0025201323139808873 0.0010505384363860676 0.004320774744602018 9.519607324648405e-13 -6.687313133689672e-7
18570 44.797117026893694 0.002514488170308179 0.0010527239050193084 0.00398147784439179 9.526268662796156e-13 -6.38096497566478e-7
18580 44.822275904065684 0.002520735967829433 0.0010534637903092834 0.003869243585485904 9.531264666406969e-13 -7.088787901013988e-7
18590 44.84745602543603 0.002513522667045665 0.0010519472415651233 0.004211598340572276 9.536260670017782e-13 -7.776577956302328e-7
18600 44.87263459521245 0.002518292502248291 0.001051996885532368 0.004606773559568067 9.54236689665322e-13 -7.524448709707795e-7
18610 44.89782426652935 0.002521294836172078 0.0010531173310308513 0.004293524045379082 9.546807788751721e-13 -6.657678094922362e-7
18620 44.922987606749075 0.0025132440570115383 0.0010553403218302635 0.003987244948311375 9.55291401538716e-13 -6.393213686839511e-7
18630 44.94816050042048 0.0025215846475854465 0.0010559957041089653 0.0038586477312523293 9.55735490748566e-13 -7.119736170490863e-7
18640 44.97334493086796 0.0025163111336013438 0.0010544329220030359 0.004241816040394086 9.562906022608786e-13 -7.785426432413412e-7
18650 44.99853555483418 0.002517352537339508 0.0010545887030710688 0.004617877174003082 9.569012249244224e-13 -7.499518726883696e-7
18660 45.023731368178936 0.0025212257958939772 0.0010557369380308304 0.004262402501224227 9.573453141342725e-13 -6.627582037123014e-7
18670 45.04887987904056 0.002513962713994424 0.0010579461131058202 0.003995632826295725 9.577894033441225e-13 -6.407254067563685e-7
18680 45.07406904129865 0.0025216174075679146 0.001058502126933423 0.003844584722809019 9.583445148564351e-13 -7.151762402129525e-7
18690 45.09926377331805 0.0025187117135710238 0.0010569623945109075 0.004268137469478184 9.588441152175164e-13 -7.792695004738447e-7
18700 45.12445426764684 0.002516722134817518 0.0010571413520011703 0.004629946327515455 9.59177182124904e-13 -7.473457295132465e-7
18710 45.14965234915882 0.00251963934367126 0.0010583762556212958 0.004230623021566848 9.59843315939679e-13 -6.598313680673843e-7
18720 45.17479245360994 0.002516185946452372 0.0010605682958015374 0.004006006868072287 9.601763828470666e-13 -6.422395837638438e-7
18730 45.19999506469455 0.002521492628882724 0.0010609662188239284 0.003829660095426568 9.60675983208148e-13 -7.184746221236554e-7
18740 45.22520220064583 0.002519621732173614 0.001059535791940499 0.004292074272059687 9.61342117022923e-13 -7.798626086167118e-7
18750 45.250384780582834 0.002517090112808181 0.0010596779920509028 0.00463980096189498 9.618417173840044e-13 -7.445598625914593e-7
18760 45.2755791153345 0.0025169559862229397 0.001061007125120193 0.004200216390054856 9.621192731401607e-13 -6.570956671879749e-7
18770 45.30072280596261 0.002518933268264397 0.0010632220493637828 0.004015858661970462 9.626743846524732e-13 -6.438438050376024e-7
18780 45.32593479788977 0.002522217550783163 0.0010633954370219574 0.003816250477860661 9.632294961647858e-13 -7.2180477273193e-7
18790 45.35114967407395 0.0025185965858251403 0.0010621279859808915 0.004316467921081202 9.637846076770984e-13 -7.803844059859136e-7
18800 45.37632403097338 0.002518059851362831 0.0010622285542776914 0.004645277694711347 9.64339719189411e-13 -7.415392970396006e-7
18810 45.40151016113586 0.002514706714425682 0.0010636150196279078 0.004170636915659887 9.647282972480298e-13 -6.54580375944458e-7
18820 45.4266695947115 0.002521309271351745 0.0010658984758205585 0.0040226200311906934 9.653944310628049e-13 -6.455803426737294e-7
18830 45.45188835051588 0.0025237395465652858 0.0010658182403848484 0.003804676114413652 9.658940314238862e-13 -7.250868778781866e-7
18840 45.47710052445988 0.002516272904400576 0.0010647080725402344 0.004343500042580217 9.66282609482505e-13 -7.808827571318538e-7
18850 45.502273234380915 0.0025190623320193043 0.001064808729822322 0.0046465757304778865 9.6694874329728e-13 -7.382776810210996e-7
18860 45.527452428657305 0.002514495818383568 0.001066206594537275 0.0041391580615152135 9.674483436583614e-13 -6.522300501276765e-7
18870 45.55263340088432 0.002522424378119989 0.0010685688624190903 0.004025545316348078 9.67781410565749e-13 -6.475223568117722e-7
18880 45.57785815978898 0.0025250536635917937 0.001068266422019771 0.0037928040439546007 9.685030555317553e-13 -7.282736511279864e-7
18890 45.60305748372974 0.0025144423949068056 0.0010672600076600692 0.004373228654337757 9.690026558928366e-13 -7.813474015884447e-7
18900 45.62823785138848 0.0025197309811174607 0.0010674100276786994 0.004645932112650075 9.69724300858843e-13 -7.348178280939394e-7
18910 45.653417385589506 0.002516441772742595 0.0010688117023869522 0.004102784221937994 9.698908343125368e-13 -6.49956950467788e-7
18920 45.67861633527158 0.002522112211008785 0.0010712026850495638 0.004026328743526264 9.707235015810056e-13 -6.497197909604777e-7
18930 45.703847550124905 0.002525426942407493 0.001070754899734113 0.0037773476831032826 9.71001057337162e-13 -7.313839729494818e-7
18940 45.72903048018332 0.00251462798084834 0.001069792319630866 0.004403655807552975 9.716116800007057e-13 -7.817051988531342e-7
18950 45.75422483503688 0.00251978409868336 0.0010700061835735926 0.004645868135179088 9.72111280361787e-13 -7.312203427677034e-7
18960 45.77941440533753 0.0025192008951966344 0.0010714596383182408 0.004060374924910959 9.727774141765622e-13 -6.477131431343306e-7
18970 45.804621943869115 0.0025215281308117415 0.001073785054406107 0.004027988193278653 9.73388036840106e-13 -6.521627489572009e-7
18980 45.82985908758728 0.0025245709954235737 0.0010732727563240963 0.003756017804726647 9.737211037474935e-13 -7.344933335583088e-7
18990 45.85503056572659 0.0025167787805096932 0.0010723307840302583 0.004432199376632973 9.741651929573436e-13 -7.818566644849281e-7
19000 45.88023956598678 0.0025195453225141068 0.0010725722386393068 0.0046472013675193935 9.7488683792335e-13 -7.275195618242761e-7
19010 45.905446169035585 0.002521193501025116 0.0010741588487148289 0.0040135517335395665 9.751643936795062e-13 -6.455339329542462e-7
19020 45.93065359710415 0.0025219038383544196 0.0010763313404221285 0.004032746559995137 9.757195051918188e-13 -6.547850094928498e-7
19030 45.95589254770386 0.0025224687821788724 0.001075790443816422 0.0037290776224274125 9.762746167041314e-13 -7.376815735511622e-7
19040 45.98106386548112 0.0025198022888581625 0.0010748990487209572 0.004457602296731422 9.76607683611519e-13 -7.817310730104085e-7
19050 46.00628448602489 0.002520018840830112 0.0010751035779712884 0.004648190692229992 9.772183062750628e-13 -7.236961972705556e-7
19060 46.03150743101746 0.0025212804542352686 0.001076890752910893 0.003965721377840681 9.778289289386066e-13 -6.435255374356494e-7
19070 46.05671112067464 0.002523187657843512 0.001078871147414214 0.004040372899253408 9.782175069972254e-13 -6.575030411257276e-7
19080 46.08194536850658 0.0025200792919080235 0.001078284211881132 0.0036991330361979824 9.789391519632318e-13 -7.409774677145815e-7
19090 46.107129409227895 0.0025226419494664906 0.001077499871163443 0.004480979337840307 9.792722188706193e-13 -7.813233583953495e-7
19100 46.132358071379635 0.0025216026745242134 0.0010776215788050217 0.0046455102671965065 9.797163080804694e-13 -7.19695224604633e-7
19110 46.15758719034969 0.00251922414569652 0.0010796209184466214 0.003919790890691166 9.803824418952445e-13 -6.418027244143741e-7
19120 46.182789721970614 0.0025245954394625836 0.0010814290933535502 0.004048206168417001 9.808265311050945e-13 -6.602685880161269e-7
19130 46.20801551395084 0.002519114359887836 0.0010807546442442267 0.0037343210777373015 9.814371537686384e-13 -7.443396395316056e-7
19140 46.233220131157466 0.0025243760868146627 0.0010801088271679387 0.004505099991071404 9.819367541297197e-13 -7.806846610781872e-7
19150 46.25845409272231 0.002523362526962292 0.0010801608819491432 0.004636497675861939 9.823808433395698e-13 -7.154825125985434e-7
19160 46.28367473833395 0.002516389181718046 0.0010823223404512765 0.003876150886471419 9.828249325494198e-13 -6.404162725065846e-7
19170 46.308882900145306 0.002525539919637213 0.001084006922165733 0.004052951724639986 9.83491066364195e-13 -6.631001900491047e-7
19180 46.33410272263866 0.0025202965721334842 0.0010832251127080945 0.003787039928137226 9.83935155574045e-13 -7.476821133308234e-7
19190 46.35932626657206 0.0025245529748488854 0.0010826942354003367 0.00453228660905991 9.844347559351263e-13 -7.798707693891169e-7
19200 46.38456385682954 0.002524134865042381 0.001082741070137834 0.004621063817665805 9.848788451449764e-13 -7.110927096425079e-7
19210 46.409766066572125 0.0025149528938011637 0.0010849934788289364 0.0038492380031294737 9.854894678085202e-13 -6.393253031630741e-7
19220 46.43498595877473 0.0025255317611160744 0.0010865826852133537 0.004052971684458062 9.859890681696015e-13 -6.660658618280052e-7
19230 46.46020751166955 0.0025227073951781427 0.0010857271512362558 0.0038358587315752146 9.865441796819141e-13 -7.509280452282219e-7
19240 46.48544110985235 0.002523980094917596 0.0010852352011397498 0.004562528233609586 9.868217354380704e-13 -7.788848725241021e-7
19250 46.510680866768055 0.0025234978674877956 0.0010853623782814475 0.00460174429068827 9.874878692528455e-13 -7.066270432351009e-7
19260 46.535865184525704 0.0025158849263255127 0.001087656932387028 0.0038755197279569664 9.878764473114643e-13 -6.384359554738317e-7
19270 46.561098390320055 0.002524602327548011 0.0010891279777115123 0.004049329200049245 9.884315588237769e-13 -6.692307717975216e-7
19280 46.58633075284981 0.002524939603784582 0.0010882777936008557 0.003880405570234835 9.88875648033627e-13 -7.540595446386966e-7
19290 46.61156503939092 0.0025239698264549783 0.0010877380535372655 0.004593296393360591 9.894307595459395e-13 -7.776584272575771e-7
19300 46.63680377612387 0.0025216026462605784 0.001088003818104671 0.004581803881285262 9.900413822094833e-13 -7.022034246417092e-7
19310 46.66198066823283 0.002518452038797768 0.0010903395049350673 0.0039034889209898505 9.906520048730272e-13 -6.376733536874249e-7
19320 46.68722550513956 0.0025239754742718405 0.0010916302875430713 0.004044784712567695 9.909295606291835e-13 -6.726149179214422e-7
19330 46.71247362831476 0.0025258320579497487 0.0010908665771245192 0.003923021102464785 9.915956944439586e-13 -7.571246266005905e-7
19340 46.73770386639452 0.002524816256737294 0.0010902314546159966 0.004621184966603908 9.918732502001149e-13 -7.760873839648312e-7
19350 46.76293679508459 0.0025193358072531486 0.0010906367819671727 0.004562826288349808 9.920952948050399e-13 -6.978910131230621e-7
19360 46.78812158495601 0.0025214501386550034 0.001093053470092167 0.003930462688134573 9.9298347322474e-13 -6.370345498791531e-7
19370 46.81337669901882 0.002524857326148747 0.001094101566513688 0.004041507352850915 9.933165401321276e-13 -6.761877297258499e-7
19380 46.83863645420915 0.0025246745724868936 0.0010934618948835748 0.003967166430441149 9.939271627956714e-13 -7.601902383835385e-7
19390 46.863864220607034 0.0025259396519263766 0.001092745746012681 0.004644184117072903 9.943157408542902e-13 -7.740978621483915e-7
19400 46.88908861896712 0.0025183360932260063 0.001093251443914985 0.004543552079392166 9.952039192739903e-13 -6.93671850120584e-7
19410 46.914293884528185 0.002523848744238473 0.001095782490407104 0.003953938248973277 9.955369861813779e-13 -6.365892637049817e-7
19420 46.93955928712635 0.0025267824798401203 0.0010965760471567164 0.004039189640318297 9.95981075391228e-13 -6.798953758757666e-7
19430 46.964818559745446 0.0025221836326138557 0.001096031219246939 0.004014974221483336 9.96647209206003e-13 -7.63278362632436e-7
19440 46.99005029487672 0.002526846695809669 0.001095291258220067 0.004662970058211591 9.970357872646218e-13 -7.716927905809045e-7
19450 47.01526873185821 0.002519605767703907 0.0010958649800558138 0.004520817574411029 9.974243653232406e-13 -6.894633267185703e-7
19460 47.04049742770805 0.002524898108585127 0.001098492372695974 0.003973625184036655 9.982015214404782e-13 -6.364281532917053e-7
19470 47.06577316376176 0.0025281963695835664 0.001099084860503927 0.004034964081845116 9.987011218015596e-13 -6.83704301613396e-7
19480 47.09101994258285 0.0025204405105833287 0.001098564339717541 0.004065781019813919 9.990341887089471e-13 -7.663334685500457e-7
19490 47.11626205663003 0.0025270626106865856 0.0010978504896316172 0.0046801951148324195 9.995337890700284e-13 -7.689470300468224e-7
19500 47.1414817706829 0.0025224131982153185 0.001098509578431511 0.004491984965510842 1.0000333894311098e-12 -6.851922216408904e-7
19510 47.16672661739021 0.002524962878205009 0.0011011544342936685 0.003991830953763431 1.0006995232458848e-12 -6.365933633129962e-7
19520 47.19201090976453 0.0025280034252717957 0.0011016347698731598 0.004025321139818239 1.0010881013045037e-12 -6.876318862221207e-7
19530 47.21724120115124 0.0025208252236846823 0.0011010805876771875 0.004116704613242761 1.001587701665585e-12 -7.692409682135283e-7
19540 47.242495178727886 0.0025263002263455157 0.001100389783909262 0.004698205859165805 1.0023093466315913e-12 -7.659540342705939e-7
19550 47.26772470115393 0.0025251771029828614 0.0011012080893119116 0.004457124523285172 1.0027534358414414e-12 -6.808651917497056e-7
19560 47.29297456951655 0.0025253744327595035 0.0011037661631289335 0.004011753369279669 1.003086502748829e-12 -6.370452568515983e-7
19570 47.31826163882997 0.0025258843819358427 0.0011042050222102966 0.004008700680974253 1.0036971254123728e-12 -6.917322566924941e-7
19580 47.34348168944901 0.0025229096913737792 0.001103609670229303 0.00416487280374811 1.0043632592271479e-12 -7.718858434030765e-7
19590 47.368744542301876 0.002525382393424864 0.0011028960531194354 0.004716917321153424 1.004807348436998e-12 -7.62758544835089e-7
19600 47.39398900076656 0.0025266488845512346 0.0011039587871717388 0.004419215158538492 1.0053069487980792e-12 -6.765820852808191e-7
19610 47.419235932525005 0.0025266520033280677 0.0011063527029957934 0.004034905703934555 1.0058620603103918e-12 -6.376936583750437e-7
19620 47.444516411808785 0.002522604238051115 0.0011067649022271527 0.003986680496718187 1.0063616606714731e-12 -6.960469632749655e-7
19630 47.46973967948525 0.0025255211193850463 0.0011061683090816423 0.004209704554506755 1.0066947275788607e-12 -7.742147565955801e-7
19640 47.49500842433966 0.002525606064071537 0.0011053796679241813 0.004733555797734157 1.0072498390911733e-12 -7.593275272348501e-7
19650 47.52026496646806 0.002526094365765956 0.0011067264224446814 0.004382063333170261 1.0077494394522546e-12 -6.724823167613553e-7
19660 47.545507501702104 0.0025280800480866027 0.0011089448840193449 0.0040597525269540635 1.008249039813336e-12 -6.384689882101002e-7
19670 47.57077412811191 0.0025202756845899305 0.0011092988910357362 0.003962699956360505 1.008915173628111e-12 -7.005696244840459e-7
19680 47.596014237172355 0.002527561460389459 0.0011087453854507026 0.004253426747333755 1.009359262837961e-12 -7.762525180213253e-7
19690 47.62128855510794 0.0025270072407842284 0.0011078741616212331 0.004744534888829199 1.0098033520478111e-12 -7.555882913286988e-7
19700 47.64654645744652 0.0025239125936792474 0.0011094744699327082 0.004347483538734043 1.01019193010643e-12 -6.686582785979736e-7
19710 47.67178949308751 0.0025290796358791202 0.001111560978309543 0.00408271177696784 1.0109690862236675e-12 -6.39379551277755e-7
19720 47.697043004945336 0.002520660928686285 0.0011118173308357902 0.003939361364388938 1.0115797088872114e-12 -7.052507643395649e-7
19730 47.72230579992387 0.0025281944696464703 0.0011113088056496395 0.004299299420878699 1.011912775794599e-12 -7.780559816263424e-7
19740 47.74758740172005 0.002528386156641807 0.0011104138025913436 0.004748064228510374 1.0127454430630678e-12 -7.5150312502315e-7
19750 47.772835010272864 0.0025219687074495133 0.0011121880683278966 0.0043139429055756295 1.013022998819224e-12 -6.650965994573366e-7
19760 47.798085949064316 0.0025294695587006386 0.001114189961037693 0.004100732548625585 1.0134115768778429e-12 -6.405123418753262e-7
19770 47.823335094062784 0.0025233739762540413 0.0011143504092306646 0.003916469012830659 1.0141332218438492e-12 -7.100309756899001e-7
19780 47.848616419908474 0.0025277953859220775 0.0011138272586579986 0.004348943464715926 1.0145773110536993e-12 -7.796436199944472e-7
19790 47.87390641870876 0.0025285902968220446 0.0011130099923738932 0.004745487806229409 1.0150214002635494e-12 -7.471178372799722e-7
19800 47.89913908751878 0.002521923435636389 0.001114881999169894 0.004277749493746152 1.0154099783221682e-12 -6.616970987484762e-7
19810 47.92440220837324 0.002529093368915115 0.0011168021244223486 0.004113425359394074 1.0162981567418683e-12 -6.419758220423527e-7
19820 47.9496590858827 0.002526662192468767 0.0011169252911386923 0.003891239541864655 1.0168532682541809e-12 -7.14881046267653e-7
19830 47.97495001182254 0.0025278502962399105 0.0011162931628736221 0.004400874119046216 1.017297357464031e-12 -7.809556829527883e-7
19840 48.00024506091432 0.002526979086063745 0.0011156442345128402 0.0047402493363694065 1.0176304243714185e-12 -7.425482810954093e-7
19850 48.02546802517008 0.0025237442037732206 0.0011175861810376238 0.004235847580747576 1.0182965581861936e-12 -6.583561666661472e-7
19860 48.05074282528116 0.0025286034545042566 0.001119375666174861 0.0041231179766150206 1.018796158547275e-12 -6.438290725594137e-7
19870 48.076016593291804 0.0025290133215390273 0.0011195408551930826 0.0038605620878993108 1.0191847366058937e-12 -7.198199164240316e-7
19880 48.10130963677782 0.002528959165311615 0.0011187343664650908 0.004451342898435184 1.019684336966975e-12 -7.818745021973395e-7
19890 48.12660071298739 0.0025239089788134978 0.0011182834033698305 0.004735218496958571 1.020128426176825e-12 -7.379139171944764e-7
19900 48.151826532600374 0.0025263766942945458 0.0011203193488100527 0.0041880604538395705 1.0204614930842126e-12 -6.550485938727134e-7
19910 48.17711106147954 0.002529269657192606 0.001121916366451774 0.00413273934239855 1.0212941603526815e-12 -6.460521688225018e-7
19920 48.20240152819915 0.0025294420765056935 0.0011221674640354172 0.003823720520680196 1.0215717161088378e-12 -7.248827886931477e-7
19930 48.22769357606122 0.0025302023033431727 0.0011211871101215465 0.0044969164561868835 1.0221268276211504e-12 -7.822950611354438e-7
19940 48.25297131741528 0.002521271106304908 0.0011209082285766005 0.004730465020699848 1.022681939133463e-12 -7.332627047033631e-7
19950 48.27821321798272 0.002528667308700026 0.0011230629710666372 0.004137037660091991 1.0231815394945443e-12 -6.518494978488597e-7
19960 48.30350688003387 0.0025311383211593158 0.0011244560504373715 0.004143126561037713 1.0237921621580881e-12 -6.485768046433395e-7
19970 48.32880311560066 0.0025281026347570602 0.0011247673347287365 0.0037833572907359225 1.0242362513679382e-12 -7.300606622937661e-7
19980 48.35409566589315 0.0025306705001833726 0.0011236728798938833 0.004536891969204038 1.024624829426557e-12 -7.821953249501773e-7
19990 48.37935781136792 0.002521024369959457 0.0011235277261476741 0.0047233022681328896 1.0251799409388695e-12 -7.285494206185628e-7
20000 48.404621672779314 0.0025295515050999346 0.0011257939388442412 0.004085902519237905 1.0256795412999509e-12 -6.488838840308653e-7
20010 48.42992503364282 0.0025328335844912757 0.001127025447631642 0.004151958287582969 1.0261791416610322e-12 -6.513521354171298e-7
20020 48.45521289882421 0.002526803603429702 0.0011273222507387844 0.00374364465782534 1.0267342531733448e-12 -7.35269844216388e-7
20030 48.480509193986784 0.002530099272539607 0.001126183236016975 0.00457351587582866 1.0271228312319636e-12 -7.816460327568497e-7
20040 48.50576276426508 0.0025231645502208203 0.0011261722281601379 0.004710615405152496 1.02784447619797e-12 -7.236914119923294e-7
20050 48.53104440699967 0.0025290906714149713 0.0011284799322362265 0.004035400441005366 1.0281775431053575e-12 -6.462383893872034e-7
20060 48.556357442379436 0.00253313171925011 0.0011296425407606072 0.004155339797307034 1.0286216323152075e-12 -6.543969574245023e-7
20070 48.58162952319162 0.0025271778958961028 0.0011298413075213393 0.003750725731253679 1.0292322549787514e-12 -7.403764815307884e-7
20080 48.606930358286 0.002528670348652581 0.00112868964763852 0.004609724127542236 1.0298428776422952e-12 -7.80748858106306e-7
20090 48.63218795014701 0.002526098305914502 0.0011288680986438352 0.004691602889604685 1.0301759445496828e-12 -7.18652507301909e-7
20100 48.65747858038927 0.00252884171365432 0.0011311145857588539 0.003982890474570011 1.0305645226083016e-12 -6.439042151114641e-7
20110 48.68279750008016 0.002531417981432571 0.001132288634314944 0.0041508364784675345 1.0311751452718454e-12 -6.57792624429894e-7
20120 48.70805741183654 0.0025290915169464932 0.0011323604466363265 0.0038199263943317074 1.0314527010280017e-12 -7.452571439358312e-7
20130 48.73336119360405 0.0025275406756260026 0.001131167937696233 0.004646357945998769 1.0321188348427768e-12 -7.795528965353184e-7
20140 48.75863406585113 0.002528253865123945 0.0011316145054008223 0.004668660853669682 1.0325629240526268e-12 -7.134833497104672e-7
20150 48.783927350972505 0.0025298229341467315 0.0011337230476304845 0.003927268066332257 1.0327849686575519e-12 -6.418030809950652e-7
20160 48.80924298497354 0.002527991373298159 0.0011349292144046549 0.004139414225147076 1.0337841693797145e-12 -6.616198442012408e-7
20170 48.83450363969695 0.002531637488906659 0.0011349012144182106 0.003885837610743015 1.0342282585895646e-12 -7.498593999321276e-7
20180 48.85981017053538 0.0025281586885355055 0.00113362639171549 0.0046811868069072116 1.0347833701018772e-12 -7.780152871770799e-7
20190 48.885100810009945 0.00252866145003542 0.0011343703607809626 0.004645605566919508 1.0354495039166522e-12 -7.082911343041559e-7
20200 48.91039561788316 0.002531305331107001 0.0011363428136798534 0.003972046990155242 1.035838081975271e-12 -6.398731346151217e-7
20210 48.93569833809123 0.00252487390987756 0.0011375426775033972 0.004124629544535963 1.0361156377314273e-12 -6.658985189722079e-7
20220 48.96097524084856 0.002533956333733054 0.0011374557235150021 0.003950570022396849 1.0369483049998962e-12 -7.542143612724756e-7
20230 48.98628711008376 0.0025303847737403067 0.0011360984969336374 0.004710480573923759 1.037336883058515e-12 -7.760389373348716e-7
20240 49.01158700360132 0.002527542742711221 0.0011371046396696802 0.004624606259276853 1.0379475057220588e-12 -7.031625410215219e-7
20250 49.03688620957811 0.0025321509393726634 0.0011389922480554088 0.0040148467817451294 1.0384471060831402e-12 -6.381409866804606e-7
20260 49.06217373146841 0.002524350548528367 0.001140137124691817 0.0041097566231100835 1.038835684141759e-12 -6.705780818079246e-7
20270 49.0874755180136 0.0025350243119292132 0.0011399920154843755 0.004017616121712697 1.0394463068053028e-12 -7.583798429582413e-7
20280 49.112796171156766 0.0025326253384892017 0.001138621192882036 0.004731934961345052 1.040112440620078e-12 -7.735604412112211e-7
20290 49.138092293056374 0.0025265946801350725 0.0011398008635442743 0.0046043247206271065 1.0405010186786967e-12 -6.980970730874968e-7
20300 49.16339877017435 0.002531770374013602 0.0011416627535912847 0.00405187688016212 1.0408895967373155e-12 -6.367242742404599e-7
20310 49.188678569555805 0.002526548453223537 0.0011427384898905653 0.004095225425288618 1.0415557305520906e-12 -6.755746232002351e-7
20320 49.21400268816676 0.0025347950988621965 0.0011424793933056318 0.004088731587622463 1.0421108420644032e-12 -7.623604152706166e-7
20330 49.23933342764383 0.002533499981856554 0.0011412072319174026 0.00474664359520649 1.0426104424254845e-12 -7.706169173425496e-7
20340 49.26461743162942 0.002527211175400564 0.0011424726988376757 0.004580891936554532 1.0430545316353346e-12 -6.930136499894114e-7
20350 49.28992983445642 0.0025301862886134246 0.0011443245572259775 0.004082169049235307 1.0436096431476471e-12 -6.357629626760255e-7
20360 49.31521515457443 0.0025297566540943913 0.0011453745579459807 0.004078428050782179 1.043998221206266e-12 -6.808262617017183e-7
20370 49.34055278191576 0.002534673186916051 0.0011449115395332022 0.004162072514483861 1.0445533327185785e-12 -7.660715840955568e-7
20380 49.36588893761912 0.0025322844189346596 0.0011438353719999462 0.0047583055437342425 1.0451639553821224e-12 -7.673346245004597e-7
20390 49.39116178680022 0.0025290482649529826 0.0011451519854726953 0.004550997012144564 1.045719066894435e-12 -6.878317130778328e-7
20400 49.41647574161547 0.0025287164843235278 0.0011469551289178062 0.004108033565273672 1.0462186672555163e-12 -6.353319318558315e-7
20410 49.44177814899207 0.0025321735117156264 0.001148042439341334 0.004056135989941256 1.0467182676165976e-12 -6.863259012779288e-7
20420 49.46712142600524 0.0025353885996212814 0.0011473205355572442 0.00423317636746523 1.047217867977679e-12 -7.693737612965088e-7
20430 49.492451592020345 0.0025293123410372854 0.0011464630264565996 0.004770168700840127 1.0477174683387602e-12 -7.63844140385609e-7
20440 49.51772279231485 0.0025311415587971117 0.0011478591985454407 0.004514476350530039 1.0482725798510728e-12 -6.825526326845188e-7
20450 49.543036537521544 0.0025291521243138706 0.001149561834043225 0.004132703504858337 1.0486611579096916e-12 -6.3540928167162e-7
20460 49.56835787673056 0.0025325700905738505 0.0011507080093342925 0.004027620042536151 1.049382802875698e-12 -6.920938943107829e-7
20470 49.59370340349276 0.0025360958059005493 0.001149747879692962 0.004298113429575534 1.0501044478417043e-12 -7.721553934737085e-7
20480 49.61901633678882 0.002526625044734628 0.001149075271736456 0.004782377684773298 1.0503820035978606e-12 -7.601862386016206e-7
20490 49.644298373058554 0.0025328505608748775 0.0011505888323471455 0.004474134336525437 1.0509371151101732e-12 -6.77272268747621e-7
20500 49.66961518442435 0.0025314348967106857 0.0011521787795990203 0.004157159618504158 1.0514922266224858e-12 -6.359268151043956e-7
20510 49.694945835563885 0.0025312883732017083 0.0011533318254290839 0.003995684222257934 1.0519363158323358e-12 -6.981140890198467e-7
20520 49.720294434306865 0.002535844947653238 0.0011522145426283192 0.004356305100147284 1.0524359161934171e-12 -7.744057890762129e-7
20530 49.745587933103195 0.002526299346385365 0.0011516835549243202 0.004792066988038801 1.0529355165544985e-12 -7.562884232100429e-7
20540 49.77088832837619 0.002533607380028183 0.001153303226293355 0.00443293102920117 1.0536571615205048e-12 -6.72120564214492e-7
20550 49.79621390837045 0.002533785804042151 0.001154836666210103 0.00417893132782049 1.0539902284278924e-12 -6.36855431286982e-7
20560 49.821541054855416 0.0025304943208336495 0.0011558988566458409 0.003964516693711895 1.05432329533528e-12 -7.043011703189138e-7
20570 49.84689368496478 0.0025341705252962 0.0011547083561694556 0.004410531550873675 1.0553224960574425e-12 -7.762114447433526e-7
20580 49.872177029590596 0.00252838100121917 0.0011543187537088554 0.004796043094604019 1.0557110741160614e-12 -7.520340133218928e-7
20590 49.89749512487839 0.002533694721084539 0.001155973611882986 0.0043909279621515696 1.0560996521746802e-12 -6.671742509951692e-7
20600 49.92283311942836 0.0025347531594361386 0.0011575471222950789 0.0041939958388081955 1.0566547636869927e-12 -6.382535810828363e-7
20610 49.94815047703687 0.0025316300467099003 0.0011584245741459204 0.003936244803987687 1.0570433417456115e-12 -7.10523445019729e-7
20620 49.97350409416098 0.002531376652268024 0.0011571982181415796 0.004464097243151555 1.0577649867116179e-12 -7.776752494971688e-7
20630 49.99879357173547 0.0025314334762344985 0.0011570032963982679 0.004793734811289196 1.0581535647702367e-12 -7.473616285271218e-7
20631 50.0 0.0012064282645312119 0.001157067689837166 0.004788945035662184 1.058209075921468e-12 -7.436750387142001e-7
