#timestep time dt l2_scalar linf_scalar cons_scalar dsdu_ut 
0 0.0 1.0 4.554711012775852e-18 8.326672684688674e-17 0.0 -6.059146842305857e-16
10 0.026187643703910152 0.0026380980861154535 2.3207095738476296e-5 0.00011068335739472523 6.661338147750939e-16 -1.5675083332116101e-9
20 0.052768447048026856 0.0026614824153511256 2.369460530805862e-5 7.747114098294317e-5 9.43689570931383e-16 -3.1985219391756353e-9
30 0.0795082088968945 0.0026807870678911957 1.8108029824224057e-5 6.298936171478253e-5 1.3877787807814457e-15 -6.688068967646226e-10
40 0.10626129185182864 0.0026775837971215553 2.077491903754412e-5 0.00010476843359219501 2.0539125955565396e-15 -7.14560680127946e-10
50 0.1330376097631793 0.002667702463184574 2.1261394184617197e-5 0.00010290487108888247 2.609024107869118e-15 -2.757804693291419e-10
60 0.15975814997779653 0.0026774793259849257 2.2843824000310003e-5 0.00010004779291539201 3.1086244689504383e-15 -2.52627466277257e-10
70 0.1864411255203797 0.002668888451388644 2.0491220014538168e-5 6.161449717168033e-5 3.7192471324942744e-15 -1.068527493028814e-9
80 0.2131712911927527 0.002670279882970423 2.1029358422267074e-5 5.804931844660688e-5 4.3298697960381105e-15 -5.18797198682309e-10
90 0.23984550688413567 0.0026702463746195873 2.2364188807403297e-5 8.688671001721993e-5 4.6074255521944e-15 -9.592440309950934e-10
100 0.2665467222725975 0.00266531250515192 2.2173128569629243e-5 8.618675197336056e-5 5.218048215738236e-15 -5.75515230307258e-10
110 0.2932167136934237 0.002671076161202597 2.1286454333768733e-5 7.570454962707585e-5 5.495603971894525e-15 -4.6920850147944e-10
120 0.31989295898377396 0.0026673319026687386 1.9552802248445754e-5 5.7678644538657065e-5 6.161737786669619e-15 -9.228151927505313e-10
130 0.3465882646096117 0.002667528443002586 1.9955576213645084e-5 6.197410306629791e-5 6.661338147750939e-15 -5.320339221265291e-10
140 0.3732562853995085 0.0026701365396581537 2.1412615920493994e-5 9.142422051777732e-5 7.105427357601002e-15 -9.689727301781526e-10
150 0.39995503676299476 0.002668955339314821 2.0769894529106533e-5 8.192356576885995e-5 7.605027718682322e-15 -4.261400034927254e-10
160 0.42667683580841315 0.002675053692059626 1.9422791566204498e-5 6.269279195825206e-5 8.049116928532385e-15 -5.206877862901083e-10
170 0.4534323934350262 0.002675508520479035 1.890619929039519e-5 5.406033835997359e-5 8.604228440844963e-15 -7.428848074891858e-10
180 0.4801950380156692 0.0026755532581400564 1.9982983580436014e-5 7.533163776152207e-5 9.048317650695026e-15 -5.546425905361696e-10
190 0.5069391373807468 0.0026761927839619288 2.1375474632250086e-5 9.280602991934561e-5 9.603429163007604e-15 -6.41150772447488e-10
200 0.5336938847935789 0.002675446551941512 2.0371344951012343e-5 7.984837507879483e-5 1.0103029524088925e-14 -3.7192404451352745e-10
210 0.5604979926171251 0.002682524778876377 1.8835253557357187e-5 5.441394082295048e-5 1.0658141036401503e-14 -6.156156730219298e-10
220 0.5873280486344572 0.0026834250011575876 1.905245170848178e-5 5.597173475396788e-5 1.1102230246251565e-14 -7.449712218637883e-10
230 0.6141723413804683 0.0026842492849487687 2.023593867694568e-5 8.56210638442434e-5 1.1712852909795402e-14 -5.831111062754024e-10
240 0.6410020570300548 0.002684552220715783 2.0783608928124836e-5 9.124838584273487e-5 1.226796442210798e-14 -5.087718250168516e-10
250 0.6678405202792336 0.002683576728498696 1.9260130490736105e-5 7.356601333485813e-5 1.2656542480726785e-14 -3.956375288147185e-10
260 0.6947406431780296 0.0026915623669567955 1.8025756549847737e-5 5.221639559443991e-5 1.304512053934559e-14 -5.391315653462125e-10
270 0.7216502426577137 0.0026925364779137023 1.9238496095114415e-5 6.66260284496456e-5 1.3988810110276972e-14 -6.726720411156378e-10
280 0.7485871164095754 0.002693561001423114 2.0401441499613005e-5 9.308751429426554e-5 1.4432899320127035e-14 -4.990172011503854e-10
290 0.7755192736681615 0.0026957298402333248 2.0491733821279736e-5 8.88751530501164e-5 1.454392162258955e-14 -3.791459056976844e-10
300 0.8024805110919949 0.002695067369789491 1.9093941959529252e-5 6.832215917706996e-5 1.5210055437364645e-14 -4.469383627975958e-10
310 0.8294996686318841 0.002703499503554777 1.8885543687862055e-5 5.720803160991217e-5 1.582067810090848e-14 -5.401521993714378e-10
320 0.8565079311185078 0.0027033036612824648 2.0804828931447974e-5 7.730714332854216e-5 1.637578961322106e-14 -6.777184318666408e-10
330 0.8835387915234875 0.002701496053560171 2.1258927588877157e-5 9.388130639031989e-5 1.687538997430238e-14 -5.196223475673299e-10
340 0.9105696092680935 0.0027052939160848 2.0918942738937007e-5 8.00180173319287e-5 1.73749903353837e-14 -4.868825701916552e-10
350 0.937627045483167 0.0027050622261477588 1.9207066289694434e-5 6.475549887541288e-5 1.765254609153999e-14 -6.765633119461736e-10
360 0.9647207209089854 0.0027099419215416047 1.9519823751399477e-5 5.688112544782742e-5 1.8485213360008856e-14 -7.629907340750162e-10
370 0.9917785735925146 0.0027077417526197973 2.0978346057632624e-5 8.751895699654622e-5 1.8540724511240114e-14 -7.339627984375651e-10
380 1.018842815116798 0.002703146960973954 2.033176463320874e-5 9.221633058620338e-5 1.942890293094024e-14 -4.745620150555433e-10
390 1.045909448387334 0.002708426555484355 1.9405016269941582e-5 6.907845245335276e-5 1.992850329202156e-14 -4.453735389819451e-10
400 1.0729824223577182 0.002707957360176972 1.796910732149534e-5 5.3769626559785344e-5 2.0317081350640365e-14 -6.553045745652841e-10
410 1.1000753695893344 0.002707727035688546 1.925212483488061e-5 6.999823960240903e-5 2.09277040141842e-14 -6.743561399799677e-10
420 1.1271190603442753 0.002705740608549982 2.061797541670974e-5 9.710237046700598e-5 2.1149748619109232e-14 -4.70624737680561e-10
430 1.1541636172451484 0.002701273461263038 1.9893428922626875e-5 8.900146555912425e-5 2.1926904736346842e-14 -4.1863957590658083e-10
440 1.181215638257225 0.002706916626989745 1.883377216135684e-5 6.55455603613131e-5 2.2426505097428162e-14 -4.616963581638618e-10
450 1.2082666763682963 0.0027062704748328265 1.8677011319640826e-5 5.8381725514866645e-5 2.270406085358445e-14 -6.969309721883456e-10
460 1.2353241558813373 0.0027030255356668997 2.0283355570474677e-5 7.993783600412918e-5 2.3370194668359545e-14 -5.551315763682469e-10
470 1.262344188785532 0.0027034190062161694 2.1095259917638946e-5 9.845363006699692e-5 2.3869795029440866e-14 -3.7151008029472077e-10
480 1.2893691466602508 0.002701022140294997 2.009338769454532e-5 7.828070772475382e-5 2.4424906541753444e-14 -4.392663299074284e-10
490 1.3164133194283074 0.0027059584995197416 1.87066165841766e-5 5.998349729041674e-5 2.4924506902834764e-14 -5.700857984465568e-10
500 1.3434620325689337 0.0027054008019181085 1.9576750569976194e-5 6.192128474924452e-5 2.5590640717609858e-14 -7.87614026082073e-10
510 1.3705013726820858 0.002701606813961679 2.072237632242788e-5 9.011656906354748e-5 2.603472992745992e-14 -5.48542121447948e-10
520 1.3975262480250246 0.0027039141920098732 2.0806795923217623e-5 9.584656391425916e-5 2.6423307986078726e-14 -4.394452701034224e-10
530 1.424556713404728 0.002703115004966516 1.9423907329989377e-5 6.677917899788888e-5 2.7200464103316335e-14 -4.971190837449457e-10
540 1.4516156304773333 0.002706671743900416 1.849199808409661e-5 5.437542870456724e-5 2.7533531010703882e-14 -6.493624509634754e-10
550 1.4786729326002774 0.0027054008857864765 2.0119491171831003e-5 7.375616849392141e-5 2.8033131371785203e-14 -6.965194835825694e-10
560 1.5057109942803688 0.0027024775642354323 2.0897757283515396e-5 9.797520243115532e-5 2.864375403532904e-14 -4.708256276172995e-10
570 1.532753156011299 0.0027051753889090354 2.0430378196659295e-5 8.774362563490623e-5 2.914335439641036e-14 -4.331366784335322e-10
580 1.5598009537716262 0.0027061634900358523 1.8949189056646228e-5 6.500552984156638e-5 2.9531932455029164e-14 -5.29516354375037e-10
590 1.5868797918271695 0.002707498838339151 1.9006011809941826e-5 5.754583491013321e-5 3.0142555118573e-14 -7.195943892840395e-10
600 1.6139425522638244 0.0027057962156694657 2.0620323968320397e-5 8.519385859129258e-5 3.047562202596055e-14 -6.100951653598141e-10
610 1.640991889661663 0.0027042661206027685 2.0947921467883467e-5 0.0001000296110297283 3.114175584073564e-14 -4.3154545735502037e-10
620 1.6680554918478874 0.002707300803328942 1.982443245602261e-5 7.659262231962671e-5 3.1585845050585704e-14 -4.311030300102603e-10
630 1.6951300319508227 0.0027098032882808733 1.8697524747853e-5 5.93369635909502e-5 3.236300116782331e-14 -6.224136774556077e-10
640 1.7222300272103856 0.0027081169627258834 1.961730095291722e-5 6.513139166663962e-5 3.291811268013589e-14 -6.93838452837936e-10
650 1.7493048183889026 0.002707628697877174 2.0904111395267524e-5 9.55485085247787e-5 3.319566843629218e-14 -5.159095858853213e-10
660 1.7763789562356498 0.002707044681086387 2.0814291356175295e-5 9.5342790706332e-5 3.375077994860476e-14 -3.921362907240329e-10
670 1.8034719385301485 0.0027108748641478894 1.9297664014977875e-5 6.811413430962698e-5 3.430589146091734e-14 -4.614110348004829e-10
680 1.8305824282239922 0.0027130260403219544 1.903912184597364e-5 5.6615434727957936e-5 3.469446951953614e-14 -7.117921715210483e-10
690 1.8577007450551648 0.0027088217547925324 2.0413470748720887e-5 7.782861156990784e-5 3.530509218307998e-14 -6.151764453936794e-10
700 1.8847954686582846 0.002710281805032261 2.1235574762535173e-5 0.0001012447468923261 3.574918139293004e-14 -4.749542714350178e-10
710 1.911890905680652 0.0027096508919939467 2.0584592478050705e-5 8.60476397269716e-5 3.597122599785507e-14 -4.15168583010893e-10
720 1.9390109598283072 0.002713442743250021 1.90001977819688e-5 6.527408171130844e-5 3.68594044175552e-14 -5.70616615163444e-10
730 1.9661434918887855 0.0027138932215424027 1.9638204765438076e-5 5.883165876008345e-5 3.7192471324942744e-14 -7.523206605178463e-10
740 1.9932622109399398 0.002709019038091075 2.0943191707619264e-5 9.047684386942478e-5 3.7636560534792807e-14 -5.689975162815178e-10
750 2.020368601567697 0.0027116483110488556 2.1097333537593918e-5 9.99860696772048e-5 3.808064974464287e-14 -4.411295399505521e-10
760 2.04747097498725 0.002711198431681263 1.986809475431274e-5 7.466520535925891e-5 3.8746783559417963e-14 -4.518563783105586e-10
770 2.0746070902182856 0.0027138527391130205 1.888964903504708e-5 5.828456544854088e-5 3.93574062229618e-14 -6.361050990029879e-10
780 2.101737227478268 0.0027127156913184054 2.0201485308205733e-5 7.056950350359248e-5 3.957945082788683e-14 -6.676755439421144e-10
790 2.128843660249577 0.0027088205398322737 2.1219696475137357e-5 0.00010071452818871673 4.0190073491430667e-14 -5.250717078373025e-10
800 2.1559494929785545 0.0027111958966229916 2.0757344090345428e-5 9.316344344156846e-5 4.08006961549745e-14 -4.0442858031794124e-10
810 2.1830531171078698 0.0027123291703073627 1.933885657557315e-5 6.928596886268679e-5 4.118927421359331e-14 -5.224138427453978e-10
820 2.2101913641839515 0.002712629717586087 1.9360672486130595e-5 5.7479765443402275e-5 4.1744385725905886e-14 -6.787238046574275e-10
830 2.23730651158212 0.0027110399826255497 2.0928387370761214e-5 8.394960457858147e-5 4.218847493575595e-14 -5.857281053407715e-10
840 2.2644014111324204 0.0027089170016920874 2.137225837696349e-5 0.00010421860513754044 4.285460875053104e-14 -4.778670731689361e-10
850 2.2915039762557825 0.002710327223901902 2.0371946740808185e-5 8.295024935778272e-5 4.335420911161236e-14 -4.074991758959423e-10
860 2.318615793981019 0.0027135779934664727 1.9179432719975134e-5 6.491379818940324e-5 4.390932062392494e-14 -6.139959651818572e-10
870 2.345747845784931 0.002711249241356143 2.0058455547449244e-5 6.24078758609814e-5 4.4353409833775004e-14 -6.98541655942686e-10
880 2.3728519158277046 0.002710035097269899 2.1434459320583235e-5 9.629151709888983e-5 4.4797499043625066e-14 -5.320560606675295e-10
890 2.399944500345502 0.0027095291568387074 2.11727714441806e-5 0.00010052964880202797 4.5352610555937645e-14 -4.356303946045914e-10
900 2.4270487310217344 0.0027105892601830524 1.9902888306112865e-5 7.152889839034948e-5 4.579669976578771e-14 -4.67563291903228e-10
910 2.45417338733773 0.0027140518856002536 1.938652883894285e-5 5.8856232342585635e-5 4.629630012686903e-14 -6.772463770343684e-10
920 2.481294882863502 0.002710210508250961 2.0786980968352302e-5 7.634843542125846e-5 4.6851411639181606e-14 -6.620858887182446e-10
930 2.5083939677798193 0.0027097600380353586 2.168319276795872e-5 0.00010433065069870295 4.7406523151494184e-14 -4.718851715629357e-10
940 2.53549011613407 0.002710305276521824 2.0870143029023258e-5 9.172572068816276e-5 4.7906123512575505e-14 -4.1420028778355045e-10
950 2.562602198118368 0.0027119105828552325 1.9554342933972905e-5 7.027705082640612e-5 4.8405723873656825e-14 -5.550249738972557e-10
960 2.589736077591907 0.0027134933052305557 1.996491062652953e-5 5.972548282123791e-5 4.873879078104437e-14 -6.980200844414197e-10
970 2.6168477205575074 0.002709701563772466 2.145535238560188e-5 8.974993187016445e-5 4.9460435747050724e-14 -5.928989573605881e-10
980 2.6439479103595374 0.0027103261968523386 2.158690831306886e-5 0.00010566872137296457 4.951594689828198e-14 -4.310596124837418e-10
990 2.671051347670906 0.0027112782275991423 2.0435173102676033e-5 7.977913480439192e-5 5.040412531798211e-14 -4.4660536510296445e-10
1000 2.69817858929858 0.002713358630062603 1.945681848189628e-5 6.521001442472141e-5 5.079270337660091e-14 -6.286880122399752e-10
1010 2.7253150360444662 0.0027127954810828724 2.066584731782375e-5 6.915782078042998e-5 5.1458837191376006e-14 -6.809935247003088e-10
1020 2.7524217597304457 0.0027098564925567784 2.1858886740440183e-5 0.00010104314140568782 5.184741524999481e-14 -5.1121494602617e-10
1030 2.779529947187649 0.002711353502455847 2.1236142308407728e-5 0.00010017410608853528 5.229150445984487e-14 -4.1483408995770556e-10
1040 2.8066448462744193 0.00271291429895391 2.005022165454842e-5 7.356688082171825e-5 5.2735593669694936e-14 -5.132361035052905e-10
1050 2.833788870899649 0.0027140543286641975 1.9808839243087904e-5 5.838066277741305e-5 5.340172748447003e-14 -6.741513616100004e-10
1060 2.8609233585941913 0.002712452477641673 2.1400942224954446e-5 8.28327260412598e-5 5.384581669432009e-14 -6.356589263813097e-10
1070 2.888029966301028 0.0027107482461859005 2.2005532603753347e-5 0.00010743247514777288 5.417888360170764e-14 -4.463434470583809e-10
1080 2.91514974922966 0.002711957487686785 2.085308219593858e-5 8.933451517956215e-5 5.46229728115577e-14 -4.2849333516894927e-10
1090 2.942279061099843 0.002715013457946164 1.9833736191827746e-5 7.132267613652044e-5 5.5067062021407764e-14 -5.915097940307691e-10
1100 2.969429839029342 0.0027136656418720044 2.0515020800552357e-5 6.180622569218475e-5 5.573319583618286e-14 -7.004592536562471e-10
1110 2.9965586152566543 0.002711956889822487 2.192883293846245e-5 9.544478743472862e-5 5.6343818499726694e-14 -5.620410567381608e-10
1120 3.023667982593238 0.0027119648020054433 2.180664899501811e-5 0.00010682034601283696 5.689893001203927e-14 -4.134232060387696e-10
1130 3.0507960363928746 0.002712284610137113 2.0466732413853108e-5 7.520421381046472e-5 5.723199691942682e-14 -4.648389080397897e-10
1140 3.0779393743054095 0.0027162518958220353 1.993645957704565e-5 6.470779694733864e-5 5.773159728050814e-14 -6.546398425399824e-10
1150 3.1050839969576574 0.002712633208962081 2.1316362685943606e-5 7.615188080878355e-5 5.828670879282072e-14 -6.858450039054081e-10
1160 3.132204918407449 0.002711346594858371 2.220064155775798e-5 0.00010512660153860764 5.889733145636455e-14 -4.769901965503972e-10
1170 3.159318960751458 0.0027128485507426866 2.1463731942767007e-5 9.884120937231344e-5 5.950795411990839e-14 -4.171857432316064e-10
1180 3.186450394267086 0.002712993866361044 2.020874281304941e-5 7.50858570082169e-5 5.984102102729594e-14 -5.286110772942539e-10
1190 3.213601981069155 0.0027157320950673253 2.047279456230255e-5 5.962819468824376e-5 6.039613253960852e-14 -6.911508953859596e-10
1200 3.2407322394280254 0.002711609368154712 2.2046257691107126e-5 8.980129586211305e-5 6.084022174945858e-14 -6.221088401370256e-10
1210 3.2678468015723423 0.0027110437555523917 2.2216834141408068e-5 0.00010932204647684518 6.13398221105399e-14 -4.2012891548950243e-10
1220 3.2949664089266704 0.00271322316354907 2.104442636216503e-5 8.568985505197357e-5 6.189493362285248e-14 -4.506304671861999e-10
1230 3.322101555506236 0.002714227543440596 2.0195238948126966e-5 7.154383685981092e-5 6.250555628639631e-14 -6.101641921753276e-10
1240 3.34925208750944 0.0027139158775299583 2.120455003408025e-5 6.828637695821538e-5 6.289413434501512e-14 -6.855922869350439e-10
1250 3.3763687165667666 0.0027110919688650833 2.2441234979292294e-5 0.00010161372957218084 6.34492458573277e-14 -5.347915721376495e-10
1260 3.4034814396555304 0.0027113223790314906 2.1936819180525772e-5 0.00010609624199620082 6.389333506717776e-14 -4.0772549746159736e-10
1270 3.4306064139109202 0.0027134112065673524 2.0654386153102034e-5 7.575551235150524e-5 6.439293542825908e-14 -5.00544000345271e-10
1280 3.4577484131250276 0.002715071041569975 2.049270279452703e-5 6.430725994099884e-5 6.48925357893404e-14 -6.799415995517588e-10
1290 3.484888439019901 0.002712032156736235 2.1965835437949635e-5 8.264537440927366e-5 6.52811138479592e-14 -6.383591385529519e-10
1300 3.5119978542314363 0.002711141921280944 2.2575898821525488e-5 0.00010946572145142941 6.600275881396556e-14 -4.5932108247090375e-10
1310 3.539113655029356 0.0027118948653042266 2.1577339390966147e-5 9.593093872672931e-5 6.639133687258436e-14 -4.276789304646922e-10
1320 3.5662448593004394 0.0027140993606170395 2.0460712086317758e-5 7.560530149886002e-5 6.689093723366568e-14 -5.635235854339893e-10
1330 3.5933924660968923 0.00271467220889422 2.1136104572070657e-5 6.195458874969084e-5 6.7390537594747e-14 -7.081785297069487e-10
1340 3.620518696510769 0.0027110275549836627 2.2562123893482545e-5 9.60305048856025e-5 6.800116025829084e-14 -5.69052031190731e-10
1350 3.647628292259657 0.0027116086971865527 2.242435952609904e-5 0.00011070252914446854 6.833422716567839e-14 -4.1804436388265254e-10
1360 3.674750485170032 0.002712487881669221 2.117727886977446e-5 8.139796702688606e-5 6.888933867799096e-14 -4.677392960797389e-10
1370 3.7018906619302143 0.0027152744288421933 2.0616483488651462e-5 7.065759490820778e-5 6.944445019030354e-14 -6.356344580456946e-10
1380 3.7290364118425647 0.0027132770469262125 2.1907471156369787e-5 7.533510925450404e-5 6.994405055138486e-14 -6.812004058704899e-10
1390 3.7561536665959085 0.002710989028275383 2.2883114046865594e-5 0.00010701155582992783 7.061018436615996e-14 -4.966873952058637e-10
1400 3.7832691283621065 0.0027124622090208017 2.2127668540920713e-5 0.0001042797389315675 7.09432512735475e-14 -4.146536024696862e-10
1410 3.810399276688398 0.0027133136834851424 2.0898632275118826e-5 7.819815238607752e-5 7.138734048339757e-14 -5.258550822296584e-10
1420 3.837550340700786 0.002715870227698325 2.1149738009830636e-5 6.286021149970455e-5 7.19979631469414e-14 -6.891744502045326e-10
1430 3.8646862070697168 0.0027120383358697894 2.2655696031456476e-5 8.942780387088956e-5 7.233103005432895e-14 -6.134062871934797e-10
1440 3.8918025385187796 0.0027114073598534087 2.2911916822293246e-5 0.00011270142123098736 7.277511926417901e-14 -4.395245793042984e-10
1450 3.918926987587169 0.002713537111934763 2.176734582816896e-5 9.190324916352743e-5 7.349676423018536e-14 -4.4415556499248945e-10
1460 3.946065727793299 0.002714610127739981 2.0895368934182452e-5 7.611562775755587e-5 7.37188088351104e-14 -6.016279732501535e-10
1470 3.9732232212337952 0.00271494358876191 2.1871360486784782e-5 6.771357182078219e-5 7.444045380111675e-14 -6.923697576197261e-10
1480 4.000347595984161 0.0027117619443106887 2.315779366140559e-5 0.00010237024347037327 7.482903185973555e-14 -5.334580998153247e-10
1490 4.027467887993893 0.002712019874427929 2.2654914032880122e-5 0.00011077821863003656 7.549516567451064e-14 -4.127142088199049e-10
1500 4.054601495135957 0.0027143142074128406 2.143658806987173e-5 7.822968721826751e-5 7.599476603559197e-14 -4.956704817880777e-10
1510 4.081749382028869 0.0027158350001365316 2.121865458977754e-5 6.98424693258426e-5 7.671641100159832e-14 -6.727394841275854e-10
1520 4.108901880834231 0.0027131004377207116 2.2604576895384656e-5 8.235103844456138e-5 7.704947790898586e-14 -6.45378542340861e-10
1530 4.1360195820855195 0.002712156266408636 2.3372074925613615e-5 0.00011178549392398818 7.76601005725297e-14 -4.6458892198955186e-10
1540 4.163144874310883 0.002712720222345203 2.23166475659453e-5 0.00010172896865690007 7.815970093361102e-14 -4.2347485486996287e-10
1550 4.190285856524289 0.002714879661747992 2.124748347481984e-5 7.948089983589313e-5 7.865930129469234e-14 -5.593853921466007e-10
1560 4.217440214059553 0.002715906195184914 2.1867803157499406e-5 6.272272283569524e-5 7.904787935331115e-14 -7.049532283062102e-10
1570 4.244578253285728 0.00271154229934227 2.324382433427013e-5 9.608299150032362e-5 7.960299086562372e-14 -5.758187915198831e-10
1580 4.271695586432194 0.002712709491787977 2.3238858002397595e-5 0.00011456771367357454 8.010259122670504e-14 -4.211840495512223e-10
1590 4.298824968015424 0.0027133738474422768 2.1970531194241084e-5 8.741489730967889e-5 8.065770273901762e-14 -4.66517682340753e-10
1600 4.325972273460508 0.002715388150852385 2.1373862476563838e-5 7.58387111570169e-5 8.126832540256146e-14 -6.258900832507852e-10
1610 4.353125431099087 0.002714633262400573 2.262151730796128e-5 7.574698243972833e-5 8.171241461241152e-14 -6.828262408622998e-10
1620 4.380247973761968 0.002710953497319051 2.3655597075037056e-5 0.00010805030306482166 8.22675261247241e-14 -5.047122442203289e-10
1630 4.407369594170096 0.002713059660939863 2.290540258088471e-5 0.00010962121347246612 8.276712648580542e-14 -4.1205920446596433e-10
1640 4.434502857057006 0.002714118214255456 2.1744120734646792e-5 8.107104484966765e-5 8.326672684688674e-14 -5.290504059146661e-10
1650 4.461655364556969 0.002715513611599751 2.1884016926328533e-5 6.839687984117049e-5 8.382183835919932e-14 -6.781136659139708e-10
1660 4.488798713307935 0.0027128034960071153 2.335218458808038e-5 8.995928078858739e-5 8.426592756904938e-14 -6.197921746144142e-10
1670 4.515912589432663 0.0027113732752200685 2.3770933489310923e-5 0.000115303128320976 8.482103908136196e-14 -4.447634478592366e-10
1680 4.5430400737206655 0.0027132726942320105 2.2539681935849185e-5 9.802890178622903e-5 8.537615059367454e-14 -4.394015516023808e-10
1690 4.5701787935548905 0.002714982508495108 2.1740281380283096e-5 8.05194567276013e-5 8.58202398035246e-14 -5.972522077596354e-10
1700 4.597332830933235 0.002714828041950308 2.262092597652341e-5 6.75631676932964e-5 8.631984016460592e-14 -6.919338556982124e-10
1710 4.624462080964004 0.0027114398218548584 2.388515094843119e-5 0.0001028467707453462 8.693046282814976e-14 -5.424953836846713e-10
1720 4.651576767883942 0.0027123010520348607 2.3557292109730862e-5 0.00011525432663317403 8.737455203799982e-14 -4.123083307064346e-10
1730 4.678709576198553 0.0027136709601758486 2.2274920114551283e-5 8.178624244614685e-5 8.798517470154366e-14 -4.943066927998174e-10
1740 4.705855564132688 0.002715601797625252 2.2037762865256272e-5 7.520478098532735e-5 8.826273045769994e-14 -6.565147891469947e-10
1750 4.733004847912511 0.0027134314046391604 2.339200677950776e-5 8.34981090394038e-5 8.903988657493755e-14 -6.568144235961915e-10
1760 4.760122552337978 0.002711219802409654 2.4176577331163033e-5 0.00011300304732042576 8.931744233109384e-14 -4.727661053437193e-10
1770 4.78724448370542 0.0027130746029858247 2.3204373347351187e-5 0.00010751674390963029 9.00390872971002e-14 -4.200188098935293e-10
1780 4.814382968026375 0.0027144460840266664 2.2130942952476586e-5 8.291347194300247e-5 9.059419880941277e-14 -5.597005931741786e-10
1790 4.841535170806004 0.00271560471271959 2.2652742718412227e-5 6.647971751849724e-5 9.08162434143378e-14 -6.893352302504596e-10
1800 4.868673909239622 0.0027118906002598104 2.4045615696838356e-5 9.729218298182296e-5 9.142686607788164e-14 -5.880285895881098e-10
1810 4.8957884628227655 0.002712121793175499 2.412342821183081e-5 0.0001175750401797293 9.181544413650045e-14 -4.2530482046165254e-10
1820 4.922918570771152 0.002713610222925506 2.2837811935585018e-5 9.35144883882355e-5 9.259260025373806e-14 -4.6551410929038107e-10
1830 4.9500647783492795 0.002715273815386402 2.2254656736723594e-5 8.059090271883562e-5 9.303668946358812e-14 -6.204244002522516e-10
1840 4.977218319998783 0.0027148971007777746 2.3411492956365506e-5 7.592200969164242e-5 9.353628982466944e-14 -6.792604212667496e-10
1850 5.004344327453041 0.002711006578526979 2.4472503668495727e-5 0.00010911614217745669 9.392486788328824e-14 -5.125039704977165e-10
1860 5.031464975891003 0.0027132329355075008 2.3828194410925475e-5 0.00011449102353855434 9.447997939560082e-14 -4.1115126911088987e-10
1870 5.058601657598797 0.0027143512409092967 2.2619493882448072e-5 8.331490226387572e-5 9.497957975668214e-14 -5.316604030308645e-10
1880 5.085755521710781 0.0027156361117237128 2.2721113719295307e-5 7.390787886185635e-5 9.57012247226885e-14 -6.666711437855894e-10
1890 5.112903355478307 0.0027135309554142274 2.4164463489329888e-5 9.127440178224866e-5 9.625633623500107e-14 -6.251979271927247e-10
1900 5.140020302877352 0.0027113248585058226 2.4636702014382805e-5 0.0001173220528483121 9.675593659608239e-14 -4.510987372071781e-10
1910 5.167150754664353 0.0027138308383257495 2.3468336785638548e-5 0.00010380764044259916 9.731104810839497e-14 -4.347220279728273e-10
1920 5.194293439119073 0.0027152985258993563 2.262001361758079e-5 8.410037388706382e-5 9.792167077193881e-14 -5.982272732198667e-10
1930 5.2214507491034015 0.0027151999152387274 2.344266745179406e-5 7.086825552493625e-5 9.831024883055761e-14 -6.854029540920206e-10
1940 5.248586887431712 0.0027121162140060066 2.47271586407501e-5 0.00010418997214012293 9.886536034287019e-14 -5.478261427935456e-10
1950 5.275702787874221 0.0027124872711670077 2.448119959196656e-5 0.00011897490847789793 9.947598300641403e-14 -4.1752106383786264e-10
1960 5.302840914751528 0.0027140017770307143 2.3195220041072742e-5 8.776258829457095e-5 9.986456106503283e-14 -4.895130824127125e-10
1970 5.329990120916452 0.002716042230808896 2.2921621160224893e-5 7.975377201674405e-5 1.0036416142611415e-13 -6.505755396207791e-10
1980 5.357143156302328 0.0027139654107490854 2.424246277895352e-5 8.428707223728793e-5 1.0097478408965799e-13 -6.612216729012799e-10
1990 5.384266874740148 0.0027113582917751107 2.5067930103567497e-5 0.00011464763192992056 1.0152989560197057e-13 -4.758861950338034e-10
2000 5.411389240000935 0.0027137018658700304 2.417784644550961e-5 0.00011246258453301294 1.0202949596305189e-13 -4.2070912725789e-10
2010 5.43853128554383 0.00271431085780447 2.3069997092081354e-5 8.59154254727601e-5 1.0247358517290195e-13 -5.595554401771619e-10
2020 5.465686388514681 0.0027159805190952783 2.352955142004899e-5 7.177472416264319e-5 1.0286216323152075e-13 -6.78338298726322e-10
2030 5.492827939589875 0.002712520615939557 2.4924359446135986e-5 9.879260182243943e-5 1.0330625244137082e-13 -5.964701824904411e-10
2040 5.519944546895883 0.0027116408637424304 2.5068719000052138e-5 0.00012043356561586283 1.0380585280245214e-13 -4.2892480452833004e-10
2050 5.547076486394078 0.0027143078084538017 2.3817993831437548e-5 9.904103368507666e-5 1.0447198661722723e-13 -4.594830939341765e-10
2060 5.574221681397015 0.0027150702652799425 2.3189245151155626e-5 8.457389576632668e-5 1.0486056467584604e-13 -6.25433666662234e-10
2070 5.601377822799757 0.0027149180331522416 2.4279578933016858e-5 7.574046620240082e-5 1.0536016503692736e-13 -6.723056191620946e-10
2080 5.628505621599018 0.002711497413291717 2.5379800982058555e-5 0.00011074452619386221 1.0608181000293371e-13 -5.164435823434843e-10
2090 5.655623569225375 0.002712749641012381 2.4814521112860644e-5 0.00011877989505426623 1.0635936575909e-13 -4.152973338486521e-10
2100 5.682763108291597 0.002714426333100808 2.3600586612963152e-5 8.55960894059482e-5 1.0696998842263383e-13 -5.221344311773235e-10
2110 5.709913503444396 0.0027157439837932063 2.3640203486009547e-5 7.850979172208117e-5 1.0730305533002138e-13 -6.701591278440722e-10
2120 5.737062820599615 0.002713371864177354 2.5037853466759807e-5 9.247312736215818e-5 1.0796918914479647e-13 -6.288179521356241e-10
2130 5.764180457211606 0.0027112880516044443 2.5590384544316827e-5 0.00011944378340811301 1.0863532295957157e-13 -4.504428397660888e-10
2140 5.791307001815136 0.0027138937269466446 2.4479880332724856e-5 0.0001091044432670607 1.0913492332065289e-13 -4.361424987169623e-10
2150 5.818450811985879 0.0027148004539955255 2.359300672194668e-5 8.758744023995568e-5 1.0941247907680918e-13 -5.921379286795154e-10
2160 5.845606110621276 0.0027154838968508686 2.435297582667654e-5 7.42542953622305e-5 1.1024514634527804e-13 -6.820444180932723e-10
2170 5.872743175809778 0.002712097101906269 2.5629439188672153e-5 0.00010594887156978317 1.1063372440389685e-13 -5.583456571432266e-10
2180 5.899857963560601 0.0027120752168499134 2.5486766685823517e-5 0.00012227563256217433 1.1102230246251565e-13 -4.1669285948778997e-10
2190 5.926995244281985 0.002714360680307622 2.4209359891211262e-5 9.33085085118579e-5 1.1168843627729075e-13 -4.853815143542719e-10
2200 5.95414331251179 0.002715667646004714 2.387714888288475e-5 8.421570846817161e-5 1.1213252548714081e-13 -6.508222875347727e-10
2210 5.981297471899496 0.0027142650606627764 2.5151497104166733e-5 8.485602340846388e-5 1.1246559239452836e-13 -6.56804022493366e-10
2220 6.008422820826008 0.0027114113931611112 2.601512789733254e-5 0.00011661582989275221 1.1329825966299722e-13 -4.838805574660323e-10
2230 6.035543257404005 0.0027135585740199974 2.522407035253024e-5 0.00011719421684031062 1.1368683772161603e-13 -4.2141937252953265e-10
2240 6.062687693274275 0.002714446907706261 2.410709828786551e-5 8.859823262674649e-5 1.1418643808269735e-13 -5.519472833691519e-10
2250 6.089841918569891 0.0027161058075181386 2.4483388494489057e-5 7.646984223419473e-5 1.1479706074624119e-13 -6.799308115847385e-10
2260 6.116986983746373 0.0027128871806220366 2.586581108437002e-5 0.00010055157068811216 1.1518563880486e-13 -5.994782570550751e-10
2270 6.144105393921503 0.002711520314897377 2.6086873876858148e-5 0.00012291235199290984 1.1551870571224754e-13 -4.2934148092079933e-10
2280 6.171237266421789 0.0027147123109344004 2.4873651854541015e-5 0.00010457038213917969 1.1618483952702263e-13 -4.6007205574603274e-10
2290 6.198385032173248 0.002714963511856383 2.4219351227139854e-5 8.858263834210511e-5 1.1685097334179773e-13 -6.210383508994076e-10
2300 6.2255427397891 0.00271538355124688 2.52233273612471e-5 7.871095308276121e-5 1.172950625516478e-13 -6.700399242875413e-10
2310 6.252674845812763 0.0027118939067609224 2.634076656590048e-5 0.0001129658550446111 1.1785017406396037e-13 -5.258470689049541e-10
2320 6.27979343028295 0.0027125159742066533 2.5880724979396895e-5 0.00012254810247602776 1.1829426327381043e-13 -4.108313283752302e-10
2330 6.306935924193021 0.0027150117098112925 2.4658714296573055e-5 8.766662599068997e-5 1.1879386363489175e-13 -5.194709389207131e-10
2340 6.334086777291273 0.0027157068988378657 2.4642397400965368e-5 8.320143682827297e-5 1.1929346399597307e-13 -6.722999153913056e-10
2350 6.3612400414872585 0.0027138119047557157 2.5990201168364095e-5 9.364022445779163e-5 1.197930643570544e-13 -6.260169856456277e-10
2360 6.388361043060009 0.0027115887116207402 2.6590094078528877e-5 0.00012170889943430296 1.2045919817182948e-13 -4.579158701528696e-10
2370 6.415486653161673 0.002713823350730198 2.5576673597496632e-5 0.00011423419557365921 1.209587985329108e-13 -4.3281373277026525e-10
2380 6.442634884649083 0.002714971526222289 2.4647967670601966e-5 9.065835680932555e-5 1.2129186544029835e-13 -5.853691281698659e-10
2390 6.469789114218131 0.002715825039047775 2.53324167809686e-5 7.78899177521497e-5 1.2195799925507345e-13 -6.860196681557351e-10
2400 6.496930181540855 0.00271221784968925 2.6609638318733457e-5 0.00010824347335114393 1.2245759961615477e-13 -5.616808475576371e-10
2410 6.524046654493738 0.0027120879593730083 2.6537407275848975e-5 0.00012514803738805647 1.2301271112846734e-13 -4.160512290588003e-10
2420 6.551182427986368 0.0027147090627824013 2.5310772086727783e-5 9.883138975630423e-5 1.2329026688462363e-13 -4.8635354771287e-10
2430 6.578332857289353 0.0027152127341619503 2.491596135022351e-5 8.841733014941511e-5 1.238453783969362e-13 -6.448673157966045e-10
2440 6.605487123539784 0.0027148579549032326 2.6122727460146983e-5 8.48896726307613e-5 1.2428946760678627e-13 -6.564158088612215e-10
2450 6.6326138888634345 0.002711346599860427 2.7024957920105252e-5 0.00011919036986896003 1.247890679678676e-13 -4.933705891746465e-10
2460 6.659733960573653 0.0027131694294010946 2.6311337910416363e-5 0.00012133222669341581 1.2539969063141143e-13 -4.1364399492455073e-10
2470 6.686878272369522 0.002714963832690489 2.5206659988646578e-5 9.121609087969773e-5 1.25954802143724e-13 -5.535913975493467e-10
2480 6.714030636274557 0.0027155929260953464 2.5509941462424915e-5 8.121882313316675e-5 1.2634338020234281e-13 -6.810501034654193e-10
2490 6.741177957421367 0.002713205529841964 2.686753196981913e-5 0.00010223783319862623 1.2695400286588665e-13 -5.959905884783678e-10
2500 6.768295312365823 0.0027114693281159955 2.715784617696628e-5 0.00012572098675489585 1.272870697732742e-13 -4.378757778188049e-10
2510 6.795424832100852 0.002714324820773911 2.600952674804016e-5 0.0001097179145795879 1.2789769243681803e-13 -4.5176720793926785e-10
2520 6.82257374935983 0.0027150126038523745 2.5313337767619575e-5 9.192190367135478e-5 1.2828627049543684e-13 -6.182851625767386e-10
2530 6.8497279539627485 0.0027153862382924775 2.6238120769895713e-5 8.224613623175614e-5 1.2884138200774942e-13 -6.771255928254196e-10
2540 6.876862399443056 0.0027118076032851056 2.7365267979287127e-5 0.00011541035831230673 1.2934098236883074e-13 -5.25643286745418e-10
2550 6.903979154920977 0.0027123629248682027 2.698877242568598e-5 0.0001260497895489987 1.2995160503237457e-13 -4.1140672077141685e-10
2560 6.931119528009429 0.002715061446648707 2.5809430875486884e-5 9.18815391530714e-5 1.3050671654468715e-13 -5.1615050396013e-10
2570 6.958270418555382 0.0027152892132307704 2.5704501520685597e-5 8.735081352884144e-5 1.31117339208231e-13 -6.678832913388579e-10
2580 6.985422815375377 0.002714180947860484 2.7003649243590044e-5 9.445865045809576e-5 1.315059172668498e-13 -6.313992968485134e-10
2590 7.012544788939014 0.0027114319294156944 2.7657754789359242e-5 0.00012454165000430617 1.318944953254686e-13 -4.634917028463625e-10
2600 7.039668730280122 0.002713594856652658 2.671931852754788e-5 0.0001186356329928584 1.3250511798901243e-13 -4.2523714162712646e-10
2610 7.066817406086258 0.002715219134229215 2.578822178961524e-5 9.383870097612323e-5 1.3289369604763124e-13 -5.850761171312755e-10
2620 7.09397007688699 0.0027156047358143174 2.6375624756931343e-5 8.065728779604875e-5 1.3344880755994382e-13 -6.871275522350634e-10
2630 7.121113745306014 0.002712517818529431 2.764020084224904e-5 0.00011028417170122484 1.3405943022348765e-13 -5.620144471840563e-10
2640 7.1482304283285405 0.0027120399718868734 2.7651575036038216e-5 0.00012850850726198182 1.3444800828210646e-13 -4.2278629370983366e-10
2650 7.1753654010301995 0.002714740516741894 2.6477325548032865e-5 0.00010394654337131382 1.3511414209688155e-13 -4.773565419933601e-10
2660 7.202518026920328 0.0027152153437416927 2.602173540306233e-5 9.207811870348692e-5 1.3550272015550036e-13 -6.426471176162996e-10
2670 7.22967165011268 0.002715172237415073 2.716004666713643e-5 8.570031475840789e-5 1.3594680936535042e-13 -6.633553024915605e-10
2680 7.256802077355583 0.0027114329183583236 2.8085362277210024e-5 0.00012183586801284285 1.366129431801255e-13 -4.929379234441464e-10
2690 7.2839223411737954 0.0027131857031860458 2.745193866552423e-5 0.00012529202428868125 1.3711254354120683e-13 -4.143849185230669e-10
2700 7.311067569252225 0.0027153219249037427 2.6383101982389904e-5 9.44852631564741e-5 1.3772316620475067e-13 -5.493836483828896e-10
2710 7.338221460236136 0.0027153863999631834 2.657553684544299e-5 8.55027892442406e-5 1.3827827771706325e-13 -6.787151760750953e-10
2720 7.365370950743991 0.0027138145873093072 2.790931860965606e-5 0.00010369021826361902 1.386113446244508e-13 -6.017901645755108e-10
2730 7.392490442012102 0.0027114020738626017 2.827890103554714e-5 0.00012894970086363422 1.389999226830696e-13 -4.4088772563344314e-10
2740 7.419620561286071 0.002714361057491907 2.718647472700628e-5 0.00011435112141433557 1.3955503419538218e-13 -4.4442536109579045e-10
2750 7.446771686656394 0.002715424129581358 2.6489176032122127e-5 9.546704523444305e-5 1.4011014570769476e-13 -6.175005680397749e-10
2760 7.473925810696176 0.002715281250287736 2.7308794059514102e-5 8.552930020166993e-5 1.4066525722000733e-13 -6.807777059095188e-10
2770 7.501064755980537 0.002712256715418335 2.8433263553551325e-5 0.00011778709667653597 1.412203687323199e-13 -5.264066423970974e-10
2780 7.528181079634762 0.002712356802133935 2.8159451569702993e-5 0.00012981474258355608 1.41886502547095e-13 -4.159666690956021e-10
2790 7.555322386088679 0.002715059083432457 2.7006942828064927e-5 9.696605980857864e-5 1.4221956945448255e-13 -5.065064218739979e-10
2800 7.582475574163192 0.002715462690083646 2.683257631019051e-5 9.133276991013517e-5 1.4277468096679513e-13 -6.65600069851835e-10
2810 7.6096271876533645 0.002714455017752979 2.8081202863652056e-5 9.491183842325057e-5 1.4310774787418268e-13 -6.407937687413767e-10
2820 7.636753255804036 0.0027113336078716187 2.876205216771143e-5 0.00012748512996130223 1.4371837053772651e-13 -4.6237013696937e-10
2830 7.663875658373204 0.002713769437243048 2.791318985289509e-5 0.00012298148430245348 1.4455103780619538e-13 -4.2541835418991036e-10
2840 7.691024768138329 0.0027152595037866806 2.699418984608126e-5 9.741065013280092e-5 1.4432899320127035e-13 -5.804472518952664e-10
2850 7.718178480316131 0.0027153985586848917 2.7465323075057493e-5 8.369273971808866e-5 1.4516166046973922e-13 -6.84428019251046e-10
2860 7.745322693891281 0.002713082173173295 2.8733081511836822e-5 0.00011237847049483385 1.4588330543574557e-13 -5.698835744125975e-10
2870 7.772439938182315 0.0027115636394603407 2.8810888925358995e-5 0.00013196885258925928 1.463829057968269e-13 -4.2369880106046635e-10
2880 7.799574130081363 0.002714849203530224 2.7675423110875443e-5 0.00010876021616657017 1.4693801730913947e-13 -4.704785437512028e-10
2890 7.826726646471485 0.0027153322015718894 2.720756985630745e-5 9.607512803611051e-5 1.474376176702208e-13 -6.432166339386257e-10
2900 7.853879280556583 0.002714912385190316 2.8238516213566067e-5 8.912381866577057e-5 1.4777068457760834e-13 -6.659217623832195e-10
2910 7.881012085153164 0.0027117539342330016 2.9189346961434367e-5 0.00012468603378479326 1.4832579608992091e-13 -4.949106406330375e-10
2920 7.90812950943172 0.0027128565591828697 2.865152154222202e-5 0.0001294397773925482 1.4876988529977098e-13 -4.1621839546651955e-10
2930 7.93527471385315 0.0027152716677203495 2.759007961007338e-5 9.77187096200538e-5 1.4943601911454607e-13 -5.401277228560057e-10
2940 7.962428402675509 0.0027153589046806014 2.7710306333644595e-5 8.96604370773657e-5 1.4988010832439613e-13 -6.794910436992238e-10
2950 7.989576506825635 0.0027139245707132453 2.9001499278306126e-5 0.00010480330303641594 1.503241975342462e-13 -6.100845883597579e-10
2960 8.016697958044787 0.0027111977344495947 2.94166170133397e-5 0.00013212354528602255 1.5082379789532752e-13 -4.3974020517104684e-10
2970 8.043824958940895 0.0027143473955551323 2.840541853309634e-5 0.00011907925180865142 1.5121237595394632e-13 -4.4244053261285765e-10
2980 8.07097637507162 0.002715409488306675 2.770406039257147e-5 9.936162391677161e-5 1.5198953207118393e-13 -6.12610241368095e-10
2990 8.098129989118789 0.0027150859338528365 2.842099371214028e-5 8.892998920362327e-5 1.5210055437364645e-13 -6.812639509248262e-10
3000 8.125269645808741 0.002712633682036623 2.9561409957678323e-5 0.00012043564655306316 1.528221993396528e-13 -5.34155999576755e-10
3010 8.152385554945498 0.002711941352342585 2.936080034169254e-5 0.00013356731862013138 1.5326628854950286e-13 -4.1556694566480793e-10
3020 8.179525823405358 0.0027151800616911827 2.824312400171514e-5 0.00010178954641648641 1.5371037775935292e-13 -4.988497881918894e-10
3030 8.206679709870372 0.0027155215492998134 2.8030957597893702e-5 9.553674743134621e-5 1.5420997812043424e-13 -6.65770972694494e-10
3040 8.23383076622103 0.0027144204119960913 2.918956055765711e-5 9.446847959060367e-5 1.546540673302843e-13 -6.450018417590228e-10
3050 8.260959596941177 0.002711561143027587 2.9914247318242507e-5 0.0001306289533482552 1.5520917884259688e-13 -4.6509567833315224e-10
3060 8.28807986679867 0.002713570256915633 2.9152770604831768e-5 0.00012750605084566047 1.5576429035490946e-13 -4.2527157901976753e-10
3070 8.315230081265073 0.0027153827440307586 2.8232844675411636e-5 0.00010104175163294649 1.5631940186722204e-13 -5.717136508133491e-10
3080 8.34238464302394 0.0027154469476247016 2.862106107770301e-5 8.706547332903991e-5 1.5670797992584085e-13 -6.85801778213535e-10
3090 8.369529367430653 0.002713351981275148 2.9866728030529564e-5 0.00011420479184431898 1.5720758028692217e-13 -5.778146780488491e-10
3100 8.396649181998157 0.0027114251271333966 3.000031745821332e-5 0.0001354422068080563 1.57818202950466e-13 -4.229138463041071e-10
3110 8.42378158921205 0.0027150298856394722 2.892460929234208e-5 0.00011355636197785124 1.5831780331154732e-13 -4.669028497161776e-10
3120 8.450935883628565 0.0027153718824376293 2.844021231924103e-5 0.00010027773244325466 1.5876189252139739e-13 -6.395654214563784e-10
3130 8.4780894294072 0.0027149598717016686 2.9360463498428925e-5 9.249813984757438e-5 1.592614928824787e-13 -6.678424289280338e-10
3140 8.505224137945367 0.0027121975406843714 3.034528820237931e-5 0.00012768937046403472 1.5998313784848506e-13 -5.01423729577441e-10
3150 8.532341876268275 0.0027124367477775616 2.9878249402009445e-5 0.000133644272876432 1.6037171590710386e-13 -4.150982526457403e-10
3160 8.559487514286102 0.0027156384469777745 2.884060866437066e-5 0.00010103183054521736 1.6081580511695392e-13 -5.315016881474177e-10
3170 8.586641896025617 0.0027154028186692687 2.890956531516843e-5 9.388260990328412e-5 1.6142642778049776e-13 -6.816552652194607e-10
3180 8.613791159975555 0.002713953547447292 3.0123809453434584e-5 0.00010526920872833134 1.617594946878853e-13 -6.15153187069617e-10
3190 8.640915351352906 0.0027115359871630264 3.060056652866845e-5 0.00013551146700174765 1.6237011735142914e-13 -4.4140479292520407e-10
3200 8.668039969128847 0.002714087735243918 2.9661607007604065e-5 0.00012382053925819037 1.6286971771251046e-13 -4.414774735020388e-10
3210 8.695193741328348 0.0027155129201418752 2.8951801125591312e-5 0.00010333806903939369 1.6342482922482304e-13 -6.027384520310153e-10
3220 8.722347124140423 0.002715265221332687 2.9580527277736035e-5 9.257041326649063e-5 1.638689184346731e-13 -6.852587969719687e-10
3230 8.749487745557182 0.002712726883609756 3.071732797206257e-5 0.0001227850517510065 1.645350522494482e-13 -5.419354078451018e-10
3240 8.776605688472879 0.0027117883804841075 3.059046855159161e-5 0.00013743562513390817 1.6470158570314197e-13 -4.136856750712979e-10
3250 8.803743252702725 0.0027154048672241196 2.9522785131832123e-5 0.00010658342136504739 1.652011860642233e-13 -4.956754055533588e-10
3260 8.830898615628525 0.0027153056848677483 2.9276181841516524e-5 9.991772090500728e-5 1.6603385333269216e-13 -6.609346220548627e-10
3270 8.858049840216847 0.002714567073669941 3.0340183092594167e-5 9.471639070279814e-5 1.6653345369377348e-13 -6.488007743363814e-10
3280 8.88517954444665 0.002711804269784985 3.1112010683143175e-5 0.00013391868263279427 1.6692203175239229e-13 -4.711872839297004e-10
3290 8.91229896894305 0.002713036407205138 3.041744132670679e-5 0.00013198222475852006 1.6747714326470486e-13 -4.2272641606823686e-10
3300 8.939448839858926 0.0027157213566863033 2.951293292210451e-5 0.0001046782167682947 1.6814327707947996e-13 -5.643766082531402e-10
3310 8.96660268415482 0.002715301422762139 2.9833493852718645e-5 9.121360358366193e-5 1.6842083283563625e-13 -6.881805112696205e-10
3320 8.99374806415457 0.0027133813914247875 3.1027226151873635e-5 0.00011542936920838631 1.6908696665041134e-13 -5.828226503613242e-10
3330 9.020869014765582 0.002711530572827454 3.123400732138044e-5 0.00013918447179206428 1.6936452240656763e-13 -4.2409199357275633e-10
3340 9.047998119313254 0.0027147397137066887 3.0204557353722613e-5 0.00011845346415528812 1.698086116164177e-13 -4.647935058239519e-10
3350 9.075153811820819 0.0027153789138414774 2.9711790868763444e-5 0.00010446713332623592 1.7041923427996153e-13 -6.306403656334897e-10
3360 9.102306153125108 0.0027150266878803683 3.053658580101924e-5 9.653218375649253e-5 1.7108536809473662e-13 -6.739086540770489e-10
3370 9.129441760344413 0.002712294840117 3.152899322661242e-5 0.00013046141748129791 1.7158496845581794e-13 -5.077564521887592e-10
3380 9.156559834853962 0.0027121421954622504 3.1140490527917984e-5 0.00013780428640319808 1.72029057665668e-13 -4.1216634265649557e-10
3390 9.183703057767579 0.002715828580374997 3.012796982862421e-5 0.00010444183830260467 1.726951914804431e-13 -5.281590691699918e-10
3400 9.210858293665225 0.002715211447618206 3.01510753941889e-5 9.847818674302289e-5 1.729727472365994e-13 -6.772231417144503e-10
3410 9.23800760493306 0.0027141026804385782 3.128626001782788e-5 0.00010525691162110995 1.7380541450506826e-13 -6.212028478419507e-10
3420 9.265133257767223 0.0027117217746495293 3.182132825510734e-5 0.00013913342118698768 1.7408297026122455e-13 -4.4620195331548235e-10
3430 9.292256354159203 0.0027136708055949437 3.094734175964417e-5 0.00012855078324125468 1.7469359292476838e-13 -4.374199925882838e-10
3440 9.319410652027889 0.0027158144147620147 3.0238035717824278e-5 0.0001071686925069315 1.751931932858497e-13 -5.959931497975801e-10
3450 9.34656374300745 0.0027151970000677283 3.0787749255728765e-5 9.640801525623299e-5 1.7569279364693102e-13 -6.882759952253625e-10
3460 9.373705892673897 0.002712904867105588 3.1896833896280994e-5 0.00012467119266768023 1.762479051592436e-13 -5.474748449724176e-10
3470 9.400825389163261 0.0027118420213223648 3.185002899546599e-5 0.0001413991471246323 1.7680301667155618e-13 -4.1420517189749706e-10
3480 9.427960599047056 0.002715295126760117 3.081862447356469e-5 0.00011163715152795461 1.7724710588140624e-13 -4.927681492017388e-10
3490 9.455118315949568 0.002715378243762364 3.0556246986557796e-5 0.00010438743383711646 1.7780221739371882e-13 -6.526482410063039e-10
3500 9.48226911930416 0.0027147473391368956 3.153503308968959e-5 9.896877506632151e-5 1.780797731498751e-13 -6.559853172813379e-10
3510 9.509401114271384 0.0027119505169096465 3.233536454837026e-5 0.00013719328633032823 1.787459069646502e-13 -4.765444562397636e-10
3520 9.536521154621392 0.002712856614378976 3.171804305162758e-5 0.00013637629530738327 1.7935652962819404e-13 -4.187464489741055e-10
3530 9.563669818000992 0.0027160261201413715 3.0823427531837054e-5 0.00010827553330194917 1.7985612998927536e-13 -5.618800529016976e-10
3540 9.590825427660738 0.0027151141366092263 3.1087676363524896e-5 9.589686861755098e-5 1.8024470804789416e-13 -6.844384711768292e-10
3550 9.617971691574681 0.0027137405219176463 3.2222213719948244e-5 0.00011621097774738853 1.8074430840897548e-13 -5.892743844965187e-10
3560 9.64509435186157 0.002711626299563247 3.249859198097831e-5 0.00014305776386247526 1.8129941992128806e-13 -4.2813249560152977e-10
3570 9.672222674653357 0.002714411624677626 3.151504412938305e-5 0.000123428847743412 1.8185453143360064e-13 -4.587554997340093e-10
3580 9.699379481026197 0.0027158098017985074 3.101702846694281e-5 0.00010858628417986793 1.8246515409714448e-13 -6.256458680124755e-10
3590 9.726531479822096 0.0027148789544810584 3.17564610334673e-5 0.00010065954600668725 1.8285373215576328e-13 -6.78470357153016e-10
3600 9.753669541142298 0.0027125270984116037 3.2737679259882426e-5 0.00013302533086578805 1.8307577676068831e-13 -5.119675514694139e-10
3610 9.7807881129541 0.0027121879177806492 3.243759396835017e-5 0.00014200219203197584 1.836308882730009e-13 -4.1275959845952625e-10
3620 9.807929388353827 0.0027156720942078604 3.144286809403373e-5 0.00010787297378689331 1.8451906669270102e-13 -5.235842543218922e-10
3630 9.835087043893221 0.0027152826071676598 3.143013905551052e-5 0.00010307358932604149 1.8485213360008856e-13 -6.700674764939345e-10
3640 9.862235112040818 0.0027142855964834445 3.2489234978547945e-5 0.00010486148487187652 1.8535173396116988e-13 -6.305209397011112e-10
3650 9.889362947779444 0.0027117003621347116 3.3065951527172555e-5 0.00014271471451754447 1.8596235662471372e-13 -4.4944239010951556e-10
3660 9.916485480463296 0.0027134996863405 3.226569179194025e-5 0.00013325957349563655 1.8668400159072007e-13 -4.333368150827082e-10
3670 9.943638304048688 0.002716047877121026 3.1553066668703186e-5 0.00011112398534285362 1.8712809080057013e-13 -5.935606516463425e-10
3680 9.97079228325713 0.0027148958952577925 3.2035113320013516e-5 9.990156995087762e-5 1.875721800104202e-13 -6.848837760606273e-10
3690 9.997934592409568 0.0027132235912159207 3.310823018790276e-5 0.000126326024191048 1.8801626922027026e-13 -5.54926232553253e-10
3700 10.025054619250946 0.0027117557963015205 3.3138830133260553e-5 0.0001454852348735658 1.8846035843012032e-13 -4.169504963513409e-10
3710 10.052188028752848 0.0027149683748291156 3.213746368053488e-5 0.00011661973217669264 1.8918200339612667e-13 -4.859290145491399e-10
3720 10.079346259671304 0.002715642831473259 3.186156899840429e-5 0.00010878783985812657 1.8957058145474548e-13 -6.491996043570834e-10
3730 10.1064956532608 0.0027145640385154413 3.275671002001493e-5 0.00010303376317233326 1.9012569296705806e-13 -6.61023458884082e-10
3740 10.1336292589125 0.002712081246147323 3.357407398629309e-5 0.0001402354964878949 1.904587598744456e-13 -4.797035671419176e-10
3750 10.160748627198931 0.0027127339917720848 3.305189070091658e-5 0.00014093804677584032 1.911248936892207e-13 -4.1907227753433724e-10
3760 10.18789509450891 0.0027159488514897213 3.215691652549947e-5 0.00011201488379553037 1.9173551635276453e-13 -5.565414907694592e-10
3770 10.215052066010617 0.002715032610269397 3.23790068243634e-5 0.0001004582003230059 1.921796055626146e-13 -6.792234828642248e-10
3780 10.24219701161845 0.002713898706256874 3.345239584077156e-5 0.00011675716812020731 1.9279022822615843e-13 -5.99313709607769e-10
3790 10.269321225727836 0.0027115879703316476 3.378375725915663e-5 0.00014686159573684687 1.9312329513354598e-13 -4.291969186737826e-10
3800 10.296448246554503 0.0027141890266085115 3.28556155283782e-5 0.00012831583866668161 1.9367840664585856e-13 -4.5461974961490126e-10
3810 10.323604454734744 0.002716049637555748 3.2349929278628045e-5 0.00011286791735209967 1.9417800700693988e-13 -6.231814161927751e-10
3820 10.35075670236794 0.002714641119243415 3.301275407057795e-5 0.00010432329580456479 1.9473311851925246e-13 -6.768077348562329e-10
3830 10.377895458395336 0.002712828039053574 3.39743404475345e-5 0.00013536492848031934 1.9523271888033378e-13 -5.19592844444583e-10
3840 10.40501466049506 0.002712085329541312 3.3761967159474304e-5 0.0001464102121461197 1.9562129693895258e-13 -4.137240376678175e-10
3850 10.432154500267997 0.0027155262369498003 3.2780014471672905e-5 0.00011116211142159216 1.9617640845126516e-13 -5.165396149003909e-10
3860 10.459313496564464 0.002715498303520942 3.274470773172233e-5 0.00010758072530925311 1.96787031114809e-13 -6.673722442729346e-10
3870 10.486460854034455 0.002714221597199153 3.3726738971889684e-5 0.00010412403031345718 1.9734214262712158e-13 -6.36763581099431e-10
3880 10.513591087742606 0.0027119192979980734 3.432996604744419e-5 0.00014609238067886388 1.9773072068574038e-13 -4.515731573395687e-10
3890 10.540713054183515 0.002713384680601119 3.361542843601597e-5 0.0001380592156865479 1.9828583219805296e-13 -4.33025542506682e-10
3900 10.567865358763612 0.0027161144378594045 3.28888435869843e-5 0.00011517881603173574 1.9872992140790302e-13 -5.881837655818956e-10
3910 10.595021135948114 0.0027149238351954763 3.3319223248020335e-5 0.00010327796101428088 1.992850329202156e-13 -6.808606196201383e-10
3920 10.622163117949867 0.002713446025376019 3.435151869069227e-5 0.00012774420143057963 1.9978463328129692e-13 -5.654754425127306e-10
3930 10.649285669107403 0.002711716796857177 3.4446645858798567e-5 0.00014959612099463282 2.0056178939853453e-13 -4.16019228614839e-10
3940 10.676417911333042 0.0027149547661886567 3.348207238906597e-5 0.0001215648458938734 2.0095036745715333e-13 -4.820080471909516e-10
3950 10.703576764370933 0.002715840387332839 3.3195511444121046e-5 0.00011324480470698006 2.0144996781823465e-13 -6.47443885179802e-10
3960 10.730727172109033 0.002714433032212582 3.400969842319462e-5 0.00010701791733935817 2.0183854587685346e-13 -6.60347806167097e-10
3970 10.757861966044612 0.002712506935795926 3.482731820542341e-5 0.00014313265962218047 2.024491685403973e-13 -4.870493724041386e-10
3980 10.7849819338548 0.002712481261579108 3.4394876148484435e-5 0.00014555967962415206 2.0272672429655358e-13 -4.1809558473746705e-10
3990 10.812127876940831 0.002715989033710881 3.3499659880925034e-5 0.00011561413572591661 2.0333734696009742e-13 -5.497641668857458e-10
4000 10.839286026109184 0.0027152464997014674 3.3706474529173495e-5 0.00010511702496285302 2.0405899192610377e-13 -6.782307490149977e-10
4010 10.86643070232838 0.002713798369397969 3.4712025622508024e-5 0.00011691205869102106 2.0405899192610377e-13 -6.05903950917056e-10
4020 10.89355751859122 0.002711831694563586 3.508406934207452e-5 0.00015064397047770406 2.046696145896476e-13 -4.302134450460821e-10
4030 10.92068284391046 0.002714035906435642 3.422831921351291e-5 0.00013327101132487584 2.0528023725319144e-13 -4.534218864030678e-10
4040 10.947839232300897 0.0027160750158184686 3.369950777130286e-5 0.00011706373625186561 2.057243264630415e-13 -6.177725453425335e-10
4050 10.974992580427564 0.0027146705632255805 3.4305659548311004e-5 0.00010817363292681126 2.0633494912658534e-13 -6.748895103179511e-10
4060 11.002130707130409 0.0027130103161445256 3.5240420218132875e-5 0.00013751916652804397 2.066680160339729e-13 -5.298831965598128e-10
4070 11.029251695882309 0.002711887626609612 3.5101602647210795e-5 0.0001507044770913124 2.071676163950542e-13 -4.110893656705387e-10
4080 11.056389446075961 0.002715538909162506 3.414486565132832e-5 0.00011437341258557776 2.0777823905859805e-13 -5.129334705927925e-10
4090 11.083548800192657 0.0027155838316619456 3.408773407681909e-5 0.0001122624950564699 2.0833335057091062e-13 -6.657619366288307e-10
4100 11.11069621687799 0.0027140382893704406 3.499433107174749e-5 0.00010793025141642154 2.087774397807607e-13 -6.375182316741857e-10
4110 11.137827123033606 0.002712239849543401 3.561782740797487e-5 0.00014958086936778248 2.0922152899061075e-13 -4.582981127870548e-10
4120 11.164948228484771 0.0027130161028100126 3.499071934408853e-5 0.00014282376447449785 2.0977664050292333e-13 -4.30334705399038e-10
4130 11.19209952902497 0.002716145164796017 3.424306785656131e-5 0.0001189519726417787 2.103317520152359e-13 -5.823273632166149e-10
4140 11.219255858415469 0.002715000486470058 3.464196264377587e-5 0.00010678816051068463 2.1094237467877974e-13 -6.809138772164965e-10
4150 11.246396892682927 0.002713363975731579 3.562092221461768e-5 0.00012870088183070116 2.113864638886298e-13 -5.720114809875006e-10
4160 11.273521193306031 0.002711792112697961 3.57704956813968e-5 0.0001536573372283856 2.1188606424971113e-13 -4.1620409581884926e-10
4170 11.300650904471812 0.0027147658890900378 3.486198676548473e-5 0.00012672108753586375 2.124411757620237e-13 -4.797668434405877e-10
4180 11.327809943836698 0.002715897241502565 3.4547058356519954e-5 0.00011767325651068639 2.1277424266941125e-13 -6.42887684927651e-10
4190 11.354960779670566 0.0027143755087400802 3.530037110729045e-5 0.00011124622877012325 2.1332935418172383e-13 -6.604223938555531e-10
4200 11.382095225078265 0.0027126937231752675 3.610771935461616e-5 0.00014603668162627148 2.1382895454280515e-13 -4.960108331009128e-10
4210 11.40921615272406 0.0027122367855706895 3.575450418997772e-5 0.00015000199360182265 2.142730437526552e-13 -4.1431237780831243e-10
4220 11.436360078577193 0.002716037436379898 3.4867044152851456e-5 0.00011908766049140151 2.149391775674303e-13 -5.461864311523401e-10
4230 11.463519207815214 0.0027153209636472165 3.5044580532116565e-5 0.00010996235523008657 2.1516122217235534e-13 -6.773195875692251e-10
4240 11.490663875960928 0.0027137196636483046 3.5990428245382785e-5 0.00011650556931364076 2.1593837828959295e-13 -6.083442738273603e-10
4250 11.517791865507771 0.002712110384335822 3.640537134825071e-5 0.00015454760872468665 2.1649348980190553e-13 -4.354735166217649e-10
4260 11.544916343710014 0.002713692771726343 3.5627863074617094e-5 0.00013828247888858503 2.1671553440683056e-13 -4.494546505806607e-10
4270 11.572072624833265 0.002716272444495762 3.507000690269379e-5 0.00012109676759497479 2.1738166822160565e-13 -6.126211378465474e-10
4280 11.599226874545705 0.0027147127001585706 3.563657383850293e-5 0.00011214524272562532 2.1793677973391823e-13 -6.76204444868822e-10
4290 11.626365152885079 0.002713040131558305 3.652988796006235e-5 0.00013936901590416717 2.1865842469992458e-13 -5.363208349651316e-10
4300 11.653488130426068 0.002712021608099446 3.645808575992536e-5 0.0001549387089412324 2.188804693048496e-13 -4.1022649686917045e-10
4310 11.680623711646891 0.002715394070373549 3.554434259752977e-5 0.00011841856158434361 2.195466031196247e-13 -5.102063025536063e-10
4320 11.707784790193477 0.002715715012340517 3.545018193260991e-5 0.00011693073576724 2.1976864772454974e-13 -6.617142471986026e-10
4330 11.734932624794354 0.0027141169342386156 3.629838517771204e-5 0.00011217259915774491 2.2082335959794364e-13 -6.394933609347661e-10
4340 11.76206419220279 0.0027124005711095206 3.692902182349122e-5 0.00015308126210922257 2.2110091535409993e-13 -4.656908811481383e-10
4350 11.789186657549314 0.002712813206219664 3.6383609223271786e-5 0.00014752383031768623 2.2154500456395e-13 -4.254320156387272e-10
4360 11.816336328558348 0.002716371215701801 3.5627201702403026e-5 0.00012273465770673564 2.2198909377380005e-13 -5.796294761876823e-10
4370 11.84349431186247 0.002714960667563664 3.599374360561193e-5 0.00011014610421988813 2.227107387398064e-13 -6.804862447548217e-10
4380 11.870635870240456 0.002713431734384845 3.691715311252511e-5 0.00012925797000684636 2.2315482794965646e-13 -5.755073567379078e-10
4390 11.897761343228268 0.0027120666418803396 3.711549992582138e-5 0.00015782389128948804 2.2365442831073779e-13 -4.199288091127678e-10
4400 11.924890169502882 0.002714359771059857 3.62682346387987e-5 0.00013183277300954366 2.2409851752058785e-13 -4.745791798538516e-10
4410 11.952049837947666 0.0027162037363696124 3.591983827106685e-5 0.00012198268066976325 2.248201624865942e-13 -6.390691085624646e-10
4420 11.979200889880563 0.0027143717792216466 3.6628887036632795e-5 0.00011534512668764929 2.2531976284767552e-13 -6.63159847725226e-10
4430 12.006335904338739 0.002712697902730938 3.7409019557046406e-5 0.00014866322408990662 2.2593038551121936e-13 -5.015774089333384e-10
4440 12.033458298417454 0.002712322614900453 3.7133005810864266e-5 0.0001545171899791642 2.262634524186069e-13 -4.12441610244715e-10
4450 12.060599477830385 0.002715909976690049 3.62662092701997e-5 0.00012273973792809034 2.2670754162845697e-13 -5.431065687305921e-10
4460 12.08776041607935 0.0027153410304537966 3.6403516546077955e-5 0.0001146682525441367 2.273181642920008e-13 -6.739707527195016e-10
4470 12.114904706878336 0.002713795568341245 3.729735698237753e-5 0.00011585973264771621 2.278177646530821e-13 -6.12354422847284e-10
4480 12.14203306024031 0.002712212566370789 3.7731853497144814e-5 0.00015844799581976599 2.282618538629322e-13 -4.4091842090170023e-10
4490 12.16915776615838 0.002713355822128714 3.7038579266684255e-5 0.00014314163969242344 2.287614542240135e-13 -4.436126022440743e-10
4500 12.196312244163382 0.0027165104284463284 3.6465802612322406e-5 0.00012520111558900204 2.2937207688755734e-13 -6.108314376090376e-10
4510 12.223467246299832 0.0027145758261988588 3.699438276901848e-5 0.00011566979556287826 2.299826995511012e-13 -6.761745257135611e-10
4520 12.25060545918968 0.0027130602207319048 3.784451232380383e-5 0.00014084023018756664 2.304822999121825e-13 -5.408209306822023e-10
4530 12.277729155947062 0.0027121834086415286 3.783249925730746e-5 0.00015942236022326028 2.310374114244951e-13 -4.123015056537588e-10
4540 12.304862633296246 0.0027149886264492993 3.696611974985514e-5 0.00012351634498308783 2.314259894831139e-13 -5.042592086078324e-10
4550 12.332024305729009 0.0027159255325010993 3.683373884374488e-5 0.00012135880561237045 2.3198110099542646e-13 -6.592543342828772e-10
4560 12.359171684735948 0.00271407140899294 3.7636713138113026e-5 0.00011652353717261921 2.324807013565078e-13 -6.431933579492677e-10
4570 12.386303549508357 0.0027124332843697046 3.8256574754012356e-5 0.00015631119671133398 2.329803017175891e-13 -4.703425166702191e-10
4580 12.413426793711018 0.0027127370933103935 3.7794066496709524e-5 0.00015222928135816272 2.334799020786704e-13 -4.2249586121312355e-10
4590 12.440573725573785 0.002716328432504998 3.703579534383575e-5 0.00012675970593412078 2.3381296898605797e-13 -5.766566026771391e-10
4600 12.467733353858884 0.0027149561788830183 3.736566902425465e-5 0.00011318977032437338 2.3436808049837055e-13 -6.781710375561301e-10
4610 12.494874406051752 0.002713488179458367 3.8245820234227846e-5 0.00012950675922140942 2.3486768085945187e-13 -5.808166452132835e-10
4620 12.522000738634352 0.0027121857728939556 3.847414992740791e-5 0.00016215537446073736 2.3531177006930193e-13 -4.234281545181795e-10
4630 12.549129159474152 0.002714045847080743 3.7692961232067275e-5 0.00013675748793551268 2.3608892618653954e-13 -4.678414947112408e-10
4640 12.576287904316763 0.0027164726730660423 3.731531535041397e-5 0.00012623310517601016 2.3669954885008337e-13 -6.383831917949889e-10
4650 12.603440010615317 0.002714258452883525 3.7983613186534804e-5 0.00011918884377426497 2.3697710460623966e-13 -6.639529447072245e-10
4660 12.630575311169418 0.0027128412805456376 3.873400034528398e-5 0.00015090351285063086 2.3753221611855224e-13 -5.063817004602456e-10
4670 12.657698840456684 0.0027124017741706466 3.8526458369959146e-5 0.00015921859838652352 2.3819834993332734e-13 -4.1299795788124483e-10
4680 12.684838396900233 0.0027156471729942824 3.7685408603458505e-5 0.00012651430147370135 2.385314168407149e-13 -5.36533321243704e-10
4690 12.712000763691941 0.0027156369067407957 3.7783683828620574e-5 0.00011924082372705147 2.3925306180672123e-13 -6.728564563157624e-10
4700 12.739144955513275 0.002713733643434623 3.863616122323336e-5 0.00011576422057568703 2.398081733190338e-13 -6.171904491387298e-10
4710 12.76627470417066 0.002712360924531867 3.9072774920181607e-5 0.00016230136380335214 2.4041879598257765e-13 -4.4418705736140596e-10
4720 12.793399938225946 0.002713306464533174 3.846226561803639e-5 0.00014792821878761853 2.4052981828504016e-13 -4.3994449499173884e-10
4730 12.820552765982749 0.0027165299698197563 3.7869766023696256e-5 0.00012941813251599044 2.412514632510465e-13 -6.081833098694046e-10
4740 12.847710217550233 0.002714633060206783 3.836595875013407e-5 0.00011904176069066352 2.416955524608966e-13 -6.746724106833677e-10
4750 12.8748479328816 0.002713206977331941 3.918730061768269e-5 0.00014192058930173612 2.423061751244404e-13 -5.471785012021752e-10
4760 12.901973246738516 0.0027122273417558703 3.9216790288710766e-5 0.00016405863217616723 2.4263924203182796e-13 -4.1375487199942926e-10
4770 12.9291062725744 0.002714788138162926 3.8405649317724536e-5 0.00012855668448474855 2.4319435354414054e-13 -4.97056619945008e-10
4780 12.956267661691427 0.0027162518425137222 3.823765483990238e-5 0.00012580772631742843 2.4397150966137815e-13 -6.599674665938479e-10
4790 12.983416238306628 0.00271388389000717 3.8999758304665436e-5 0.00012073407261414815 2.441935542663032e-13 -6.445323342758834e-10
4800 13.010548619438039 0.002712673641548679 3.960553227082838e-5 0.00015938105252555346 2.4463764347615324e-13 -4.749031871553474e-10
4810 13.037672511289754 0.0027127237448825088 3.9217592043699365e-5 0.00015702430408892631 2.4552582189585337e-13 -4.216747195849975e-10
4820 13.064817951278178 0.002716100174895009 3.84627695851359e-5 0.00013080690996392086 2.4558133304708463e-13 -5.698606316141611e-10
4830 13.09197919718371 0.0027152395964148324 3.875895932600979e-5 0.00011647535375147733 2.46302978013091e-13 -6.786341991377352e-10
4840 13.119119408218365 0.0027133883432343504 3.9603042474346265e-5 0.0001293039110871197 2.4696911182786607e-13 -5.864510154848451e-10
4850 13.146247104002622 0.0027122678730150235 3.984437363085231e-5 0.00016648509221972585 2.4724666758402236e-13 -4.2500587512945076e-10
4860 13.173375110538194 0.0027139361115929867 3.913648202748022e-5 0.00014172655755140262 2.4791280139879746e-13 -4.6360254970419516e-10
4870 13.200532167403617 0.0027165212753091986 3.872946381362475e-5 0.00013066686959128937 2.4830137945741626e-13 -6.362076285782695e-10
4880 13.227686088580063 0.0027141770848268494 3.936121871725031e-5 0.00012302717843992728 2.4896751327219135e-13 -6.635672445006423e-10
4890 13.25482030271345 0.0027129716366629973 4.008764677831452e-5 0.00015291820688212443 2.4952262478450393e-13 -5.132451979692962e-10
4900 13.28194472297283 0.002712353038170761 3.9928389904113066e-5 0.00016399575404324462 2.498001805406602e-13 -4.1247582888322143e-10
4910 13.309082906465711 0.002715390306200746 3.912594379668209e-5 0.00013012183071592354 2.5068835896036035e-13 -5.292261078156113e-10
4920 13.33624515384476 0.002715923028437934 3.9185646355517074e-5 0.00012391682502754797 2.510214258677479e-13 -6.74609050045627e-10
4930 13.363389369067775 0.0027134920631584052 3.999968781849652e-5 0.00011997947966335687 2.515210262288292e-13 -6.193530879133879e-10
4940 13.390519305745544 0.002712525554693405 4.043435778344648e-5 0.0001660652496101589 2.519651154386793e-13 -4.481519114141186e-10
4950 13.417644521167876 0.002713203496990974 3.9899896657112476e-5 0.00015291866026723167 2.5252022695099186e-13 -4.377835715468903e-10
4960 13.444795440124539 0.0027163831805403645 3.929363588785793e-5 0.00013372689955848394 2.5318636076576695e-13 -6.018055567769132e-10
4970 13.471954426525832 0.002714776418493762 3.975776414264963e-5 0.00012277225336687625 2.5368596112684827e-13 -6.762858658498905e-10
4980 13.499090925334299 0.0027131299602456507 4.055059750193644e-5 0.0001426209030154224 2.5435209494162336e-13 -5.533247314113907e-10
4990 13.526217393440973 0.0027123074954250935 4.060486641036817e-5 0.0001686645962462041 2.5479618415147343e-13 -4.137447372556946e-10
5000 13.553349520132114 0.002714601345477084 3.986207413430316e-5 0.0001336200461610204 2.5540680681501726e-13 -4.922959331854493e-10
5010 13.580510039786029 0.002716398641814062 3.9659776269231e-5 0.0001305029292332227 2.5579538487363607e-13 -6.586581210998865e-10
5020 13.607660008854014 0.002713798501861579 4.038585274849038e-5 0.00012472009318387212 2.5635049638594865e-13 -6.452472740142712e-10
5030 13.63479166120097 0.0027128006798188995 4.098028786032597e-5 0.00016226275080899466 2.567945855957987e-13 -4.816280031044728e-10
5040 13.661916800595288 0.002712681750079396 4.0649053668726727e-5 0.000162014950382261 2.573496971081113e-13 -4.193191939505514e-10
5050 13.689060741712117 0.002715973583138828 3.991176893660763e-5 0.00013479519272685536 2.5751623056180506e-13 -5.628232849393122e-10
5060 13.71622294404147 0.002715479992618687 4.017330886145791e-5 0.0001203976431891629 2.581268532253489e-13 -6.814366150346973e-10
5070 13.743363451084951 0.0027132398628441847 4.098329375194108e-5 0.00012864426783587568 2.5895952049381776e-13 -5.893697976487242e-10
5080 13.770491782611044 0.0027125255001976363 4.123202857670019e-5 0.00017072455063460446 2.5923707624997405e-13 -4.2806864387272096e-10
5090 13.797620020899439 0.002713746696535252 4.059507555868357e-5 0.00014684521759000813 2.596811654598241e-13 -4.6013866673887734e-10
5100 13.824776240215146 0.0027165820389203304 4.016217649875207e-5 0.00013526703342048307 2.600697435184429e-13 -6.305765893744166e-10
5110 13.851931939563302 0.0027143350800679167 4.076253158461802e-5 0.00012692659307178555 2.606248550307555e-13 -6.663775275754822e-10
5120 13.879065608399548 0.0027129006534317834 4.146639770375574e-5 0.00015455486317694778 2.611799665430681e-13 -5.194595072104263e-10
5130 13.906191920921755 0.002712520753659214 4.1339029262954214e-5 0.00016890236016620097 2.617905892066119e-13 -4.1098163101747e-10
5140 13.933328827706507 0.002715251172689681 4.058855315102482e-5 0.00013362911932635058 2.6212365611399946e-13 -5.242801192209744e-10
5150 13.960491588946118 0.002716077772156453 4.060545023221097e-5 0.00012868787038933238 2.6295632338246833e-13 -6.740725773936964e-10
5160 13.987637254484827 0.002713485857980115 4.138701047651641e-5 0.00012418359374100074 2.6328939028985587e-13 -6.211425003530346e-10
5170 14.014766655391481 0.0027126925865600523 4.181938575314123e-5 0.0001696271584425979 2.636779683484747e-13 -4.542856851416487e-10
5180 14.041893373527287 0.0027130540731796584 4.134504318692264e-5 0.0001580415209210262 2.642885910120185e-13 -4.337604227147664e-10
5190 14.069042816385638 0.002716414434219581 4.073948708481349e-5 0.00013811392852869364 2.646771690706373e-13 -5.956609401942216e-10
5200 14.096203027733562 0.0027149598513429244 4.117078580676365e-5 0.00012649940150399885 2.652322805829499e-13 -6.799181042181634e-10
5210 14.12333974670809 0.0027129516902386157 4.193612092368127e-5 0.00014283993541319706 2.65898414397725e-13 -5.566459130790763e-10
5220 14.150466895365522 0.0027125974113774327 4.200619955941355e-5 0.00017338895263241394 2.662869924563438e-13 -4.1579712469727885e-10
5230 14.177598350252522 0.002714318387362436 4.132533379229733e-5 0.00013871510050400548 2.6673108166619386e-13 -4.876501517249074e-10
5240 14.204758438441408 0.0027164850109940904 4.109030927475861e-5 0.00013520456238902412 2.670641485735814e-13 -6.542620062665065e-10
5250 14.231909720756228 0.0027139065146622047 4.179278610010271e-5 0.00012887738097355772 2.6789681584205027e-13 -6.491526501452641e-10
5260 14.259040286004321 0.0027127093970021493 4.237726498470238e-5 0.00016469450481737535 2.683964162031316e-13 -4.873206873841698e-10
5270 14.28616694425754 0.0027127193664344073 4.2086583728615815e-5 0.0001671304316477329 2.6884050541298166e-13 -4.165830681714805e-10
5280 14.313308705063935 0.0027158466218492384 4.138151090313174e-5 0.00013887673810297763 2.69340105774063e-13 -5.578030936453926e-10
5290 14.340471436410766 0.0027155980017978597 4.160255272435774e-5 0.0001252446427947307 2.698397061351443e-13 -6.818160125030004e-10
5300 14.36761259292657 0.0027131290271252485 4.238583011787949e-5 0.00012766316836720915 2.7045032879868813e-13 -5.922757180532034e-10
5310 14.394740092611524 0.002712687394735233 4.263935170762359e-5 0.0001749693288127796 2.710054403110007e-13 -4.3306144260901736e-10
5320 14.421868755030728 0.0027134800762370196 4.205995893447713e-5 0.0001519677470925851 2.7144952952085077e-13 -4.5482423209619594e-10
5330 14.449023253612685 0.002716619427309688 4.161349793035942e-5 0.00013985068790445254 2.719491298819321e-13 -6.254895542484595e-10
5340 14.476180092964388 0.0027144604134858126 4.218327069721978e-5 0.0001308555118564314 2.7255975254547593e-13 -6.706269047029867e-10
5350 14.503313163329166 0.0027127132442889977 4.2865374393233975e-5 0.00015556893865287247 2.73003841755326e-13 -5.231550947656927e-10
5360 14.530440070399795 0.002712716646730291 4.276181049664259e-5 0.00017399371891713145 2.7355895326763857e-13 -4.1186769012685476e-10
5370 14.557575591216539 0.0027149582503278517 4.206489711964428e-5 0.00013710063458050037 2.7400304247748863e-13 -5.187456367239385e-10
5380 14.584738184257427 0.002716227770290257 4.203900374907624e-5 0.00013349804373929963 2.745581539898012e-13 -6.711126238068132e-10
5390 14.611884943924522 0.00271349137941102 4.279725367989676e-5 0.00012873060280771398 2.750022431996513e-13 -6.258791904883987e-10
5400 14.639013371180132 0.0027126690393135975 4.322417654504597e-5 0.0001728970167531596 2.758904216193514e-13 -4.5909733653592966e-10
5410 14.666141323927421 0.0027130517344712726 4.279556091693043e-5 0.00016320689676763145 2.760014439218139e-13 -4.3001918345608736e-10
5420 14.693288641529806 0.002716312673753067 4.220343963354144e-5 0.00014254017045789436 2.7672308888782027e-13 -5.908737930361563e-10
5430 14.720450286704397 0.002715131252224549 4.259751559894957e-5 0.00013012500707143548 2.7711166694643907e-13 -6.811850196321995e-10
5440 14.747587278499639 0.0027128753883259847 4.334304041654685e-5 0.0001425463815537542 2.7777780076121417e-13 -5.604980251087098e-10
5450 14.774714299838543 0.002712748101863685 4.342439962543213e-5 0.0001782040348968783 2.781108676686017e-13 -4.1929802736969356e-10
5460 14.801846263887102 0.00271408749171731 4.279552296424426e-5 0.00014391954978598687 2.7861046802968303e-13 -4.812916164039145e-10
5470 14.82900515094925 0.0027166667014199442 4.253460190940911e-5 0.00013995240209152549 2.7911006839076435e-13 -6.506421657213033e-10
5480 14.856158280646325 0.002713953548879693 4.321182210497294e-5 0.00013320964398377821 2.7949864644938316e-13 -6.538729107152261e-10
5490 14.883288620385152 0.002712657680405053 4.3783535854876006e-5 0.00016661887548330423 2.8005375796169574e-13 -4.910042596575419e-10
5500 14.910416190301472 0.002712933488666269 4.352927073183879e-5 0.00017237726612351345 2.808864252301646e-13 -4.1636807574002523e-10
5510 14.937556873113223 0.0027155482909971954 4.286391353292677e-5 0.0001428677805216383 2.811639809863209e-13 -5.515984265173805e-10
5520 14.96472058632245 0.002715897066171987 4.3043277015159896e-5 0.00013021780865751786 2.815525590449397e-13 -6.803713300349477e-10
5530 14.991862576991162 0.002713120936660341 4.3809868325838296e-5 0.00012642197925327725 2.821076705572523e-13 -5.978224103978549e-10
5540 15.018989899746137 0.002712682905394733 4.406350609991374e-5 0.0001790092923763531 2.828848266744899e-13 -4.3652522919887815e-10
5550 15.046119948060468 0.0027135163780270853 4.353031406148582e-5 0.0001572432074682384 2.8321789358187743e-13 -4.503632271820771e-10
5560 15.073272355122278 0.002716597677220838 4.308120465138028e-5 0.000144549314629705 2.8382851624542127e-13 -6.213498995133334e-10
5570 15.100431466058748 0.002714566070265419 4.361708627108308e-5 0.00013487900507658246 2.844391389089651e-13 -6.724875160380288e-10
5580 15.127564498538458 0.0027127140715173855 4.428520753323734e-5 0.0001561469673053706 2.8493873927004643e-13 -5.277563509002644e-10
5590 15.154691444556258 0.0027128554086768785 4.419797261483311e-5 0.00017913107921196936 2.853828284798965e-13 -4.137473603532549e-10
5600 15.181827257871975 0.002714652081871729 4.354885071554624e-5 0.0001401717193821872 2.857714065385153e-13 -5.116563781139933e-10
5610 15.208988989951193 0.0027165209457913663 4.348788236132697e-5 0.00013846983411225366 2.8638202920205913e-13 -6.692453210940764e-10
5620 15.236137109334008 0.0027134393966900044 4.422517424090618e-5 0.0001331571047199498 2.8677060726067793e-13 -6.308289634746316e-10
5630 15.263265201800358 0.00271260185094979 4.464692664839483e-5 0.00017573839679874137 2.8743674107545303e-13 -4.6238271805137954e-10
5640 15.290393852728155 0.0027132334954925196 4.425508896692944e-5 0.00016863693707336314 2.8782531913407183e-13 -4.2878450204515695e-10
5650 15.317539269195615 0.0027159994721088257 4.3680373998926245e-5 0.0001469467804625646 2.8849145294884693e-13 -5.844558552403623e-10
5660 15.344702207304222 0.0027153603637864046 4.403703542313857e-5 0.0001340452938697334 2.8882451985623447e-13 -6.812409525380758e-10
5670 15.371839161081756 0.0027128345499647785 4.477112660294026e-5 0.00014200854973411836 2.894351425197783e-13 -5.665723046971438e-10
5680 15.398965653509762 0.0027127287278884376 4.485693953739427e-5 0.00018277646737496767 2.899902540320909e-13 -4.212514868179307e-10
5690 15.426098393070044 0.002713973470881843 4.427331739656754e-5 0.00014926584135666054 2.903788320907097e-13 -4.762065308056007e-10
5700 15.453254891434696 0.0027167176662264776 4.399516716832598e-5 0.00014495727052565854 2.9093394360302227e-13 -6.474606909639968e-10
5710 15.480409825604 0.002713960863696066 4.464445398436248e-5 0.00013736135265240978 2.9148905511533485e-13 -6.563534655015801e-10
5720 15.507539549164228 0.002712595355600165 4.5209397993457594e-5 0.00016813440927621048 2.919331443251849e-13 -4.959356436802509e-10
5730 15.534667084829557 0.0027130684290962697 4.497533957956553e-5 0.00017782787437714553 2.92377233535035e-13 -4.166746895434281e-10
5740 15.561807024233602 0.0027151894967477152 4.434720724757719e-5 0.00014652616532706553 2.931543896522726e-13 -5.440948490365027e-10
5750 15.588970293487659 0.002716170365903078 4.4493865854517935e-5 0.0001352426430961673 2.9359847886212265e-13 -6.801624697488906e-10
5760 15.616113166676737 0.0027130425065666954 4.525049808785399e-5 0.0001306827675235933 2.9387603461827894e-13 -6.029805717233661e-10
5770 15.6432398254332 0.0027126443253878666 4.550410490281484e-5 0.00018257436522906012 2.944311461305915e-13 -4.3914184007926016e-10
5780 15.670370613034532 0.002713583000121113 4.500869138559504e-5 0.00016280560558445956 2.9493074649167283e-13 -4.48181432070871e-10
5790 15.697520930052969 0.0027163945758612008 4.456206813672095e-5 0.0001493909064502752 2.958744360626042e-13 -6.151792473867157e-10
5800 15.724681643325884 0.002714784902856538 4.506371380118877e-5 0.00013894547065673724 2.959299472138355e-13 -6.738644634700711e-10
5810 15.751814523383555 0.0027126223524593135 4.572512233830731e-5 0.00015643546711863188 2.9648505872614805e-13 -5.340637723185403e-10
5820 15.77894142984782 0.0027129370079267017 4.564593494475824e-5 0.0001842102969888959 2.9704017023846063e-13 -4.1414402468390246e-10
5830 15.806077603324539 0.0027145013280894404 4.504124884717954e-5 0.00014273117477581199 2.9753977059954195e-13 -5.061648715928304e-10
5840 15.833237835425413 0.0027166352550123986 4.495160924474151e-5 0.0001435969139637061 2.9781732635569824e-13 -6.672833660629265e-10
5850 15.860388163318495 0.0027134908643822427 4.566628438122462e-5 0.00013745009525278906 2.9848346017047334e-13 -6.337887371852705e-10
5860 15.887515532313408 0.002712589753214952 4.608961541575869e-5 0.00017806832295130803 2.9870550477539837e-13 -4.672275384319014e-10
5870 15.91464499375149 0.0027133293873077306 4.5722728543212446e-5 0.00017432365538994077 2.99482660892636e-13 -4.276007858333879e-10
5880 15.94178965827131 0.0027157689309701633 4.516849165778601e-5 0.0001512177190330366 2.9992675010248604e-13 -5.769219498974427e-10
5890 15.968952993860244 0.0027156872944041816 4.549079491097769e-5 0.00013808381723345864 3.0020430585864233e-13 -6.827337533635796e-10
5900 15.996091168981167 0.002712706222458838 4.6214890831067416e-5 0.00014129457141465185 3.008704396734174e-13 -5.71739645333389e-10
5910 16.023217424579595 0.002712838123391197 4.630484030213172e-5 0.00018706128737633332 3.0137004003449874e-13 -4.22894720561031e-10
5920 16.050350904146608 0.002713979202258151 4.575948450491329e-5 0.0001547781703243878 3.0186964039558006e-13 -4.732825097510592e-10
5930 16.077506004601204 0.002716595719248282 4.546849392603732e-5 0.0001500221195085416 3.0253577421035516e-13 -6.418684755696635e-10
5940 16.10466314047277 0.0027142382036678997 4.6090770425129116e-5 0.00014157044910578787 3.027578188152802e-13 -6.589130917976538e-10
5950 16.131792354541926 0.0027124800813003148 4.6654830459544594e-5 0.00016919101293766392 3.0347946378128654e-13 -5.02172085214137e-10
5960 16.158920546674196 0.002713152032838603 4.643056159872556e-5 0.00018332032781565033 3.0397906414236786e-13 -4.155041631033368e-10
5970 16.18606044810874 0.0027150752457099254 4.584035675684078e-5 0.0001498835890875183 3.0453417565468044e-13 -5.385130353726081e-10
5980 16.2132227346071 0.0027163296995216637 4.595159180809795e-5 0.0001404310204481396 3.0492275371329924e-13 -6.79536670030313e-10
5990 16.240367876825598 0.002713009013214289 4.669271937663778e-5 0.00013532763098988987 3.055333763768431e-13 -6.062537530370296e-10
6000 16.267493452499803 0.002712696875448067 4.695811138564593e-5 0.00018576983437557093 3.059219544354619e-13 -4.434942483784801e-10
6010 16.29462491836978 0.0027135952230064172 4.649205686566413e-5 0.00016850958588066067 3.0636604364531195e-13 -4.4572935425056526e-10
6020 16.32177421391782 0.002716172117986929 4.6053955174536465e-5 0.0001540543304721087 3.0703217746008704e-13 -6.080518614656749e-10
6030 16.348935627876124 0.0027151272317144613 4.65237169311957e-5 0.00014312231325097624 3.076428001236309e-13 -6.768167033766037e-10
6040 16.376068823152305 0.0027124010105368736 4.717945961915448e-5 0.0001563391324472807 3.0808688933348094e-13 -5.391064591270256e-10
6050 16.40319541805355 0.0027130244078420675 4.710746369440513e-5 0.00018914044701212607 3.0858648969456226e-13 -4.146195348858628e-10
6060 16.430331697735102 0.0027144467607673963 4.6541027789259596e-5 0.000144992034293856 3.0914160120687484e-13 -5.026560036258676e-10
6070 16.457490272968492 0.002716550874486211 4.64256053574691e-5 0.00014879429304004432 3.096967127191874e-13 -6.62748694466031e-10
6080 16.4846426792341 0.0027136416451380837 4.712077015647221e-5 0.0001420412269101945 3.102518242315e-13 -6.372350329700294e-10
6090 16.511768690432923 0.00271247135440131 4.755028616823406e-5 0.0001799935110110562 3.106404022901188e-13 -4.730209921671724e-10
6100 16.53889850482602 0.0027133657773006485 4.719716443745745e-5 0.00017998695507803752 3.111955138024314e-13 -4.250696444135782e-10
6110 16.566042493172393 0.002715575822874837 4.666734291174565e-5 0.00015517075768223254 3.1175062531474396e-13 -5.71388001149864e-10
6120 16.59320513273398 0.0027159028208472887 4.6955328973955445e-5 0.0001419685342578525 3.1230573682705653e-13 -6.835034517538308e-10
6130 16.620344718341688 0.002712574513598922 4.7670896544608385e-5 0.0001403712064453888 3.1291635949060037e-13 -5.753272927511155e-10
6140 16.64746968457788 0.002712862994203551 4.777055804775954e-5 0.00019109645044701473 3.135269821541442e-13 -4.2632712464463207e-10
6150 16.674603688571427 0.0027139668797568155 4.7251060031886206e-5 0.00016053305348606717 3.13693515607838e-13 -4.697969131772783e-10
6160 16.701757284455383 0.002716420041353843 4.695229079968039e-5 0.00015495173852131394 3.140820936664568e-13 -6.355589099709541e-10
6170 16.728915669162372 0.0027145023478270746 4.7549996287523314e-5 0.00014611631000571723 3.1480373863246314e-13 -6.629604899993993e-10
6180 16.756044660136276 0.002712281355025248 4.811447233506672e-5 0.00016984548994891657 3.152478278423132e-13 -5.069888701567105e-10
6190 16.78317257468133 0.0027132683447491078 4.7898303942238e-5 0.00018864064501655786 3.1596947280831955e-13 -4.1480907973106846e-10
6200 16.810312571136585 0.0027149315292855887 4.7342314675146944e-5 0.000152893244051433 3.163025397157071e-13 -5.345164645980901e-10
6210 16.83747375552032 0.002716406202023203 4.741854516726021e-5 0.00014582559765041747 3.168576512280197e-13 -6.763677654350673e-10
6220 16.864620898140814 0.0027131051154071005 4.814777320215926e-5 0.00014004688958424438 3.1752378504279477e-13 -6.103743286290737e-10
6230 16.891745325545507 0.0027125761599498203 4.842404869575935e-5 0.00018862144052766983 3.177458296477198e-13 -4.48433071617285e-10
6240 16.918877672702006 0.0027137142150534853 4.797381753325353e-5 0.00017432508521497692 3.183009411600324e-13 -4.4209983317307953e-10
6250 16.946025993539326 0.002716005133949899 4.755117704100744e-5 0.00015845908081923987 3.188005415211137e-13 -6.029295808315679e-10
6260 16.9731879871695 0.0027153595599910983 4.7993184392732446e-5 0.00014741834386766683 3.1952218648712005e-13 -6.787892254782089e-10
6270 17.000322485347816 0.0027123323803105114 4.864588983204668e-5 0.00015600494639200768 3.1963320878958257e-13 -5.428872080302565e-10
6280 17.02744802251176 0.002713098170000493 4.85854238423174e-5 0.00019378486908172565 3.202438314531264e-13 -4.168961725938843e-10
6290 17.054585436175827 0.0027143708004596927 4.8046737651748325e-5 0.00015051212512362522 3.20798942965439e-13 -4.982718598830302e-10
6300 17.08174279107268 0.0027165665755273087 4.79092628910308e-5 0.00015402851710055732 3.214650767802141e-13 -6.577671468190201e-10
6310 17.108896948172333 0.002713859663898839 4.858754628439088e-5 0.00014671287571210723 3.2190916599006414e-13 -6.420859957075358e-10
6320 17.1360229356008 0.0027122672190862344 4.9024814168558984e-5 0.0001815383246729363 3.2229774404868294e-13 -4.772613039330292e-10
6330 17.163152907351233 0.0027135970038112242 4.868234862848304e-5 0.00018564095387363366 3.229083667122268e-13 -4.2336434203748934e-10
6340 17.190296663203956 0.002715370472439175 4.8175988406064005e-5 0.00015880689360214806 3.234079670733081e-13 -5.670996756229358e-10
6350 17.217459205680207 0.0027160501558261842 4.842790716135418e-5 0.0001458312431181774 3.237965451319269e-13 -6.818071736125518e-10
6360 17.244600623565418 0.0027126847151733744 4.913991439546892e-5 0.00013948413323705555 3.2429614549300823e-13 -5.799608223679663e-10
6370 17.27172425525784 0.0027127343853555774 4.925225481085434e-5 0.00019470109882557818 3.248512570053208e-13 -4.3004329426925975e-10
6380 17.29885954847738 0.0027140312943727068 4.874815446377267e-5 0.00016645584887231557 3.254063685176334e-13 -4.653352729186433e-10
6390 17.326011670595996 0.0027163403067019696 4.8448137986530724e-5 0.00015983520338114232 3.2585045772748344e-13 -6.312256693903617e-10
6400 17.35317106416145 0.002714689133881192 4.901849577933279e-5 0.0001505624229575231 3.26405569239796e-13 -6.658891060079553e-10
6410 17.380300972340773 0.002712145713983311 4.958669252310298e-5 0.000170274021819794 3.2690516960087734e-13 -5.107790631425635e-10
6420 17.407427654484675 0.0027134021217355077 4.9381106379773006e-5 0.00019383788312776762 3.2729374765949615e-13 -4.158218127464641e-10
6430 17.434568199627698 0.0027147295688924834 4.885057155373568e-5 0.000155476366668017 3.2784885917180873e-13 -5.294990921417275e-10
6440 17.46172827084247 0.0027164673171815937 4.8895901364529136e-5 0.00015118287288151677 3.2834845953289005e-13 -6.729931681381807e-10
6450 17.488876960679033 0.002713281941979661 4.961527790785228e-5 0.00014477282595515284 3.287925487427401e-13 -6.15694886567375e-10
6460 17.516000545346532 0.002712311213211749 4.99036381414046e-5 0.00019094744036796119 3.293476602550527e-13 -4.518677255288539e-10
6470 17.543133103453716 0.002713890053027971 4.946494370875988e-5 0.00018025171174462784 3.300137940698278e-13 -4.3951341698045265e-10
6480 17.57028031523336 0.0027157928779069336 4.905442596569773e-5 0.00016275701748935667 3.3029134982598407e-13 -5.986264782487094e-10
6490 17.59744238292297 0.0027155052461543894 4.94627169051822e-5 0.00015156254783388334 3.310129947919904e-13 -6.786205555830982e-10
6500 17.624578249218107 0.0027123300120999094 5.012166914931987e-5 0.0001557151568506443 3.31568106304303e-13 -5.477699717426621e-10
6510 17.651701982194393 0.0027130155147943036 5.007729067181208e-5 0.00019812061492696653 3.319566843629218e-13 -4.191661835337146e-10
6520 17.67884028008548 0.0027143326979656894 4.955741929344548e-5 0.00015634972592326601 3.327338404801594e-13 -4.932450632828822e-10
6530 17.70599594896016 0.002716504787791577 4.940456286922528e-5 0.00015919537450637122 3.3295588508508445e-13 -6.544633728185201e-10
6540 17.733151390253443 0.0027140567619930093 5.006302041378649e-5 0.0001512071097413692 3.333999742949345e-13 -6.457606274799105e-10
6550 17.76027748396338 0.002712066875810293 5.0511723907778677e-5 0.00018266256858867624 3.342326415634034e-13 -4.809156892702539e-10
6560 17.787406503352898 0.0027137244088846204 5.01796670197161e-5 0.0001913277765824839 3.344546861683284e-13 -4.2305837087382777e-10
6570 17.81455040064446 0.002715167858013812 4.969138810080834e-5 0.0001621839085518273 3.3495428652940973e-13 -5.617050932997698e-10
6580 17.84171208194591 0.0027161783979469493 4.990960255745876e-5 0.00014960274267827867 3.3556490919295356e-13 -6.80221143261208e-10
6590 17.868855328971087 0.0027127759668321557 5.062007334542995e-5 0.00014081417503208904 3.360645095540349e-13 -5.854359518147788e-10
6600 17.895977831187704 0.0027125538669984612 5.074662972625573e-5 0.00019784120299892738 3.364530876126537e-13 -4.3245613633193803e-10
6610 17.92311355603974 0.002714183060792878 5.025215303817823e-5 0.00017242454022214915 3.3706371027619753e-13 -4.6210659165778956e-10
6620 17.95026468688144 0.0027161369301426604 4.995433457157222e-5 0.00016460362229508974 3.3739677718358507e-13 -6.271408280661586e-10
6630 17.977424970283124 0.0027149517149657933 5.049390800752313e-5 0.00015481616507972973 3.378963775446664e-13 -6.67125042465125e-10
6640 18.004555895142992 0.0027120806759992145 5.107117204886015e-5 0.00017053340919748194 3.3845148905697897e-13 -5.157411747268018e-10
6650 18.031681368967444 0.0027133658006348077 5.087664939753711e-5 0.0001988743419983896 3.391731340229853e-13 -4.1645574817062464e-10
6660 18.058822986452604 0.002714735205177732 5.036348209091343e-5 0.00015769610672555778 3.394506897791416e-13 -5.242191074721084e-10
6670 18.085981604655895 0.0027164769305225364 5.03843893980574e-5 0.0001564846470104575 3.398947789889917e-13 -6.710545442929069e-10
6680 18.11313251147184 0.002713445075964602 5.109099013290327e-5 0.0001495766052271863 3.4061642395499803e-13 -6.197091021135985e-10
6690 18.140255872178592 0.002712190314288512 5.1395577145904776e-5 0.00019285826036785636 3.4100500201361683e-13 -4.551740162080373e-10
6700 18.167387962190094 0.0027140288006683375 5.0965542491680684e-5 0.0001861617626455203 3.414490912234669e-13 -4.3801793181435676e-10
6710 18.194535559259197 0.0027155702350461462 5.056502143128965e-5 0.00016677403250786593 3.4205971388701073e-13 -5.930870829715974e-10
6720 18.22169736957555 0.0027157835869231393 5.094060278273545e-5 0.00015558604775745 3.426148253993233e-13 -6.789360021994088e-10
6730 18.24883495106044 0.002712326930725903 5.1605134119447276e-5 0.00015544664608890812 3.4311442576040463e-13 -5.531343372157556e-10
6740 18.27595776907186 0.002712873649824554 5.157528500272076e-5 0.00020211386112367613 3.436695372727172e-13 -4.2029217324317247e-10
6750 18.30309671512316 0.002714521610286458 5.106778480755617e-5 0.00016232479799216382 3.439470930288735e-13 -4.896611094026837e-10
6760 18.330251142179943 0.002716301646565233 5.0908290491704795e-5 0.00016425368619676917 3.4450220454118607e-13 -6.509436323298701e-10
6770 18.357408248082493 0.002714308576560126 5.1545256471793315e-5 0.0001558093775558822 3.4516833835596117e-13 -6.480957749632754e-10
6780 18.38453465338557 0.002712000604904992 5.201068092862431e-5 0.0001835815901173321 3.456679387170425e-13 -4.857485923909222e-10
6790 18.411662514436713 0.002713689675940514 5.1687290263391246e-5 0.00019680275512323764 3.462785613805863e-13 -4.2209047368402253e-10
6800 18.43880744179349 0.0027150938944433393 5.121204755778397e-5 0.0001651576148749001 3.4677816174166765e-13 -5.56367741808006e-10
6810 18.465967548482563 0.00271629068662918 5.1400824015400546e-5 0.0001531064184020492 3.472222509515177e-13 -6.798752697975696e-10
6820 18.493112826092048 0.002712824681678237 5.210746720993296e-5 0.0001458983302928818 3.4772185131259903e-13 -5.89522937844561e-10
6830 18.52023462423101 0.002712402245620265 5.225336541298717e-5 0.00020064916885054185 3.482769628249116e-13 -4.35109588116378e-10
6840 18.547369869413156 0.002714349593688541 5.176370826006743e-5 0.00017848643613671555 3.488320743372242e-13 -4.5967083958653454e-10
6850 18.574520622496266 0.0027158385257354638 5.1467729310338657e-5 0.00016908341664523263 3.49220652395843e-13 -6.21794228952699e-10
6860 18.60168104422846 0.002715227173954794 5.197702464571997e-5 0.00015927995712994303 3.4977576390815557e-13 -6.691206165532204e-10
6870 18.6288129167278 0.0027120280380684893 5.256523238400597e-5 0.0001707555064969224 3.503863865716994e-13 -5.208231745185143e-10
6880 18.655937009714258 0.0027132101125701504 5.238375145330924e-5 0.0002035065698123839 3.50941498084012e-13 -4.162119355763383e-10
6890 18.683079303424954 0.0027148280982970275 5.188257831166837e-5 0.000159595858183037 3.514410984450933e-13 -5.20402156263533e-10
6900 18.710236140237978 0.0027163494608250004 5.188161033196209e-5 0.00016186482288849113 3.518296765037121e-13 -6.685025892225194e-10
6910 18.73738874340929 0.0027136197011143675 5.2573244652353667e-5 0.00015433040427781375 3.522182545623309e-13 -6.228522799519437e-10
6920 18.76451188442414 0.002712052959866854 5.28998571554969e-5 0.00019459126026977192 3.52884388377106e-13 -4.5956726941217933e-10
6930 18.791642831552323 0.002714071873717784 5.247556085215113e-5 0.00019198714563462005 3.531619441332623e-13 -4.356564103745334e-10
6940 18.818790905627758 0.002715398264861292 5.2082752108065294e-5 0.00017035592226555263 3.5388358909926865e-13 -5.878793417339763e-10
6950 18.84595160174766 0.0027159393492918868 5.242698916051331e-5 0.00015968026665580393 3.5427216715788745e-13 -6.801933128282086e-10
6960 18.873091028129252 0.002712368344974175 5.309548485389403e-5 0.00015520911531341497 3.5482727867020003e-13 -5.571375084854094e-10
6970 18.90021267343901 0.0027127064161248495 5.3086277350188686e-5 0.0002056721180306864 3.552713678800501e-13 -4.2205399600982573e-10
6980 18.9273517542687 0.002714661553921154 5.258305534856186e-5 0.00016851744922985468 3.557709682411314e-13 -4.864664941889768e-10
6990 18.954505415515847 0.0027160898788639778 5.241411287866774e-5 0.00016922143794972921 3.5649261320713777e-13 -6.461774426421589e-10
7000 18.98166323456309 0.002714581864068076 5.3030033001484675e-5 0.00016049693301611878 3.5693670241698783e-13 -6.51504285219588e-10
7010 19.008790606376394 0.0027118922052176476 5.351770125344074e-5 0.00018446765776514162 3.5726976932437537e-13 -4.903185660996109e-10
7020 19.035917193274855 0.0027136703103156556 5.320624604893614e-5 0.00020199411849108895 3.5793590313915047e-13 -4.205338436240149e-10
7030 19.063062903009524 0.002715105135318595 5.274054038423087e-5 0.0001677280777307999 3.584355035002318e-13 -5.524931811390005e-10
7040 19.090221825704365 0.0027162537467917626 5.2900346605656006e-5 0.0001574173104476051 3.590461261637756e-13 -6.785064081905874e-10
7050 19.117369221822397 0.002713053448705156 5.3601433487340266e-5 0.0001509114058705352 3.596012376760882e-13 -5.931901237914417e-10
7060 19.144490478116655 0.002712219845689623 5.377242491983856e-5 0.00020311684389628937 3.601008380371695e-13 -4.3878331871372413e-10
7070 19.17162547205384 0.0027144463801178336 5.328318650424091e-5 0.00018461548437032071 3.607669718519446e-13 -4.561363742263075e-10
7080 19.198776467712655 0.0027157270843713678 5.298978382378855e-5 0.00017332483583554215 3.6110003875933216e-13 -6.170479612766715e-10
7090 19.2259365055804 0.0027154190055777862 5.3467605950773236e-5 0.00016373089120247375 3.61710661422876e-13 -6.718797145434472e-10
7100 19.25307054672094 0.0027120282103358234 5.406586641011994e-5 0.00017106078186057694 3.619882171790323e-13 -5.244842878689322e-10
7110 19.280193214630355 0.0027131477688354805 5.390393562620716e-5 0.00020777865488541547 3.626543509938074e-13 -4.1693605794430877e-10
7120 19.307336052615405 0.00271490138207864 5.340845252162161e-5 0.00016121525637546874 3.6309844020365745e-13 -5.166914261896249e-10
7130 19.334492317506427 0.002716202798192817 5.338704550366543e-5 0.00016714657698502222 3.6365355171597e-13 -6.646579311236911e-10
7140 19.36164610166579 0.0027139494277879377 5.4062760235181385e-5 0.00015903123624272375 3.6415315207705135e-13 -6.273318982341625e-10
7150 19.388769719671995 0.0027118428612677233 5.441347165370622e-5 0.00019609740743165016 3.647082635893639e-13 -4.6341190780563313e-10
7160 19.415899756550953 0.0027141123333230465 5.3995555124295274e-5 0.00019770174928568363 3.6520786395044524e-13 -4.328951242610346e-10
7170 19.4430483218628 0.0027153965745053263 5.3608917203032585e-5 0.00017369916577203437 3.6570746431152656e-13 -5.841638388293102e-10
7180 19.470208024232928 0.0027159283032305854 5.392044011597465e-5 0.00016354734814061356 3.6626257582383914e-13 -6.801876622705705e-10
7190 19.497349757190115 0.002712532678830271 5.459214180068659e-5 0.0001551680695504043 3.667066650336892e-13 -5.609744268501166e-10
7200 19.52447003306279 0.002712537226579239 5.4609524424511905e-5 0.00020889196622164707 3.673727988484643e-13 -4.2477226423753844e-10
7210 19.551609021731174 0.0027147143289396034 5.410479931660138e-5 0.0001746966336975131 3.6781688805831436e-13 -4.820898229229709e-10
7220 19.578762589615668 0.0027159555671601625 5.392953907698056e-5 0.0001739685458268525 3.681499549657019e-13 -6.421079709606481e-10
7230 19.60592021743407 0.0027148260662388105 5.451877075940166e-5 0.00016503503910747508 3.68816088780477e-13 -6.555571953337225e-10
7240 19.633049061119355 0.002711756428386767 5.502350516043338e-5 0.00018525721422324448 3.6926017799032707e-13 -4.935165141134457e-10
7250 19.66017395307602 0.0027136227334734857 5.4729884592046244e-5 0.00020699122195066977 3.698708006538709e-13 -4.200870111839561e-10
7260 19.687320009603503 0.0027151500921400455 5.427314225435376e-5 0.00017011801120725423 3.702593787124897e-13 -5.485363274715382e-10
7270 19.714477960816755 0.00271610779747843 5.44079588298789e-5 0.00016282103082965182 3.710365348297273e-13 -6.759113826363544e-10
7280 19.741626825157624 0.0027133217029277003 5.510225247921088e-5 0.00015572704765998147 3.7114755713218983e-13 -5.982544880496488e-10
7290 19.76874758323666 0.002711982935067656 5.530024448266113e-5 0.0002052926738624894 3.7164715749327115e-13 -4.4177422925894237e-10
7300 19.79588162578528 0.002714482869711968 5.4810139598699935e-5 0.00019059734928694727 3.7220226900558373e-13 -4.5240140495274913e-10
7310 19.823032930573895 0.0027156534162974086 5.4520050198336664e-5 0.00017733556342769408 3.730349362740526e-13 -6.135874821945673e-10
7320 19.850192056136063 0.0027155080693979134 5.4963629546703575e-5 0.00016784844896478024 3.7325698087897763e-13 -6.733416506174566e-10
7330 19.877328065008694 0.0027120776178627256 5.557204153174008e-5 0.00017142518557411446 3.7386760354252146e-13 -5.282531306820772e-10
7340 19.90444906238388 0.0027129737713154334 5.543579179913879e-5 0.00021182844754019658 3.7453373735729656e-13 -4.184400526341563e-10
7350 19.931592026446463 0.0027150027893752243 5.4938225406962946e-5 0.00016269243113675724 3.748668042646841e-13 -5.118348318433684e-10
7360 19.9587477985882 0.002716045825895701 5.490109414095804e-5 0.0001721905075916519 3.7531089347453417e-13 -6.61536863692185e-10
7370 19.985902180929056 0.0027142013019175243 5.555767169687528e-5 0.00016386477231766783 3.760325384405405e-13 -6.322772962523796e-10
7380 20.013026699440655 0.002711707246991643 5.5932980653465854e-5 0.0001974183884567715 3.7636560534792807e-13 -4.660803263339962e-10
7390 20.040155085487275 0.002714088893850053 5.5525759981738234e-5 0.00020319060792850507 3.769762280114719e-13 -4.3130624115009376e-10
7400 20.067304499115085 0.002715397043072064 5.5140147856883865e-5 0.00017682467722446304 3.7742031722132197e-13 -5.800848428745279e-10
7410 20.094463274140796 0.00271592866733794 5.542007344222932e-5 0.0001670293543519774 3.7780889527994077e-13 -6.791557844451092e-10
7420 20.12160683072827 0.0027127273395915765 5.6094367441339605e-5 0.0001552587501866265 3.7825298448979083e-13 -5.662200900834467e-10
7430 20.148726567291586 0.0027122987352517793 5.614135652292237e-5 0.0002118825956377579 3.7903014060702844e-13 -4.2667184145598187e-10
7440 20.175865038110796 0.00271487454509138 5.563158704574081e-5 0.00018082629587801158 3.79585252119341e-13 -4.777586167833807e-10
7450 20.20301882624029 0.002715817812548619 5.545287944673712e-5 0.000178448950207577 3.801403636316536e-13 -6.390777343900835e-10
7460 20.230176514521208 0.0027149994360890287 5.601168549893774e-5 0.0001695688128193762 3.8047343053904115e-13 -6.583007828903e-10
7470 20.257307134913138 0.002711819406631736 5.653446031698684e-5 0.0001860432972420334 3.809175197488912e-13 -4.970574362262586e-10
7480 20.284430325822388 0.002713447588140664 5.626155369622426e-5 0.0002116913045655533 3.814726312612038e-13 -4.202342690409061e-10
7490 20.31157731811517 0.002715257207275987 5.5801648648495833e-5 0.00017229671755669695 3.8191672047105385e-13 -5.434713304386385e-10
7500 20.33873450018423 0.002716057846795749 5.591641881938838e-5 0.00016817857378159662 3.8258285428582894e-13 -6.741046176123033e-10
7510 20.36588462022023 0.0027135286998183944 5.660481953321456e-5 0.0001603379328926069 3.8308245464691026e-13 -6.036315215035559e-10
7520 20.3930061514566 0.0027118236543126712 5.683408092131283e-5 0.0002073306195283786 3.8347103270552907e-13 -4.437296034082161e-10
7530 20.42013860828261 0.0027145723099634895 5.634566899337838e-5 0.00019644308788335785 3.8413716652030416e-13 -4.498902032162855e-10
7540 20.44729076222105 0.0027155452362507544 5.605480860012995e-5 0.0001810401951831686 3.8458125573015423e-13 -6.095577584352974e-10
7550 20.47444939090667 0.0027155995773965403 5.646505118368531e-5 0.0001719387457709276 3.850253449400043e-13 -6.739528666047101e-10
7560 20.501587125775643 0.0027122599631801206 5.7083057408726965e-5 0.00017190457163940298 3.8546943414985435e-13 -5.333512969381976e-10
7570 20.528707094665137 0.002712672109994755 5.697626686707509e-5 0.000215523010465124 3.8602454566216693e-13 -4.1907698405257987e-10
7580 20.555850035348122 0.00271518576590332 5.647250323651622e-5 0.00016868480704312905 3.865796571744795e-13 -5.072128203553739e-10
7590 20.583005362223066 0.002715922556615288 5.6422818764442804e-5 0.0001771589744004043 3.868572129306358e-13 -6.592172415581521e-10
7600 20.61016019929281 0.0027143518945117184 5.705592133014489e-5 0.0001686513097894915 3.8757885789664215e-13 -6.360279213024622e-10
7610 20.637286158338036 0.002711698901767424 5.745788697054176e-5 0.00019879897461549945 3.879119248040297e-13 -4.691786707408663e-10
7620 20.664412322905676 0.002713972851172043 5.706614329424546e-5 0.00020843535154946302 3.8824499171141724e-13 -4.3014470544472383e-10
7630 20.691562633390387 0.002715389542408141 5.6674695112035104e-5 0.0001795973382784366 3.889666366774236e-13 -5.750443927456106e-10
7640 20.718720457387512 0.002715922023760777 5.6927335062226844e-5 0.00017045217374034305 3.8957725934096743e-13 -6.788340983082675e-10
7650 20.745865273057525 0.002712925388850907 5.7600189303300646e-5 0.000155872780070343 3.900213485508175e-13 -5.716595341629521e-10
7660 20.772984976682302 0.0027120278424213225 5.767976981339263e-5 0.00021457634762223066 3.9057646006313007e-13 -4.2778186971469817e-10
7670 20.800122049780175 0.002714997128321471 5.7166192239208826e-5 0.00018700520770464912 3.9113157157544265e-13 -4.745335148927826e-10
7680 20.827276096236243 0.002715680916081656 5.698206663754665e-5 0.00018278186111031491 3.914646384828302e-13 -6.353425140542655e-10
7690 20.85443341448318 0.0027150974399539852 5.750920164224635e-5 0.0001740982300216798 3.922417946000678e-13 -6.604876436325702e-10
7700 20.881565708592618 0.0027119254796629873 5.8050037457686626e-5 0.00018703611788317698 3.9274139496114913e-13 -5.016900841432212e-10
7710 20.908687126008182 0.0027131826940722257 5.780268357264098e-5 0.00021603559212723944 3.9296343956607416e-13 -4.1957359009059747e-10
7720 20.9358343040674 0.002715379633742738 5.733497678555279e-5 0.00017418962585202813 3.9374059568331177e-13 -5.388258436370097e-10
7730 20.962990865732262 0.002715948183485077 5.74304136015225e-5 0.00017350219819722845 3.939626402882368e-13 -6.726892793596793e-10
7740 20.990141749572437 0.00271373855189083 5.810229450860052e-5 0.00016493352180702026 3.9457326295178063e-13 -6.080937218696539e-10
7750 21.017264187252636 0.0027116984942696745 5.836614020744174e-5 0.00020925927934845046 3.948508187079369e-13 -4.462339583142372e-10
7760 21.044394641380705 0.0027145213238363437 5.7888866977288286e-5 0.00020223008605124715 3.95294907917787e-13 -4.4750218541222015e-10
7770 21.07154765765572 0.0027155441611266505 5.7594409577199194e-5 0.00018450452038965004 3.959055305813308e-13 -6.048014432449138e-10
7780 21.09870546191749 0.0027156186733704917 5.797354023386617e-5 0.00017600378573046083 3.965716643961059e-13 -6.752255974057401e-10
7790 21.125845039995777 0.0027124374462615753 5.859709676179443e-5 0.00017257292821382109 3.969602424547247e-13 -5.384332409664842e-10
7800 21.152964333835854 0.0027124360871144224 5.8524392263471126e-5 0.00021886473608856427 3.975153539670373e-13 -4.192714135783972e-10
7810 21.18010641847534 0.002715313458455412 5.80142444213249e-5 0.00017495527903099717 3.981814877818124e-13 -5.035425419593889e-10
7820 21.207262205000056 0.0027157935823016147 5.795143727566265e-5 0.0001820158968803831 3.9862557699166246e-13 -6.559498954476859e-10
7830 21.23441709802778 0.0027145700122441032 5.8558335981306217e-5 0.000173276180620352 3.9918068850397503e-13 -6.396443185774196e-10
7840 21.261544697762936 0.002711697148526411 5.898725375983973e-5 0.00020024532702600517 3.9968028886505635e-13 -4.731092131558465e-10
7850 21.288669237732755 0.0027137837595874997 5.861579315803928e-5 0.0002134772787588668 4.002909115286002e-13 -4.2816266829746874e-10
7860 21.31582010609516 0.002715559998492321 5.8214354706526855e-5 0.00018216017236050153 4.007905118896815e-13 -5.706999417313952e-10
7870 21.34297736218326 0.0027158097206488913 5.84425938874402e-5 0.0001736860383535488 4.011790899483003e-13 -6.785222089050746e-10
7880 21.37012376846753 0.0027131668209758077 5.9108429319128185e-5 0.0001607998780089881 4.016231791581504e-13 -5.763658109808611e-10
7890 21.39724375584171 0.002711899712033487 5.922420991561769e-5 0.00021706631740647797 4.0217829067046296e-13 -4.2959074665616104e-10
7900 21.424379233803606 0.002714970234683903 5.870903080294263e-5 0.00019308857314359607 4.026778910315443e-13 -4.711405918178535e-10
7910 21.45153447948629 0.0027156662996017478 5.8516809609333554e-5 0.000186891844615511 4.0334402484631937e-13 -6.310452490415619e-10
7920 21.478691015297755 0.0027152219464420995 5.901269137427456e-5 0.00017843529567829197 4.037326029049382e-13 -6.633921710574864e-10
7930 21.50582530662294 0.002711996940391452 5.9567871788824216e-5 0.0001881433254881104 4.0428771441725075e-13 -5.060730333059094e-10
7940 21.53294575646383 0.0027129699564638577 5.9352079290184875e-5 0.00022013935680853525 4.048983370807946e-13 -4.187348618886477e-10
7950 21.560092361436087 0.0027155653989011583 5.8874163400150445e-5 0.0001760359907088116 4.0550895974433843e-13 -5.350747917659548e-10
7960 21.58724912110466 0.0027157524478559907 5.895128986607676e-5 0.00017864545025880751 4.0600856010541975e-13 -6.701198883990456e-10
7970 21.61440057120541 0.0027139988914812695 5.960345479352692e-5 0.00016978947008150502 4.065636716177323e-13 -6.127371145192573e-10
7980 21.64152396392456 0.002711645743529844 5.990026874114527e-5 0.00021115047511888196 4.068412273738886e-13 -4.4933879447123237e-10
7990 21.668652620388304 0.0027143279502571944 5.943577715140659e-5 0.00020776556971924265 4.076183834911262e-13 -4.4431079301854304e-10
8000 21.695806490046614 0.0027156787370090805 5.9131913993843914e-5 0.00018775563941964002 4.0811798385220754e-13 -6.009118927279011e-10
8010 21.7229632213921 0.0027155631073737326 5.948618019950992e-5 0.0001796830468211441 4.085620730620576e-13 -6.762470780834889e-10
8020 21.750104517119183 0.002712588309954229 6.011269367377604e-5 0.00017330430825979182 4.088396288182139e-13 -5.429696257495606e-10
8030 21.777223487498304 0.0027122636821429067 6.007903823835777e-5 0.00022207592669976073 4.096167849354515e-13 -4.2021076226386907e-10
8040 21.804363954357413 0.0027153597897382666 5.9562093048965393e-5 0.00018117508430559592 4.1033842990145786e-13 -4.995229175298031e-10
8050 21.83152058812094 0.0027156648332526956 5.948585995713066e-5 0.00018656433133612538 4.1033842990145786e-13 -6.522561968194082e-10
8060 21.85867489939349 0.0027147424910138624 6.0065754996030574e-5 0.00017800570672499294 4.109490525650017e-13 -6.439601227213655e-10
8070 21.885804020934486 0.0027117234508348144 6.051813621814917e-5 0.00020172731086143258 4.113376306236205e-13 -4.766476495624902e-10
8080 21.912927043216655 0.002713527480076766 6.017345950690329e-5 0.0002182064002137496 4.118927421359331e-13 -4.2624370695153975e-10
8090 21.940077818593025 0.002715744173324531 5.975816813365717e-5 0.00018464693533915 4.123923424970144e-13 -5.670844965843031e-10
8100 21.967234624071935 0.002715647952892735 5.9964057359180404e-5 0.00017641689563940854 4.1283643170686446e-13 -6.769659703474448e-10
8110 21.994381905714643 0.0027133810448671746 6.061932104523356e-5 0.00016538199745486093 4.133360320679458e-13 -5.815811997892968e-10
8120 22.021502504619715 0.0027117897728093803 6.077239084100823e-5 0.0002195699387694816 4.141131881851834e-13 -4.317173543057338e-10
8130 22.048635991533065 0.0027148786017190934 6.025835686400331e-5 0.00019896445466471846 4.143352327901084e-13 -4.670348771138544e-10
8140 22.075792191437042 0.0027156918828366954 6.005589969026558e-5 0.00019067076832757213 4.14890344302421e-13 -6.276981605649092e-10
8150 22.102947861368154 0.002715241252534582 6.052138372279836e-5 0.00018267751937717236 4.152789223610398e-13 -6.657766554644245e-10
8160 22.13008389941079 0.0027121573400750187 6.108624448248095e-5 0.00018928272819929148 4.159450561758149e-13 -5.101679352677006e-10
8170 22.15720357772767 0.002712722009068005 6.090838934649426e-5 0.00022399878636503168 4.1638914538566496e-13 -4.1865808305978824e-10
8180 22.184349307131427 0.0027156887179965805 6.0417195964786696e-5 0.00017793590854764396 4.1705527920044005e-13 -5.307438143286485e-10
8190 22.211506540762517 0.002715649349097248 6.047739643786995e-5 0.00018364078502575154 4.176659018639839e-13 -6.672988311413495e-10
8200 22.238657981365012 0.002714173022674876 6.110828998068497e-5 0.00017481474434510869 4.1799896877137144e-13 -6.181053844212143e-10
8210 22.265783054294417 0.002711647854841942 6.143549620698724e-5 0.00021315293310852912 4.1838754682999024e-13 -4.5186550378176205e-10
8220 22.292909838940012 0.002714165738424332 6.099056853335221e-5 0.00021299688095888225 4.189981694935341e-13 -4.4144075114077586e-10
8230 22.320064254257996 0.0027157960761791775 6.067095092054791e-5 0.0001907663534262971 4.194977698546154e-13 -5.975866225471638e-10
8240 22.347220716454018 0.0027154851401146544 6.0999089711426286e-5 0.00018312284783472688 4.1994185906446546e-13 -6.759001778405826e-10
8250 22.37436323682101 0.002712852200759053 6.162525077213878e-5 0.00017401166867181406 4.2049697057677804e-13 -5.483438807185603e-10
8260 22.401482549009273 0.0027120482864525634 6.163512966115868e-5 0.00022515809031875555 4.210520820890906e-13 -4.2121736307243474e-10
8270 22.42862156526454 0.002715388048838419 6.111557526451967e-5 0.00018737577484928547 4.2155168245017194e-13 -4.948299530543876e-10
8280 22.45577905947684 0.0027156880698147525 6.1024978728756085e-5 0.0001909134973695492 4.2216230511371577e-13 -6.496379927056761e-10
8290 22.48293293356191 0.0027147768098595483 6.157727432065024e-5 0.00018272429579524463 4.226619054747971e-13 -6.475793035490285e-10
8300 22.510064132882007 0.0027118776607529234 6.204938434607873e-5 0.00020338279942955229 4.231615058358784e-13 -4.800072193021643e-10
8310 22.537185694364947 0.0027133043781927594 6.173896554057184e-5 0.00022263675858824605 4.235500838944972e-13 -4.251359056461901e-10
8320 22.5643362515485 0.0027158442795215125 6.130500604003106e-5 0.0001869949316655184 4.2416070655804106e-13 -5.627468178948103e-10
8330 22.591493458561146 0.0027155791344751277 6.149141785409911e-5 0.0001789568835509625 4.246603069191224e-13 -6.752127208048408e-10
8340 22.618640946739177 0.0027136056546364683 6.21332202943894e-5 0.0001700018865694597 4.2521541843143495e-13 -5.87599476020717e-10
8350 22.645762912104274 0.0027116612177718515 6.232168589444043e-5 0.00022205893794580156 4.255484853388225e-13 -4.331215932781851e-10
8360 22.67289443805359 0.0027148003865475833 6.181562198402813e-5 0.00020471466366989155 4.2615910800236634e-13 -4.6338062944031866e-10
8370 22.70005120997572 0.0027157867326650805 6.159852203170412e-5 0.00019429070386844938 4.2665870836344766e-13 -6.248672529927946e-10
8380 22.727206526241787 0.002715150256593732 6.203492399067012e-5 0.00018679462774251476 4.2721381987576024e-13 -6.667455732488337e-10
8390 22.754344048420002 0.002712409445239601 6.260595212159012e-5 0.00019059539379595591 4.276579090856103e-13 -5.152323334146371e-10
8400 22.7814630966504 0.0027124595497360756 6.246969368250648e-5 0.00022761776097979247 4.284350652028479e-13 -4.185162145905726e-10
8410 22.80860764141937 0.0027157196169418 6.196533851396986e-5 0.00017977794717272122 4.2876813211023546e-13 -5.258026777310034e-10
8420 22.835765595699545 0.0027156438439997705 6.200915291995131e-5 0.00018850567100026083 4.2932324362254803e-13 -6.654947192633525e-10
8430 22.862916496478903 0.0027142599475478276 6.261647825607092e-5 0.00017961527882637274 4.297673328323981e-13 -6.227929288344443e-10
8440 22.890043377395784 0.0027116707323896765 6.297101968813767e-5 0.000215255759961841 4.3037795549594193e-13 -4.543035623165591e-10
8450 22.917168192738732 0.0027139673548307796 6.255392335594012e-5 0.0002180724756885022 4.3076653355456074e-13 -4.3929283277437373e-10
8460 22.94432255044739 0.00271591241110419 6.221333926478609e-5 0.000193672228685271 4.3143266736933583e-13 -5.935647068261579e-10
8470 22.971479069175015 0.002715365222904978 6.251822302671502e-5 0.00018646442868874846 4.3204329003287967e-13 -6.753663141739668e-10
8480 22.99862215469414 0.0027130914796218903 6.313938447770662e-5 0.00017476003190430855 4.3248737924272973e-13 -5.544998888805033e-10
8490 23.025741992995176 0.002711862389881831 6.31891420093201e-5 0.0002280922198354407 4.330424907550423e-13 -4.21520488934241e-10
8500 23.05287905002713 0.0027153239721577033 6.266882012528503e-5 0.0001934439413340261 4.334310688136611e-13 -4.906163794016288e-10
8510 23.08003740128194 0.0027157555299445937 6.256609119226321e-5 0.00019514710321744122 4.339861803259737e-13 -6.473682299652536e-10
8520 23.107190658026113 0.0027147601385329664 6.309306124815691e-5 0.00018712527940256685 4.343747583845925e-13 -6.499516641679871e-10
8530 23.134323487342115 0.0027120344073584047 6.358159491516208e-5 0.00020519714298605773 4.3492986989690507e-13 -4.843866356907527e-10
8540 23.16144400416937 0.0027130435485697374 6.33105100372974e-5 0.00022692028661708274 4.354294702579864e-13 -4.237869298309694e-10
8550 23.188593688545495 0.0027159654801613615 6.285648661012586e-5 0.0001893066698714918 4.3587355946783646e-13 -5.57978557977313e-10
8560 23.215751540549643 0.0027154957379856375 6.302554349988671e-5 0.00018336527169804384 4.364841821313803e-13 -6.743021751181395e-10
8570 23.24289904055119 0.00271376783655495 6.36498337548438e-5 0.00017465421247442325 4.3709480479492413e-13 -5.929739585637528e-10
8580 23.270022418250164 0.00271165727686712 6.387112115141378e-5 0.00022453420455326167 4.376499163072367e-13 -4.346037555443688e-10
8590 23.29715192576071 0.0027146029434470635 6.338142755610236e-5 0.0002102812238268248 4.382050278195493e-13 -4.6026490301345757e-10
8600 23.324309422046614 0.0027159359976233898 6.314466907906665e-5 0.00019781652757711043 4.385936058781681e-13 -6.213442195653063e-10
8610 23.35146446527562 0.002715099072892865 6.355434665302525e-5 0.00019058825756279596 4.390932062392494e-13 -6.676442359035417e-10
8620 23.378603135623525 0.0027125987196171143 6.412711182122213e-5 0.0001919850492256847 4.3959280660033073e-13 -5.209998404920313e-10
8630 23.405722512390117 0.002712270629018508 6.403350116869373e-5 0.00023115379833527072 4.4009240696141205e-13 -4.176861929244824e-10
8640 23.43286527407669 0.002715772546165794 6.352036100968527e-5 0.00018169641290544103 4.4064751847372463e-13 -5.214296789485262e-10
8650 23.460024395786174 0.0027156159127999352 6.354611320718525e-5 0.00019314534599434996 4.4114711883480595e-13 -6.638202366265888e-10
8660 23.487175070075654 0.002714348933108577 6.412840561526983e-5 0.0001843628256723573 4.41591208044656e-13 -6.26413742058074e-10
8670 23.51430351307035 0.0027118138395578694 6.4506808384629e-5 0.00021744864464556812 4.421463195569686e-13 -4.5778479791647175e-10
8680 23.5414270667662 0.002713659470442674 6.412350797292378e-5 0.0002229280597442207 4.4275694222051243e-13 -4.3672931070160015e-10
8690 23.568581324275286 0.0027161148535783624 6.375985398803678e-5 0.00019654999216855984 4.4325654258159375e-13 -5.892917924466001e-10
8700 23.59573803449755 0.0027152936293119456 6.404393837178502e-5 0.00018946925484619737 4.438671652451376e-13 -6.755450070866642e-10
8710 23.622881691193438 0.0027132315347305576 6.465531298866204e-5 0.0001753927306773484 4.4420023215252513e-13 -5.600614208511878e-10
8720 23.650002761106034 0.002711835132688098 6.474357081992719e-5 0.0002310885438122634 4.4481085481606897e-13 -4.219866799742844e-10
8730 23.677137483554457 0.002715201721566229 6.422880306964111e-5 0.00019931507646886448 4.4525494402591903e-13 -4.868162106069773e-10
8740 23.70429698586437 0.002715809601950999 6.410699230048634e-5 0.0001991327271881893 4.456990332357691e-13 -6.444368456839239e-10
8750 23.731449878244142 0.0027147834460890395 6.460728525270817e-5 0.00019144271742554952 4.4614312244561916e-13 -6.523064302252357e-10
8760 23.758583852967746 0.002712210901031291 6.510983453892552e-5 0.0002070632708783826 4.4692027856285677e-13 -4.893956528006713e-10
8770 23.78570419307384 0.0027127493717540724 6.488491357790991e-5 0.00023101945579451222 4.4736436777270683e-13 -4.217977216689015e-10
8780 23.81285244447319 0.0027161100587327854 6.441311477024705e-5 0.0001917323524528447 4.476974346800944e-13 -5.537971339782165e-10
8790 23.840010985435498 0.0027154251891591385 6.456491224009053e-5 0.00018839837766060352 4.4814152388994444e-13 -6.733759656441679e-10
8800 23.867158463348257 0.0027138438521262863 6.51692840958998e-5 0.00017904429908521813 4.4864112425102576e-13 -5.975189301884365e-10
8810 23.894283272308574 0.0027117631806283424 6.542026150604632e-5 0.00022721074318787782 4.492517469145696e-13 -4.370171747023996e-10
8820 23.921410734425802 0.0027143122091507544 6.495350981102715e-5 0.00021556857019566777 4.495293026707259e-13 -4.566565329470009e-10
8830 23.948568566764404 0.0027160764441497196 6.469372134666449e-5 0.00020113515034492213 4.503064587879635e-13 -6.177420730971432e-10
8840 23.975723464464046 0.0027150558054599037 6.507986724137751e-5 0.00019421696207588823 4.505285033928885e-13 -6.690138358862245e-10
8850 24.002862726603556 0.0027127536080550304 6.564898962572482e-5 0.00019325130564473714 4.512501483588949e-13 -5.263461381551e-10
8860 24.029982837150765 0.0027121095545570148 6.559820278412652e-5 0.00023465194174987491 4.516387264175137e-13 -4.1708832990461745e-10
8870 24.05712327675871 0.002715743014709269 6.508192126625009e-5 0.0001855197488261906 4.5208281562736374e-13 -5.172429791609533e-10
8880 24.084283388504236 0.002715631283470531 6.508637202469456e-5 0.00019761430412845726 4.526379271396763e-13 -6.616212429490583e-10
8890 24.11143370276052 0.0027143602748588014 6.564498339259764e-5 0.00018919722073240663 4.5313752750075764e-13 -6.300927100059285e-10
8900 24.138563490974132 0.0027119828506339053 6.604220348015677e-5 0.00021984741808722674 4.537481501643015e-13 -4.6172429269848093e-10
8910 24.16568600577154 0.002713348760806182 6.56972419463541e-5 0.00022749533778232411 4.541367282229203e-13 -4.336808786351308e-10
8920 24.192839386053834 0.002716255146752741 6.53104095798908e-5 0.00019936130670106245 4.547473508864641e-13 -5.855574414088374e-10
8930 24.21999670900026 0.0027152362357273233 6.557485422175174e-5 0.000192242268822862 4.551914400963142e-13 -6.754659860955248e-10
8940 24.247140432678933 0.0027133655157958883 6.617341276666206e-5 0.00017571002909277933 4.557465516086268e-13 -5.651979384188079e-10
8950 24.274262850179475 0.002711820440231753 6.629774710541954e-5 0.00023421473807427873 4.563571742721706e-13 -4.2321509653980155e-10
8960 24.30139541462973 0.0027150044239035247 6.579515369924181e-5 0.00020507063672647874 4.566902411795581e-13 -4.823773650484975e-10
8970 24.328555568503266 0.002715961692687575 6.565040028991449e-5 0.0002029490919744914 4.57300863843102e-13 -6.41704715406699e-10
8980 24.355708363600986 0.0027147189696612416 6.612658367938137e-5 0.00019575511125180522 4.579114865066458e-13 -6.548703714720494e-10
8990 24.38284345482409 0.0027124141817448056 6.663315825396291e-5 0.00020900165005477422 4.583555757164959e-13 -4.94089115107843e-10
9000 24.40996385573479 0.0027125512016744776 6.645216375398787e-5 0.00023494313515604048 4.589106872288085e-13 -4.201953004295822e-10
9010 24.437110340612428 0.002716118445742458 6.597101338347333e-5 0.00019422857557849227 4.594102875898898e-13 -5.495253089377039e-10
9020 24.464270193130094 0.0027154589280622993 6.610757872423563e-5 0.00019334473811638553 4.599653991022024e-13 -6.719851845110592e-10
9030 24.491417295800606 0.0027139232570586734 6.669267923634244e-5 0.00018367468854074698 4.604094883120524e-13 -6.02336991482183e-10
9040 24.518543748484138 0.0027118417763459446 6.696841167694987e-5 0.0002300794858205446 4.60964599824365e-13 -4.396461146527475e-10
9050 24.545669880380146 0.0027140644028865084 6.653131088113379e-5 0.0002206872887605682 4.615197113366776e-13 -4.5267165363349626e-10
9060 24.572827322141237 0.002716271367986978 6.62464535778098e-5 0.0002044001777072868 4.618527782440651e-13 -6.147605289413827e-10
9070 24.599982879416174 0.002714945249707891 6.661065763330912e-5 0.00019775146640688135 4.624078897563777e-13 -6.698384121678336e-10
9080 24.62712265126889 0.0027129646321863133 6.717257252138321e-5 0.00019441559623645244 4.630185124199215e-13 -5.315928044979934e-10
9090 24.654243586435484 0.002712034470918496 6.716309185403267e-5 0.0002381356980263316 4.638511796883904e-13 -4.1715507263784257e-10
9100 24.681382036415947 0.0027155736154133472 6.665029611426552e-5 0.00019157771747735364 4.642397577470092e-13 -5.122471856411348e-10
9110 24.70854328667123 0.002715801506943953 6.663019827797267e-5 0.00020197784979103517 4.649614027130156e-13 -6.598365525842254e-10
9120 24.735693134791138 0.0027143268176665993 6.716672413016024e-5 0.00019379474658764995 4.650169138642468e-13 -6.338558110460454e-10
9130 24.762824372484285 0.0027121166323293075 6.757706867689412e-5 0.00022237418473702864 4.653499807716344e-13 -4.6537618908232964e-10
9140 24.7899464185637 0.002713149318979782 6.72747186618132e-5 0.00023196753911569612 4.661826480401032e-13 -4.3111490290496327e-10
9150 24.81709824379342 0.002716333821808162 6.686608141793004e-5 0.00020225368362758456 4.664602037962595e-13 -5.816110494861429e-10
9160 24.844256868092028 0.0027151734965796255 6.711058328383521e-5 0.00019500831694940768 4.670708264598034e-13 -6.749066422509541e-10
9170 24.871400290574286 0.0027135121214865968 6.7695308183584e-5 0.00017756281477543379 4.677924714258097e-13 -5.707694864690159e-10
9180 24.89852393049557 0.0027118338416950924 6.785064130962016e-5 0.0002374172300081412 4.67847982577041e-13 -4.2450134532185476e-10
9190 24.925654829729012 0.0027147311238605956 6.736809528413685e-5 0.0002106347950079357 4.686251386942786e-13 -4.776063839761546e-10
9200 24.95281510391165 0.002716190405584023 6.71977456141726e-5 0.00020675991429741636 4.691802502065912e-13 -6.39629917084943e-10
9210 24.979967914997058 0.002714597316776442 6.765116644517009e-5 0.00019971510293381733 4.694578059627474e-13 -6.567450112270364e-10
9220 25.007103764839037 0.0027125752041922873 6.815776860332917e-5 0.0002109345730678669 4.7001291747506e-13 -4.9893694116694e-10
9230 25.034224495546848 0.002712436768694159 6.802063127503365e-5 0.00023891467496495178 4.706790512898351e-13 -4.19116425412844e-10
9240 25.06136879806584 0.002716023686026309 6.753166768183036e-5 0.00019684070675518583 4.71289673953379e-13 -5.443957800435748e-10
9250 25.088529983982575 0.002715521103705448 6.764467184350554e-5 0.00019806135805389147 4.716227408607665e-13 -6.711062733995579e-10
9260 25.11567647178183 0.00271395183647457 6.821535575198959e-5 0.00018855396699268834 4.722888746755416e-13 -6.071318292654506e-10
9270 25.1428041880528 0.0027119452156905235 6.851448032174848e-5 0.00023300928833314138 4.728439861878542e-13 -4.4209255027266567e-10
9280 25.169929386621934 0.002713788222676827 6.811393521672587e-5 0.00022566390283518256 4.73232564246473e-13 -4.4916932414255223e-10
9290 25.197085833538097 0.0027164393005297657 6.780391669291208e-5 0.00020779237593326894 4.737876757587856e-13 -6.114384401892901e-10
9300 25.22424218148322 0.0027148552538314454 6.814640967473838e-5 0.00020098203971530282 4.742317649686356e-13 -6.702536419216261e-10
9310 25.251381969714643 0.0027130916577723565 6.86992495093614e-5 0.00019540803770856652 4.748423876321795e-13 -5.374096830523464e-10
9320 25.278504014097503 0.0027120305285082955 6.872658703926275e-5 0.00024177296479133137 4.752864768420295e-13 -4.171031827218674e-10
9330 25.305640354559408 0.0027153628800841495 6.822506992797706e-5 0.000197396731813404 4.758970995055734e-13 -5.070164800155541e-10
9340 25.332802385753105 0.0027159617936247755 6.817829228771707e-5 0.00020618356077672928 4.763411887154234e-13 -6.586618923887233e-10
9350 25.35995212245216 0.0027142754090465245 6.86933855400931e-5 0.00019819456508518574 4.770073225301985e-13 -6.368076951174251e-10
9360 25.3870842288547 0.0027122925607067495 6.911216758250698e-5 0.00022486890743167454 4.773403894375861e-13 -4.694733525545391e-10
9370 25.414206382649816 0.0027129318279644774 6.885387483502234e-5 0.00023641948402786106 4.780620344035924e-13 -4.2888211038150104e-10
9380 25.441356485973163 0.0027163809967031076 6.842700291250174e-5 0.00020533980393211415 4.784506124622112e-13 -5.767591300387398e-10
9390 25.46851634362374 0.0027152030163330484 6.8651146912274e-5 0.00019764200419392086 4.790057239745238e-13 -6.74994366824111e-10
9400 25.495659508457 0.0027135407359988213 6.922124291012496e-5 0.00018215590036940732 4.793387908819113e-13 -5.762355629549548e-10
9410 25.52278464349018 0.0027119609899373745 6.940158802387556e-5 0.00024080604043574816 4.801159469991489e-13 -4.2564268776246195e-10
9420 25.54991400702215 0.0027144671634598775 6.894629425316563e-5 0.00021596139837309902 4.804490139065365e-13 -4.733588000738198e-10
9430 25.57707419239406 0.002716349839294751 6.87488485746139e-5 0.00021052384460684692 4.808931031163866e-13 -6.370881565354036e-10
9440 25.604227696308254 0.002714561608323331 6.918097065379182e-5 0.0002034673189585945 4.812816811750054e-13 -6.582213073202947e-10
9450 25.631363723850843 0.0027127319679098936 6.968468513989206e-5 0.00021267709025729609 4.818923038385492e-13 -5.045375801177032e-10
9460 25.658485546724204 0.002712322509385869 6.958777837978493e-5 0.00024298247917620142 4.825584376533243e-13 -4.177342204786383e-10
9470 25.685627765652935 0.0027159459254299688 6.909828851856988e-5 0.00019964350476986414 4.832245714680994e-13 -5.390869538962617e-10
9480 25.7127899526228 0.00271564830657796 6.918596513753431e-5 0.00020265496072091604 4.833911049217932e-13 -6.708750341279796e-10
9490 25.73993644641841 0.0027138887308752534 6.973787279657034e-5 0.0001934626975925724 4.841682610390308e-13 -6.110163863586038e-10
9500 25.767065283996924 0.0027121602981084445 7.005200260218461e-5 0.000236085415025733 4.846678614001121e-13 -4.4513696054919796e-10
9510 25.794189831094354 0.0027135146715493255 6.969474646647877e-5 0.00023047388220986953 4.848899060050371e-13 -4.4590896261325307e-10
9520 25.821345196775557 0.002716516889679978 6.936434197633345e-5 0.00021121762568432345 4.856115509710435e-13 -6.071781969487497e-10
9530 25.84850269372869 0.002714896254944922 6.968706418334962e-5 0.00020410332121278962 4.86166662483356e-13 -6.713274862652185e-10
9540 25.875642119116094 0.0027131406417446723 7.022911573272488e-5 0.000196013380100446 4.867772851468999e-13 -5.431751461058313e-10
9550 25.90276567074147 0.002712052255406851 7.02876472954118e-5 0.00024559132728319 4.869993297518249e-13 -4.1689180110946587e-10
9560 25.929899992035928 0.0027151691740651004 6.980514444427756e-5 0.0002031102198832846 4.877209747178313e-13 -5.022697551409135e-10
9570 25.957062251288512 0.002716113495364695 6.972947901733756e-5 0.00021033440147788518 4.881650639276813e-13 -6.570596694273745e-10
9580 25.984212505010525 0.0027141911779677477 7.022497215469784e-5 0.00020260842100450205 4.887201754399939e-13 -6.393215309599004e-10
9590 26.011344914619226 0.002712491624210819 7.064856099180064e-5 0.00022737133815375898 4.89386309254769e-13 -4.743973563792141e-10
9600 26.03846739413375 0.0027127263611821393 7.043246725351986e-5 0.00024080266222226143 4.897193761621565e-13 -4.2630479438353416e-10
9610 26.06561559180381 0.0027163371369731733 6.99930756289053e-5 0.00020850365821756256 4.902189765232379e-13 -5.717005948278156e-10
9620 26.09277658961326 0.0027153232550901282 7.019580663742277e-5 0.0002002511690263331 4.907185768843192e-13 -6.75677505629057e-10
9630 26.119919360649952 0.0027134878146138934 7.07510370352664e-5 0.00018677788364651615 4.91329199547863e-13 -5.809010317202277e-10
9640 26.147045738857933 0.0027120921648574703 7.095138224085085e-5 0.0002444012632530912 4.916622664552506e-13 -4.2741175365650146e-10
9650 26.174173813121104 0.0027142080786951082 7.052836201791167e-5 0.000221211403357513 4.922728891187944e-13 -4.692176520509081e-10
9660 26.201333226113572 0.0027164729841521007 7.030321092059194e-5 0.00021429717097409817 4.927724894798757e-13 -6.337389273907844e-10
9670 26.228487783777496 0.002714522299266293 7.071620054265462e-5 0.00020729387529949683 4.932165786897258e-13 -6.602344427197784e-10
9680 26.25562354260637 0.002712844582050093 7.121443198717863e-5 0.00021420581726083743 4.937161790508071e-13 -5.101521409630293e-10
9690 26.28274638895825 0.002712269484171681 7.115311124146712e-5 0.00024708805274187284 4.941602682606572e-13 -4.1628208432425984e-10
9700 26.30988652250262 0.0027157654298990593 7.067125665299016e-5 0.00020251434086349107 4.94770890924201e-13 -5.340775634243844e-10
9710 26.33704949166938 0.00271583473996287 7.073046032670957e-5 0.00020727478666637822 4.950484466803573e-13 -6.702532712871134e-10
9720 26.364196027447235 0.0027138072736824707 7.126540785413343e-5 0.0001981712054803797 4.957700916463637e-13 -6.145798705017858e-10
9730 26.39132555887382 0.0027123153272371756 7.159043373021663e-5 0.00023927753103791805 4.96269692007445e-13 -4.4895939917133365e-10
9740 26.418450015449068 0.0027133092963392133 7.127434561934794e-5 0.00023527444909310358 4.969358258222201e-13 -4.422747602178534e-10
9750 26.445603682174756 0.0027165594896773814 7.092262408749645e-5 0.00021471572048747944 4.972688927296076e-13 -6.027831480487356e-10
9760 26.4727626523996 0.002714931137472525 7.122826892737652e-5 0.00020735727473608634 4.979350265443827e-13 -6.728106379319532e-10
9770 26.499901737284663 0.0027131786858200606 7.176191630258115e-5 0.00019621331175112555 4.983791157542328e-13 -5.483139836200373e-10
9780 26.527026431893226 0.0027121451785631573 7.184715401408429e-5 0.00024951813505347253 4.987676938128516e-13 -4.173633539467092e-10
9790 26.554159343096682 0.002714886951705937 7.139049379687473e-5 0.00020874516744029403 4.992117830227016e-13 -4.973971443056335e-10
9800 26.58132158597388 0.0027163365738588525 7.128392945934956e-5 0.00021456487009507974 4.99711383383783e-13 -6.548274353312955e-10
9810 26.608472496277205 0.002714129529525952 7.176193470597106e-5 0.0002068407056493582 5.00155472593633e-13 -6.423169739144807e-10
9820 26.6356051392667 0.002712594751036139 7.218703972324556e-5 0.00022978942367046784 5.008771175596394e-13 -4.793343057543642e-10
9830 26.662728470967966 0.0027126763381272855 7.201013662010516e-5 0.0002452829208108298 5.012656956182582e-13 -4.237483150829058e-10
9840 26.689874476097952 0.00271622859667502 7.156557559501369e-5 0.0002117680953065415 5.01876318281802e-13 -5.668279977333324e-10
9850 26.717036930632002 0.002715441368722106 7.174404926178581e-5 0.00020307779219885802 5.023759186428833e-13 -6.759349208823595e-10
9860 26.74417956920629 0.0027134868138154627 7.228562532827029e-5 0.0001915548252736654 5.028755190039647e-13 -5.853756386954914e-10
9870 26.771306708799987 0.002712229429916547 7.250104517536664e-5 0.0002480609591866134 5.034306305162772e-13 -4.299118284403682e-10
9880 26.798434484267435 0.0027139303098739037 7.211327337440899e-5 0.00022642088712065966 5.038747197261273e-13 -4.646373354019436e-10
9890 26.825592693112256 0.0027166450019827405 7.186250347739902e-5 0.00021823513069330058 5.042632977847461e-13 -6.303576275730081e-10
9900 26.85274843151074 0.002714496342485784 7.225658179631362e-5 0.0002109574952755544 5.049849427507525e-13 -6.625189043148565e-10
9910 26.87988411860633 0.002712878114776145 7.274777011262684e-5 0.0002154479534441922 5.0531800965814e-13 -5.152887307063267e-10
9920 26.90700803290865 0.002712364500785604 7.271712875954067e-5 0.00025139227358805805 5.057065877167588e-13 -4.1551158014696885e-10
9930 26.93414620621372 0.0027154945324465267 7.225042556681754e-5 0.00020539697786969846 5.064282326827652e-13 -5.287927974913707e-10
9940 26.961309878817055 0.002716019838019777 7.227879519427608e-5 0.00021182150521392717 5.06816810741384e-13 -6.69139670459505e-10
9950 26.988456658798697 0.0027137834689088414 7.279879102103863e-5 0.00020275528359348094 5.074829445561591e-13 -6.18529802113339e-10
9960 27.015586413093697 0.002712410434398115 7.313030005507273e-5 0.0002423595554350566 5.080380560684716e-13 -4.5285218041759845e-10
9970 27.042711469252964 0.0027131494594431504 7.2854086298505e-5 0.0002401434083811882 5.086486787320155e-13 -4.387001930801927e-10
9980 27.069862959693964 0.0027165726886527425 7.248738658897879e-5 0.0002184494347201582 5.091482790930968e-13 -5.984511142854022e-10
9990 27.09702329438816 0.0027149776943686346 7.277120276347571e-5 0.00021053368116252802 5.093703236980218e-13 -6.739205199026532e-10
10000 27.124162211329057 0.002713159478155509 7.329524085691594e-5 0.00019602498329951423 5.099254352103344e-13 -5.533733708763355e-10
10010 27.151287687439396 0.002712299836082761 7.340193670552442e-5 0.000253642419850042 5.103695244201845e-13 -4.18448845703987e-10
10020 27.17841950556192 0.002714562315315102 7.2977582360014e-5 0.00021420267889593614 5.10924635932497e-13 -4.921050125554494e-10
10030 27.205581192693355 0.0027165154707820506 7.284279636641054e-5 0.00021881455826266993 5.115907697472721e-13 -6.526021602320164e-10
10040 27.23273295715079 0.0027141145342285894 7.330398375415454e-5 0.00021089955688813333 5.120903701083535e-13 -6.454030595278836e-10
10050 27.259865408134477 0.0027126352464744274 7.372810666103651e-5 0.00023188348565694739 5.12645481620666e-13 -4.840673065295217e-10
10060 27.2869897700373 0.0027126651392833136 7.358608413376005e-5 0.00024996688108058773 5.132005931329786e-13 -4.21780619111467e-10
10070 27.31413350670617 0.002716061324754759 7.314368272336927e-5 0.00021522511581162362 5.136446823428287e-13 -5.615078510663729e-10
10080 27.341296925073223 0.0027155917451404067 7.32956125842966e-5 0.00020605083866420681 5.141997938551413e-13 -6.759443569107071e-10
10090 27.368439725547564 0.0027134305831762917 7.382539224930058e-5 0.00019627947215783426 5.145883719137601e-13 -5.901004346622885e-10
10100 27.39556726314109 0.0027123816561145713 7.405085623925834e-5 0.0002517765886979051 5.151989945773039e-13 -4.325008268191155e-10
10110 27.4226949715429 0.0027136939499263265 7.36989763887961e-5 0.00023154040996598013 5.15643083787154e-13 -4.6022874400364344e-10
10120 27.44985157381766 0.0027167076481769948 7.342690443837223e-5 0.00022229352292957305 5.162537064506978e-13 -6.268362235523073e-10
10130 27.477008748235654 0.002714560025064399 7.380121184140654e-5 0.00021448423346737133 5.167533068117791e-13 -6.644463581770288e-10
10140 27.504144081849795 0.002712870267026832 7.428543734255294e-5 0.00021621801580573585 5.170863737191667e-13 -5.205977142430651e-10
10150 27.531269093673217 0.002712450196692595 7.427938314348422e-5 0.0002559526485766961 5.176969963827105e-13 -4.151368641208686e-10
10160 27.55840574373012 0.002715244520370059 7.383358419706668e-5 0.00020830179525699322 5.182521078950231e-13 -5.2309500654657e-10
10170 27.585569397671833 0.002716218081201755 7.383114035808463e-5 0.00021634985822771569 5.185851748024106e-13 -6.681904127225913e-10
10180 27.61271709778957 0.0027137218221234324 7.433738096196372e-5 0.00020741107115640478 5.191402863147232e-13 -6.223116275766438e-10
10190 27.63984684213218 0.002712537681238148 7.467220658401135e-5 0.0002452897575135893 5.194733532221107e-13 -4.567872954885921e-10
10200 27.666972553730332 0.0027130537979071505 7.443250841645275e-5 0.00024505685005116185 5.200839758856546e-13 -4.3569607210275363e-10
10210 27.69412211170258 0.002716462760843022 7.405719612789672e-5 0.00022230841073600516 5.203060204905796e-13 -5.934274746946522e-10
10220 27.721283841365658 0.0027151643555262386 7.431786629407645e-5 0.0002137115073701512 5.208056208516609e-13 -6.749969715114101e-10
10230 27.748422598202858 0.002713093272242903 7.483366256698417e-5 0.00019531715976095487 5.214162435152048e-13 -5.586760560465434e-10
10240 27.775548924848206 0.002712420950044362 7.495431072367827e-5 0.0002579420867506732 5.224154442373674e-13 -4.1952953066279157e-10
10250 27.8026801841929 0.0027143528329608537 7.456006782514631e-5 0.0002196295136177584 5.224154442373674e-13 -4.870923452722411e-10
10260 27.82984070894414 0.0027166312841773884 7.440125365573751e-5 0.0002231431775886472 5.231370892033738e-13 -6.501789773991063e-10
10270 27.85699409828134 0.0027141112478076854 7.484901225767636e-5 0.00021504252271065116 5.236366895644551e-13 -6.480274104423999e-10
10280 27.884126118184025 0.0027127072787461845 7.527273918958657e-5 0.00023364514217116827 5.241918010767677e-13 -4.89206992947665e-10
10290 27.911251388593204 0.002712674751638973 7.515966951309055e-5 0.0002547762570125345 5.24691401437849e-13 -4.2006866382237597e-10
10300 27.938393533110077 0.0027158284440710547 7.472580074791737e-5 0.00021868992421225641 5.255240687063178e-13 -5.556888377931991e-10
10310 27.96555746705568 0.0027158477184795245 7.485020756085918e-5 0.00021095540480242647 5.256906021600116e-13 -6.762838175820399e-10
10320 27.992700676661716 0.002713321093573028 7.536975843772932e-5 0.0002010354323042085 5.262457136723242e-13 -5.945207671017977e-10
10330 28.019828505121104 0.0027124946151954096 7.56018449579383e-5 0.0002555024143843232 5.26856336335868e-13 -4.352504561928024e-10
10340 28.046956400348126 0.0027135834558227804 7.528449840155354e-5 0.00023674324567846128 5.273559366969494e-13 -4.5638087023967266e-10
10350 28.074111100319833 0.002716653242218969 7.499564099180343e-5 0.00022645679726307488 5.278555370580307e-13 -6.225139019965896e-10
10360 28.10126999665906 0.002714666990896851 7.534979651348525e-5 0.00021822662266368642 5.28133092814187e-13 -6.66409842101378e-10
10370 28.128404783147516 0.002712857385630982 7.582801506924843e-5 0.00021654080530408848 5.288547377801933e-13 -5.261824949917997e-10
10380 28.15553053530444 0.0027125202220709835 7.58402396659826e-5 0.00026060889254941877 5.292433158388121e-13 -4.147227604753566e-10
10390 28.182666301042747 0.0027149898516399323 7.542008341133359e-5 0.00021104362701362955 5.297429161998934e-13 -5.176530521473885e-10
10400 28.20982925273492 0.0027164260682724945 7.538733359122782e-5 0.00022105663124338815 5.30298027712206e-13 -6.670478987013751e-10
10410 28.23697807780179 0.0027136440669130366 7.588062824270542e-5 0.0002119243785673186 5.309086503757499e-13 -6.25616879319519e-10
10420 28.26410752769049 0.002712599652372795 7.62177216073457e-5 0.00024804733285821445 5.312972284343687e-13 -4.612631067033024e-10
10430 28.291233901961462 0.0027130512773288506 7.600956421589355e-5 0.0002501466403251884 5.3179682879545e-13 -4.3283724152597125e-10
10440 28.318381509218153 0.002716262043732793 7.563196841801205e-5 0.00022619045718430542 5.324074514589938e-13 -5.878807211000259e-10
10450 28.345544372896146 0.002715363862889622 7.58684194992411e-5 0.00021721577748001764 5.329625629713064e-13 -6.764454803590003e-10
10460 28.3726830682246 0.0027130237844117545 7.637710115553972e-5 0.0001941344860434402 5.334066521811565e-13 -5.636180480661501e-10
10470 28.399809674335152 0.0027125175765369144 7.650750754429565e-5 0.0002622171145134633 5.338507413910065e-13 -4.209137847294153e-10
10480 28.426940926299707 0.002714159908870183 7.614475718147233e-5 0.00022514832730557988 5.345168752057816e-13 -4.825149394621642e-10
10490 28.4540998490185 0.0027167117997570055 7.596232570175142e-5 0.00022769964685409594 5.349609644156317e-13 -6.4692105318509e-10
10500 28.48125479943858 0.002714142446639533 7.639380487160255e-5 0.00021915782381032312 5.355715870791755e-13 -6.507918579035099e-10
10510 28.508386383468384 0.0027126894093652053 7.681673670906776e-5 0.00023507710783987612 5.360156762890256e-13 -4.946178505833843e-10
10520 28.535512457533414 0.002712776110781809 7.672944188731541e-5 0.0002597712223310067 5.365707878013382e-13 -4.1829697171313907e-10
10530 28.562653205245237 0.002715563237291018 7.631272205489263e-5 0.00022203121687336402 5.370703881624195e-13 -5.501148685888024e-10
10540 28.589817333841275 0.0027160590096128798 7.640816650436793e-5 0.00021591657466635272 5.377920331284258e-13 -6.763757592204156e-10
10550 28.616961330617666 0.0027132806443247435 7.691871679756581e-5 0.0002059806334899772 5.379585665821196e-13 -5.98481762412173e-10
10560 28.64408891263497 0.0027125608772472806 7.71556713444877e-5 0.00025903128881688 5.384581669432009e-13 -4.386945199469361e-10
10570 28.6712175923923 0.002713500169681812 7.686954216068191e-5 0.00024214085862606094 5.392353230604385e-13 -4.525071745260789e-10
10580 28.698370340970293 0.0027165970999067255 7.656979885144129e-5 0.00023081255901036268 5.396794122702886e-13 -6.176819437875292e-10
10590 28.725530647227753 0.0027148071376855228 7.690240588713856e-5 0.0002220614243261254 5.404010572362949e-13 -6.688222571257785e-10
10600 28.752665440458177 0.002712780495211339 7.737563169050512e-5 0.00021645824711613582 5.404565683875262e-13 -5.313373615330359e-10
10610 28.77979164937509 0.0027126839301955964 7.740117170827668e-5 0.00026537362200462766 5.414002579584576e-13 -4.1470966000460227e-10
10620 28.806926890250004 0.0027147310051643093 7.700965767302485e-5 0.00021349141785032 5.416223025633826e-13 -5.125690373579623e-10
10630 28.834089063846573 0.002716562617665746 7.694792205774874e-5 0.00022588171614212893 5.422884363781577e-13 -6.65017420163383e-10
10640 28.86123929489209 0.0027136959120197955 7.742877461155564e-5 0.0002163195071404056 5.42565992134314e-13 -6.291191942571664e-10
10650 28.888368216375838 0.00271257547409295 7.776769128431595e-5 0.0002504233466856798 5.435096817052454e-13 -4.660795735581108e-10
10660 28.915495677722863 0.0027130911226571058 7.75850840082453e-5 0.00025548278868892105 5.436207040077079e-13 -4.2983638474184496e-10
10670 28.94264148248267 0.0027160943775760863 7.721243140413055e-5 0.00023016567610656402 5.443978601249455e-13 -5.825654086122337e-10
10680 28.96980503452255 0.0027155440833368165 7.742271839696299e-5 0.00022084894379015285 5.446754158811018e-13 -6.776984548239339e-10
10690 28.996944444981388 0.0027129510532550812 7.792553249483991e-5 0.00019796809183025843 5.452305273934144e-13 -5.680560955221646e-10
10700 29.02407082651149 0.0027126540149549593 7.806302004561446e-5 0.0002664475772453656 5.456191054520332e-13 -4.230804516298933e-10
10710 29.051202392205393 0.0027139709437135466 7.773019906563925e-5 0.00023069238669615189 5.46229728115577e-13 -4.778439977674785e-10
10720 29.078359763086986 0.002716723186250439 7.752881584866405e-5 0.00023238361033905974 5.467848396278896e-13 -6.431044591072839e-10
10730 29.10551617562193 0.0027142880712194006 7.794328309097859e-5 0.00022322781723427276 5.472844399889709e-13 -6.540340914391304e-10
10740 29.13264739406272 0.0027125794660932943 7.836397544457365e-5 0.000235999896546768 5.47728529198821e-13 -4.996729015032133e-10
10750 29.159774195836473 0.0027129011465999173 7.829267947557147e-5 0.00026499787949485487 5.481171072574398e-13 -4.1689828232213986e-10
10760 29.186913763119115 0.0027153357731377176 7.789880641592178e-5 0.00022531107055978605 5.486722187697524e-13 -5.448205289455973e-10
10770 29.21407755688337 0.002716205944288741 7.796752294314906e-5 0.00022092259762407362 5.492828414332962e-13 -6.756778405417286e-10
10780 29.241222880599196 0.0027132715461161494 7.847235734791949e-5 0.00021085930209541193 5.497269306431463e-13 -6.025623762429509e-10
10790 29.268349733203827 0.0027126001692375588 7.871301362407106e-5 0.0002623085079855869 5.503375533066901e-13 -4.4255322399332914e-10
10800 29.295479184946927 0.0027134382708914294 7.84526398600544e-5 0.0002476388757768344 5.508926648190027e-13 -4.4850463642477634e-10
10810 29.322630130973423 0.0027164730624620738 7.814920004306466e-5 0.0002352530428153532 5.513367540288527e-13 -6.129272775087791e-10
10820 29.349791458663784 0.002715015004059479 7.8458368483938e-5 0.00022588660138511685 5.518363543899341e-13 -6.7111842125267e-10
10830 29.376926442510218 0.002712653984726665 7.892803205541847e-5 0.00021586618205882147 5.522804435997841e-13 -5.360875042492719e-10
10840 29.404052704870487 0.0027128091768271858 7.896317506445811e-5 0.00027026644344951833 5.52891066263328e-13 -4.154093631580924e-10
10850 29.43118770507046 0.0027145393058855124 7.859993901571001e-5 0.0002159900193240416 5.533906666244093e-13 -5.073606812455722e-10
10860 29.458348596963134 0.002716620884737934 7.851278896871596e-5 0.00023077617036382225 5.538347558342593e-13 -6.624912944619421e-10
10870 29.485500515346853 0.0027137739146790283 7.898133804972124e-5 0.00022090456893364419 5.543898673465719e-13 -6.329681995556613e-10
10880 29.512628740159442 0.002712528164960926 7.932206615421803e-5 0.0002523629926135529 5.549449788588845e-13 -4.706993601312492e-10
10890 29.539756885942786 0.0027131514083392036 7.915893423845575e-5 0.00026095432547801334 5.556111126736596e-13 -4.2721786872035317e-10
10900 29.566901390781904 0.002715872182210623 7.87969752238919e-5 0.00023410902828546742 5.558886684298159e-13 -5.773004678466531e-10
10910 29.594065162312948 0.0027157741331426057 7.897997521473479e-5 0.00022447500542444043 5.563882687908972e-13 -6.783513924191187e-10
10920 29.621205478323198 0.0027128714570480374 7.947868687695512e-5 0.00020306723240337554 5.571099137569036e-13 -5.72612684698881e-10
10930 29.64833143666441 0.002712707186662791 7.96215495811768e-5 0.0002706137759974636 5.575540029667536e-13 -4.2561284097769603e-10
10940 29.675463531262796 0.002713910852416332 7.931448300779078e-5 0.00023636129779580628 5.579425810253724e-13 -4.731180638234411e-10
10950 29.702619135012046 0.002716647011624028 7.910011283235595e-5 0.00023712695760136349 5.584421813864537e-13 -6.392655916339501e-10
10960 29.729777205899826 0.002714450866368833 7.949644017539887e-5 0.00022752520560465062 5.5871973714261e-13 -6.571117744987726e-10
10970 29.756908192917685 0.0027125066779575074 7.991632837836587e-5 0.00023641973876065148 5.594413821086164e-13 -5.045100292936679e-10
10980 29.78403519607848 0.002712998836371766 7.985627936374389e-5 0.0002703046500155404 5.600520047721602e-13 -4.1613828057280103e-10
10990 29.811174456914205 0.0027151109951979416 7.948554460961706e-5 0.0002283733523178455 5.604960939820103e-13 -5.392748415723281e-10
11000 29.838337439682668 0.00271639194552889 7.952532372402088e-5 0.00022611939024697048 5.611067166455541e-13 -6.746476752782644e-10
11010 29.86548426302205 0.002713263156614545 8.00241943996308e-5 0.0002156637552407359 5.61717339309098e-13 -6.068794052041618e-10
11020 29.892610596465097 0.0027125723199762893 8.027211434266376e-5 0.0002653176031208737 5.622724508214105e-13 -4.462983263938745e-10
11030 29.91974071584947 0.002713519739755224 8.003393114267934e-5 0.00025331930563232685 5.624944954263356e-13 -4.449322498757053e-10
11040 29.94689009320211 0.002716256523841938 7.973246938584005e-5 0.00023966429812194434 5.629385846361856e-13 -6.080347735013525e-10
11050 29.974052460047528 0.00271523821622417 8.001713868274877e-5 0.00022998528858164669 5.635492072997295e-13 -6.729218029777405e-10
11060 30.00118783283853 0.0027126014393729597 8.048523868831538e-5 0.00021484105755298355 5.64104318812042e-13 -5.409947127167578e-10
11070 30.028313756299404 0.002712849935902956 8.052723153682819e-5 0.0002750746877083765 5.647704526268171e-13 -4.1642910692000823e-10
11080 30.055449286948424 0.002714416748461159 8.019007891622485e-5 0.00022187097977932613 5.649924972317422e-13 -5.021051437354317e-10
11090 30.082608485192793 0.0027166749851176707 8.008185746862735e-5 0.0002358843499806751 5.65603119895286e-13 -6.599218578348129e-10
11100 30.109762105755507 0.0027138450538146215 8.05374395048941e-5 0.00022553352151610806 5.660472091051361e-13 -6.366294061126318e-10
11110 30.136890014399718 0.0027124543259906316 8.088140739961598e-5 0.0002539237616501211 5.664912983149861e-13 -4.752319471669325e-10
11120 30.164018387622797 0.0027132891652961984 8.073238198674135e-5 0.0002665900543585842 5.669353875248362e-13 -4.2516891194855255e-10
11130 30.191162073195056 0.0027155910107640588 8.038459888382824e-5 0.00023784282833760884 5.674349878859175e-13 -5.71700491912568e-10
11140 30.21832575922497 0.0027159910098676437 8.054046994807095e-5 0.0002283654602573959 5.681011217006926e-13 -6.787705829260776e-10
11150 30.245467095348666 0.002712861516125322 8.10362746560185e-5 0.00020840510190800465 5.685452109105427e-13 -5.773105329291012e-10
11160 30.272592398615057 0.0027126619844679077 8.118391917478811e-5 0.00027448652785644345 5.69044811271624e-13 -4.2815942729191453e-10
11170 30.299725284880797 0.0027139262827230756 8.089822738075973e-5 0.00024228124440794918 5.697109450863991e-13 -4.687845400492413e-10
11180 30.32687897102766 0.002716532372642401 8.067623148632724e-5 0.00024203456601101792 5.699885008425554e-13 -6.351534571728823e-10
11190 30.354038369095143 0.002714604728101424 8.105283016972749e-5 0.00023195492362892978 5.705436123548679e-13 -6.598587839329317e-10
11200 30.381169527607593 0.0027124259332688616 8.147420742346912e-5 0.000236476687483278 5.71209746169643e-13 -5.094851311671089e-10
11210 30.408296180081813 0.002713102386970703 8.142168386910153e-5 0.00027564079366415584 5.717648576819556e-13 -4.156535202831657e-10
11220 30.435435484885456 0.002714889153130972 8.107423103622038e-5 0.00023102916748796165 5.721534357405744e-13 -5.337208834610419e-10
11230 30.462597310302336 0.002716510316188784 8.108788631007749e-5 0.00023147749724494737 5.726530361016557e-13 -6.734826238363745e-10
11240 30.489745647280568 0.0027133323679674327 8.15786806040696e-5 0.00022062533306499432 5.733191699164308e-13 -6.110027709477217e-10
11250 30.51687136672632 0.002712468122484652 8.183192053354878e-5 0.00026788237743946564 5.738187702775122e-13 -4.5016663443794847e-10
11260 30.544002051906602 0.0027136245351597594 8.161045794487293e-5 0.0002592836837942425 5.74207348336131e-13 -4.417557483010759e-10
11270 30.571150070501794 0.0027160421259776668 8.131765837024835e-5 0.00024408507553697056 5.748179709996748e-13 -6.027577464928768e-10
11280 30.598312872822174 0.0027154349706714808 8.157910777421426e-5 0.0002342748769067482 5.752620602095249e-13 -6.746696309262168e-10
11290 30.62544918304642 0.0027125529560486413 8.204709880460413e-5 0.00021355609147644117 5.758171717218374e-13 -5.458710358730023e-10
11300 30.6525743612909 0.002712886913688623 8.209456844441863e-5 0.00027970449231162764 5.762057497804562e-13 -4.176029209934651e-10
11310 30.679710483802918 0.0027143276442354062 8.178040460524177e-5 0.00022785951120296577 5.768718835952313e-13 -4.972377618157886e-10
11320 30.706868093114572 0.0027166399699433386 8.165573794703648e-5 0.0002411506397583807 5.771494393513876e-13 -6.568602404621177e-10
11330 30.734023252773 0.0027140226163364233 8.209684293958397e-5 0.00023010737999351605 5.779265954686252e-13 -6.401434175492063e-10
11340 30.76115097979814 0.002712322505792894 8.244611114571529e-5 0.0002550003176862159 5.78093128922319e-13 -4.799763182392058e-10
11350 30.788279466756897 0.002713405737089671 8.230630895856977e-5 0.00027242701879381936 5.790923296444817e-13 -4.2323635667375435e-10
11360 30.815422689006393 0.002715397932888997 8.1975178894415e-5 0.00024138750853930357 5.794809077031005e-13 -5.661668553820715e-10
11370 30.84258577308955 0.0027161334721370264 8.210478575865947e-5 0.00023236422170158644 5.80036019215413e-13 -6.790630179780816e-10
11380 30.869728787826052 0.002712889690561804 8.259770721760068e-5 0.0002137566514841538 5.804245972740318e-13 -5.816877257793348e-10
11390 30.896853200831654 0.002712631206049699 8.275099627846564e-5 0.0002779935342459572 5.810907310888069e-13 -4.3106366390606775e-10
11400 30.923986730791036 0.002713947138919245 8.248136265331492e-5 0.0002483714872979492 5.818678872060445e-13 -4.6472399860337756e-10
11410 30.95113912242642 0.0027163742808561406 8.22571713313625e-5 0.00024699224906288286 5.821454429622008e-13 -6.305031471370009e-10
11420 30.978299399081234 0.002714854749609556 8.261246069774884e-5 0.00023640006316560935 5.824785098695884e-13 -6.627740151915845e-10
11430 31.005431108117293 0.0027122970302807356 8.303707184803436e-5 0.00023611268342271785 5.829781102306697e-13 -5.14342454330022e-10
11440 31.032557344063957 0.0027131745440475918 8.298964835578521e-5 0.0002810044174962334 5.837552663479073e-13 -4.153255945935226e-10
11450 31.05969685981008 0.0027147946839429123 8.266397419206018e-5 0.00023334723323886752 5.843658890114511e-13 -5.286135907875772e-10
11460 31.08685737314558 0.002716511198942539 8.26552861708979e-5 0.00023692344138370736 5.846989559188387e-13 -6.717091234659949e-10
11470 31.114007615468847 0.002713468031978982 8.313687488233505e-5 0.00022552999026959064 5.851430451286888e-13 -6.150041421774949e-10
11480 31.14113261343128 0.0027123749596199296 8.339717817818613e-5 0.0002699767255607277 5.857536677922326e-13 -4.5438227962563466e-10
11490 31.168263561181824 0.0027136884416012843 8.318591325350464e-5 0.0002653837307755591 5.863087793045452e-13 -4.385753631601765e-10
11500 31.195410959755613 0.0027158518467843293 8.290274837732663e-5 0.00024838677216099114 5.868638908168577e-13 -5.9749245353728e-10
11510 31.22257355736086 0.0027156591064164013 8.314013710721571e-5 0.0002385315639540364 5.87141446573014e-13 -6.76400677547366e-10
11520 31.249711179245768 0.0027124784955900915 8.36112741316305e-5 0.0002119855714184382 5.877520692365579e-13 -5.503541807938377e-10
11530 31.276835511973754 0.0027128845696551213 8.366604629670555e-5 0.00028417251713652725 5.883071807488705e-13 -4.19231004729001e-10
11540 31.303972074222667 0.002714339806560744 8.336961364081727e-5 0.00023402179212328456 5.888067811099518e-13 -4.92610017881201e-10
11550 31.331128260759492 0.0027164961268683336 8.323384590165383e-5 0.00024642796571727743 5.892508703198018e-13 -6.531603192333479e-10
11560 31.3582848483695 0.0027142462754844118 8.365930667542985e-5 0.0002349480670964521 5.896949595296519e-13 -6.439035650160352e-10
11570 31.385412436065376 0.0027122013285371216 8.401557834248764e-5 0.00025559997775903565 5.902500710419645e-13 -4.846260719115758e-10
11580 31.412540584507855 0.0027134539761832365 8.38812435797425e-5 0.00027827290021842366 5.906941602518145e-13 -4.214565623578137e-10
11590 31.43968389530346 0.002715261592500622 8.356718658400395e-5 0.00024465731465705964 5.912492717641271e-13 -5.610102105091386e-10
11600 31.466845846272253 0.0027162437559753736 8.36724585683083e-5 0.00023615849992197901 5.91859894427671e-13 -6.787703194649497e-10
11610 31.493990616178362 0.0027129195622474546 8.416226675897554e-5 0.00021896574365820598 5.92303983637521e-13 -5.859739440634143e-10
11620 31.521114172068234 0.0027125494353485912 8.432314578437097e-5 0.0002811923670401617 5.927480728473711e-13 -4.343642971346706e-10
11630 31.548247963727484 0.002714036616821044 8.406323139664475e-5 0.00025463383731005873 5.932476732084524e-13 -4.6062277256342377e-10
11640 31.575399385973892 0.0027161550881721445 8.384170516246574e-5 0.0002518159471696091 5.938582958719962e-13 -6.257946643523082e-10
11650 31.602560188306867 0.0027150953880079425 8.417489295050099e-5 0.00024109982989395373 5.94246873930615e-13 -6.656992561360209e-10
11660 31.629692615922245 0.0027122195487404716 8.460388776213223e-5 0.00023536161316550785 5.948019854429276e-13 -5.188358492835832e-10
11670 31.656818004449143 0.002713161091941806 8.456114794555195e-5 0.0002862044254998697 5.954126081064715e-13 -4.155175674022682e-10
11680 31.683958124791054 0.002714760275006556 8.42532437376148e-5 0.00023529081519013673 5.960787419212465e-13 -5.236283654938556e-10
11690 31.711117121065687 0.0027164863279039927 8.42266352095282e-5 0.00024254716010196908 5.964118088286341e-13 -6.693099254082707e-10
11700 31.738269030632768 0.002713604784364881 8.469811306327926e-5 0.00023026593310360166 5.969114091897154e-13 -6.193140436247524e-10
11710 31.765393732471317 0.002712251759786581 8.496753037823707e-5 0.0002716988333330006 5.973554983995655e-13 -4.5849244640163746e-10
11720 31.792524442210855 0.002713804868800369 8.476187603911557e-5 0.00027156672345485244 5.979661210631093e-13 -4.355827640446135e-10
11730 31.819671627653513 0.002715640534351128 8.449007919831675e-5 0.00025239163347601234 5.984657214241906e-13 -5.925101979860966e-10
11740 31.846833837467955 0.002715838837576385 8.470349663448731e-5 0.00024291968758105575 5.986877660291157e-13 -6.775384444037696e-10
11750 31.873972884061224 0.0027125067334362553 8.517649397996388e-5 0.0002127817283775757 5.995204332975845e-13 -5.548132236289046e-10
11760 31.901096250570195 0.0027127811168990977 8.523856601747967e-5 0.0002883067292481778 5.999645225074346e-13 -4.21303944315596e-10
11770 31.928233499115706 0.002714412963712953 8.495533405329799e-5 0.0002404693758311094 6.002420782635909e-13 -4.878537044837148e-10
11780 31.955388342820427 0.002716368507523174 8.481552618839431e-5 0.0002517717164098876 6.010747455320598e-13 -6.493931850436532e-10
11790 31.982546002950734 0.0027144353052622324 8.522433024075238e-5 0.00023999475149238947 6.012967901369848e-13 -6.477230416261326e-10
11800 32.009674168243926 0.0027121083239246002 8.558936689071992e-5 0.00025587740881571897 6.019074128005286e-13 -4.888947371421362e-10
11810 32.036801443611424 0.0027135233630481447 8.545900791375797e-5 0.00028404466802423034 6.025180354640725e-13 -4.202592255203108e-10
11820 32.063945220386884 0.002715121857938012 8.51598722303349e-5 0.0002474886177420421 6.029066135226913e-13 -5.558865853093968e-10
11830 32.09110612220119 0.0027163131626508365 8.524354646955453e-5 0.00023990668011319993 6.034062138837726e-13 -6.778232303048911e-10
11840 32.118252504232906 0.002713055302653249 8.572970402519085e-5 0.00022434153062755868 6.039613253960852e-13 -5.906283212220341e-10
11850 32.145375466752135 0.0027123739928509856 8.590036808221472e-5 0.00028394560742506236 6.042388811522414e-13 -4.376061785518657e-10
11860 32.17250946078713 0.002714170948708893 8.564510491469727e-5 0.00026114221184936337 6.04793992664554e-13 -4.5666168350439905e-10
11870 32.1996601041447 0.0027159785454971604 8.542948260962515e-5 0.000256553982766472 6.054046153280979e-13 -6.213216568098771e-10
11880 32.2268210908039 0.002715261529812034 8.57398276695061e-5 0.0002459599585757921 6.059042156891792e-13 -6.681028520672504e-10
11890 32.25395484541524 0.002712213266278884 8.617429567384735e-5 0.00023443523722155302 6.064038160502605e-13 -5.232633356559019e-10
11900 32.28107895210427 0.002713121522037615 8.613740426821781e-5 0.0002911390927740065 6.070144387138043e-13 -4.1621849630052443e-10
11910 32.30821977664964 0.0027147281095124677 8.584217575553148e-5 0.00023672120624806947 6.074585279236544e-13 -5.184817189300694e-10
11920 32.33537750242195 0.002716434587502893 8.580219602814606e-5 0.0002482882513903384 6.08013639435967e-13 -6.667363180654085e-10
11930 32.362530658908405 0.0027138056037712623 8.626198681634939e-5 0.00023512170685158207 6.085132397970483e-13 -6.237734703762321e-10
11940 32.38965548467607 0.0027120728093671023 8.654258451503585e-5 0.0002729778648461467 6.090128401581296e-13 -4.6228756239719004e-10
11950 32.41678560774541 0.002713913555328275 8.634008806791138e-5 0.00027788296456621175 6.095679516704422e-13 -4.3309811292857603e-10
11960 32.44393272966252 0.002715489997733441 8.607953939176271e-5 0.00025614283185304565 6.100675520315235e-13 -5.875447680464552e-10
11970 32.4710942701186 0.0027159235392947806 8.627008212500357e-5 0.00024736068700814684 6.106226635438361e-13 -6.780774570308568e-10
11980 32.498235027321584 0.002712601717206117 8.67447793986053e-5 0.00021892375946330755 6.110112416024549e-13 -5.595497784734171e-10
11990 32.525357236452976 0.002712642591826635 8.681612641934605e-5 0.00029200955260944017 6.116218642659987e-13 -4.2344669090588205e-10
12000 32.55249485583496 0.002714475186534925 8.653837466526843e-5 0.0002470923710189421 6.121769757783113e-13 -4.832072953570021e-10
12010 32.579648788044324 0.0027162295296094237 8.639726146620141e-5 0.0002571205184145331 6.126210649881614e-13 -6.456768730789264e-10
12020 32.6068069672146 0.002714652010307353 8.678961883028993e-5 0.00024499902886476743 6.130651541980114e-13 -6.51207461219161e-10
12030 32.633936057079126 0.0027119977371607407 8.716718332306273e-5 0.0002558317468009941 6.135647545590928e-13 -4.931042119765694e-10
12040 32.66106218037115 0.0027135350355228073 8.704074995588619e-5 0.0002897712504839056 6.142863995250991e-13 -4.1949451551337447e-10
12050 32.688206400319515 0.0027150758450799474 8.67531008940601e-5 0.00024993574771159377 6.146749775837179e-13 -5.506707676655731e-10
12060 32.71536617743645 0.0027162837712020695 8.681880193072078e-5 0.00024354118480984788 6.150635556423367e-13 -6.766304708367976e-10
12070 32.74251424339434 0.002713235809143098 8.72996202123858e-5 0.0002302138366188089 6.156741783058806e-13 -5.953852891390707e-10
12080 32.769636668499416 0.002712210297968031 8.748229741281828e-5 0.00028620207564844513 6.160072452132681e-13 -4.40719925885822e-10
12090 32.796770350415045 0.0027142511004590404 8.72279158744577e-5 0.000267765308633372 6.164513344231182e-13 -4.531027086596964e-10
12100 32.823920869580746 0.00271583155771771 8.702003460000997e-5 0.0002611371504201987 6.169509347841995e-13 -6.167299561905674e-10
12110 32.85108151360329 0.0027154397038053795 8.730731314700768e-5 0.00025071224117168 6.178391132038996e-13 -6.701125604247925e-10
12120 32.8782168316768 0.002712200834071949 8.774763328276206e-5 0.0002333545578203644 6.179501355063621e-13 -5.278716656639481e-10
12130 32.90533976057942 0.002713030765484868 8.771856095419282e-5 0.0002958371295024298 6.186162693211372e-13 -4.1701750620918195e-10
12140 32.93248098563982 0.002714803626208407 8.743054500508981e-5 0.00023774710663670984 6.191158696822185e-13 -5.135205772078024e-10
12150 32.95963774375644 0.0027162913856447726 8.73818337963559e-5 0.0002539919353349296 6.196709811945311e-13 -6.640221340539255e-10
12160 32.986792105201914 0.002714039915965762 8.78279393352021e-5 0.00024029932161429013 6.198930257994562e-13 -6.27986441165626e-10
12170 33.01391720798695 0.0027119550477060672 8.812163212391732e-5 0.0002738255301576453 6.206701819166938e-13 -4.661339430094463e-10
12180 33.041046391477316 0.0027139192595002346 8.792093629101987e-5 0.00028416495284788734 6.210587599753126e-13 -4.3092433340390287e-10
12190 33.06819408286548 0.002715426491292369 8.767002801424874e-5 0.0002595863611005722 6.217248937900877e-13 -5.824802540809782e-10
12200 33.09535457241026 0.002715999617482927 8.783991701013349e-5 0.00025154286310136165 6.22002449546244e-13 -6.784384670477221e-10
12210 33.12249715260645 0.002712680921805166 8.83151502154846e-5 0.00022484582656689955 6.225575610585565e-13 -5.643077606434808e-10
12220 33.14961861622801 0.002712502263045498 8.839860427523517e-5 0.00029536081625824995 6.231126725708691e-13 -4.255829608875946e-10
12230 33.17675604478133 0.0027145996244394787 8.812132706329847e-5 0.000253854005994425 6.236677840831817e-13 -4.789431954433157e-10
12240 33.20390965216045 0.0027160291162278824 8.79820405427175e-5 0.000262279287777889 6.240563621418005e-13 -6.416881469950174e-10
12250 33.2310681525844 0.002714884894961333 8.835457160668163e-5 0.000250177667680318 6.246114736541131e-13 -6.544400437964292e-10
12260 33.258198249847744 0.0027119584261534693 8.874220668257282e-5 0.0002555003710901227 6.250000517127319e-13 -4.974670669974021e-10
12270 33.285323163085515 0.002713430327021379 8.862327349276276e-5 0.00029526994015827146 6.254996520738132e-13 -4.1882397224836387e-10
12280 33.312468069247295 0.0027151348691105315 8.83455017986545e-5 0.00025201500431604185 6.261657858885883e-13 -5.45659625122985e-10
12290 33.33962657812817 0.0027162232929709676 8.839786326216232e-5 0.0002473689101645249 6.267208974009009e-13 -6.752171989934941e-10
12300 33.3667761972978 0.0027133893054470948 8.887125319904212e-5 0.000235623400924867 6.271649866107509e-13 -5.999615561302907e-10
12310 33.39389855930171 0.002712083938364748 8.906843716367238e-5 0.00028811909444881323 6.277200981230635e-13 -4.4394331266683906e-10
12320 33.421031298462104 0.0027143221479173163 8.881206336606114e-5 0.0002744036530658578 6.282196984841448e-13 -4.497881338216825e-10
12330 33.44818219391026 0.0027156710697500163 8.861169429521058e-5 0.000265356773997083 6.287192988452261e-13 -6.120114068308702e-10
12340 33.47534223094663 0.0027155958627369625 8.887736742277678e-5 0.0002555145667305636 6.2932992150877e-13 -6.719668649637911e-10
12350 33.50247903082137 0.002712252172211109 8.932279724660356e-5 0.0002321305996934031 6.299405441723138e-13 -5.324727874334717e-10
12360 33.52960093045233 0.002712848314146752 8.930452972281533e-5 0.0003001599045430181 6.302736110797014e-13 -4.1792434617160534e-10
12370 33.556742366375076 0.0027149394238339306 8.901825780818865e-5 0.00023846949349404234 6.307732114407827e-13 -5.088569062644543e-10
12380 33.58389825862634 0.002716134362318398 8.896431722288945e-5 0.00025969080425103375 6.313838341043265e-13 -6.609627428710851e-10
12390 33.611053432838126 0.002714227897177299 8.939553459712742e-5 0.000245857248677428 6.317724121629453e-13 -6.320988073238443e-10
12400 33.63817927536971 0.0027118886504330915 8.970389506891795e-5 0.0002744438526169901 6.323830348264892e-13 -4.700505392904453e-10
12410 33.66530703397453 0.0027138849482326857 8.950518671277923e-5 0.00029027024067418417 6.32993657490033e-13 -4.288788603770688e-10
12420 33.69245544094859 0.0027153769180617675 8.926038905235637e-5 0.00026255881105397005 6.33215702094958e-13 -5.776206158346342e-10
12430 33.71961486628037 0.0027160287774432115 8.941273639751014e-5 0.00025555546295752407 6.336042801535768e-13 -6.784510305987701e-10
12440 33.746758983570174 0.002712827081431333 8.988682063475272e-5 0.00023115456339617424 6.343814362708144e-13 -5.690040342110764e-10
12450 33.77388001151946 0.002712301640899368 8.998568735302668e-5 0.0002982993937282741 6.350475700855895e-13 -4.279067947958286e-10
12460 33.80101693513277 0.0027147246930855217 8.970508256092044e-5 0.00026082694218942937 6.353806369929771e-13 -4.747746364008507e-10
12470 33.82817041008693 0.0027158754232621614 8.95687054766474e-5 0.0002672523976189334 6.359357485052897e-13 -6.376072322337621e-10
12480 33.85532884387676 0.002715036651768419 8.992157235712901e-5 0.00025553332559080655 6.361577931102147e-13 -6.575787208215535e-10
12490 33.88246041175393 0.0027119864166833168 9.031932966425568e-5 0.00025508325944767485 6.370459715299148e-13 -5.017106241249977e-10
12500 33.90958386734993 0.002713302593821654 9.020800354185046e-5 0.00030041031796790296 6.372680161348399e-13 -4.1842102659886217e-10
12510 33.9367293065409 0.0027151884232714234 8.9932636708099e-5 0.00025363007008505356 6.379896611008462e-13 -5.40858433162656e-10
12520 33.9638869695134 0.0027161446401381757 8.99769071692306e-5 0.00025350775271926196 6.382117057057712e-13 -6.733138684761866e-10
12530 33.99103765835834 0.0027136029800016105 9.044418404505408e-5 0.0002411170380186567 6.388778395205463e-13 -6.046574268637584e-10
12540 34.01816044091491 0.0027119197141858065 9.065826104172299e-5 0.0002896948194043292 6.394329510328589e-13 -4.471850217406916e-10
12550 34.045292049776606 0.0027143704493453125 9.03992122026026e-5 0.0002810871766278922 6.400435736964027e-13 -4.4653471782848467e-10
12560 34.07244336757789 0.0027156053678695654 9.020424858872482e-5 0.0002692443570232461 6.404876629062528e-13 -6.07579538659872e-10
12570 34.099602740075255 0.0027156425472059692 9.045005738311737e-5 0.0002603237123794955 6.409872632673341e-13 -6.733934758209616e-10
12580 34.12674133070884 0.002712389659008105 9.08992478697097e-5 0.00023094359564135303 6.41597885930878e-13 -5.370031030289694e-10
12590 34.15386216435559 0.002712664910178487 9.08955598089508e-5 0.00030402511215799066 6.419864639894968e-13 -4.1917384186013445e-10
12600 34.18100353376467 0.002715024515306775 9.060657655349294e-5 0.0002436340082925259 6.426525978042719e-13 -5.041441756179171e-10
12610 34.20815920226829 0.0027160229988316765 9.054941121436612e-5 0.0002653304817180624 6.429301535604282e-13 -6.577463714744353e-10
12620 34.235314611428215 0.002714433299009571 9.096483597254182e-5 0.0002513762151422627 6.435962873752032e-13 -6.362934187788966e-10
12630 34.26244170532845 0.0027118045408127934 9.128853549307635e-5 0.000274860929522891 6.439293542825908e-13 -4.73743383823215e-10
12640 34.28956799066018 0.0027138311879473156 9.10940896874801e-5 0.00029623185843308253 6.444289546436721e-13 -4.271411865701402e-10
12650 34.31671686791853 0.002715413167272174 9.085096919221142e-5 0.00026514519496345645 6.45039577307216e-13 -5.730046840658753e-10
12660 34.34387554744377 0.0027159550705088947 9.09886419357657e-5 0.0002593838527846781 6.455946888195285e-13 -6.778458124662157e-10
12670 34.37102115388282 0.002713047472832362 9.14597049213355e-5 0.00023736742498936536 6.460942891806098e-13 -5.739007689214981e-10
12680 34.39814184194174 0.002712112672746905 9.157672847814736e-5 0.00030078732821881005 6.465938895416912e-13 -4.3031683598371284e-10
12690 34.42527794325311 0.002714763475619021 9.129095307717813e-5 0.0002678627011318824 6.470934899027725e-13 -4.705657773163008e-10
12700 34.45243178683266 0.0027158103385063336 9.115726721540324e-5 0.0002720161678887445 6.475930902638538e-13 -6.337918211085647e-10
12710 34.47958967099272 0.0027151535204441475 9.149060753587314e-5 0.00026071593428977913 6.482037129273976e-13 -6.603758338774579e-10
12720 34.50672297082357 0.0027120104381027064 9.189781069559184e-5 0.00025461932307346835 6.488143355909415e-13 -5.058358632133164e-10
12730 34.533845057661765 0.0027131601303904095 9.179806164681996e-5 0.0003052665466599658 6.493139359520228e-13 -4.184181412805743e-10
12740 34.56099052042112 0.0027152852450263785 9.151998979251062e-5 0.0002549013750787754 6.496470028594103e-13 -5.359993802966923e-10
12750 34.58814782680408 0.0027160014432552437 9.155634357623852e-5 0.00025953753649055056 6.500910920692604e-13 -6.711415485860517e-10
12760 34.61529925561398 0.002713843117142989 9.201222866627293e-5 0.00024635384970728147 6.50868248186498e-13 -6.095242522513589e-10
12770 34.64242257666758 0.00271179095052528 9.224716975998278e-5 0.0002909186075560344 6.513123373963481e-13 -4.502320946619953e-10
12780 34.669552793227275 0.0027143153353319295 9.198966987510045e-5 0.0002876663267039614 6.514788708500419e-13 -4.435474904029846e-10
12790 34.696704757404504 0.002715631707030184 9.179773795521757e-5 0.000272834056408211 6.52145004664817e-13 -6.03356791611942e-10
12800 34.72386322933586 0.00271564318100449 9.202536535268582e-5 0.00026477790349788144 6.52811138479592e-13 -6.742374226206133e-10
12810 34.7510035196917 0.002712515920420688 9.247658081844721e-5 0.00023356489453685292 6.533662499919046e-13 -5.417468541368646e-10
12820 34.77812361584073 0.0027124873815704297 9.249094841917625e-5 0.000307553869739019 6.539213615042172e-13 -4.2053562184212606e-10
12830 34.805264284533926 0.002715117545006114 9.219583590675594e-5 0.00025080268681576534 6.543654507140673e-13 -4.993884047743225e-10
12840 34.83242021298734 0.0027158864761357496 9.213682851013577e-5 0.0002707118547909948 6.548095399239173e-13 -6.546904200508536e-10
12850 34.85957557152653 0.002714624354229436 9.253570633405958e-5 0.00025696545096831613 6.555866960411549e-13 -6.402101734477888e-10
12860 34.8867039235615 0.0027117883189111585 9.287447387384914e-5 0.00027507663351444833 6.559752740997737e-13 -4.77362760192669e-10
12870 34.91382873916983 0.0027136712888618693 9.268764620133988e-5 0.000301932441475139 6.5625282985593e-13 -4.2578364991678695e-10
12880 34.940978088087185 0.002715528805290425 9.244126328625221e-5 0.0002674302685202745 6.566414079145488e-13 -5.682982654269338e-10
12890 34.96813604147834 0.002715867197429795 9.256738098033274e-5 0.0002627127353636016 6.573630528805552e-13 -6.769713635349583e-10
12900 34.99528287576583 0.0027132261674090883 9.30333906760726e-5 0.00024293501880390256 6.576961197879427e-13 -5.790040787014073e-10
12910 35.02240377807435 0.002711978834614258 9.317048362390029e-5 0.0003029897256723313 6.585287870564116e-13 -4.3254504725221974e-10
12920 35.04953847421877 0.0027147834018231972 9.287908964228942e-5 0.000274821551900728 6.588618539637991e-13 -4.666300453353504e-10
12930 35.076693079507 0.0027157411778932776 9.274663316161794e-5 0.0002764005400320846 6.595279877785742e-13 -6.300951425184949e-10
12940 35.10385039304106 0.00271525394662846 9.306145129706016e-5 0.0002658002728177511 6.59916565837193e-13 -6.62621939048822e-10
12950 35.130985223687716 0.0027121085224573694 9.347674104393833e-5 0.00025408871529786214 6.603606550470431e-13 -5.102245471409996e-10
12960 35.15810633607608 0.0027129307195182554 9.339246749469376e-5 0.00030976564048446065 6.609157665593557e-13 -4.185234430494658e-10
12970 35.18525162330884 0.0027154396367674626 9.310701201627094e-5 0.0002559612706158898 6.613043446179745e-13 -5.310714972879473e-10
12980 35.21240872290308 0.0027158788113189076 9.313803846083321e-5 0.0002654671468591552 6.619704784327496e-13 -6.690955319367618e-10
12990 35.239560683720974 0.002714009258455603 9.358115297790499e-5 0.0002508127079600131 6.623590564913684e-13 -6.141720414036024e-10
13000 35.266685068050144 0.0027117623520751025 9.383501984696477e-5 0.0002919933423708443 6.62914168003681e-13 -4.5319813743796566e-10
13010 35.2938135148481 0.0027142141090164317 9.358018774848583e-5 0.0002939935427718199 6.634137683647623e-13 -4.4095335911299716e-10
13020 35.32096629199549 0.0027156569825621587 9.338717298035653e-5 0.00027598943560114275 6.639688798770749e-13 -5.989995821402416e-10
13030 35.34812407294749 0.0027156484144502807 9.360252563657305e-5 0.0002689582635656551 6.644684802381562e-13 -6.747741350052183e-10
13040 35.37526565449705 0.002712684206472347 9.405420188231949e-5 0.00023672910582739348 6.649125694480063e-13 -5.467732013680893e-10
13050 35.40238562934099 0.0027122652337821782 9.408954176783188e-5 0.00031073278444671004 6.654676809603188e-13 -4.2173721286065113e-10
13060 35.429525231805144 0.002715226586589524 9.378653774569174e-5 0.0002581018744154395 6.659672813214002e-13 -4.94848665516523e-10
13070 35.456681517037794 0.0027157907424096746 9.372530890329975e-5 0.00027584590992812963 6.665223928337127e-13 -6.517412495105068e-10
13080 35.483836745702824 0.002714725504132938 9.410788153620657e-5 0.00026267144461089575 6.670775043460253e-13 -6.436332309137094e-10
13090 35.51096660035271 0.002711874283202935 9.446099928689629e-5 0.00027529685340133003 6.675215935558754e-13 -4.811949636494839e-10
13100 35.538089837734 0.0027134599153047414 9.428578734937771e-5 0.00030723599175352945 6.679656827657254e-13 -4.2459664256755403e-10
13110 35.565239467658024 0.0027156255189005785 9.403098104767605e-5 0.00026932515088662345 6.686873277317318e-13 -5.63487936866558e-10
13120 35.592397037470946 0.0027158051360868444 9.414853012014703e-5 0.0002656320965941372 6.691869280928131e-13 -6.761073177014021e-10
13130 35.61954457678476 0.0027134067922253815 9.460748928958378e-5 0.00024848966970092423 6.697420396051257e-13 -5.840461274331243e-10
13140 35.64666623134022 0.002711838835887335 9.476599173954585e-5 0.00030495805777719376 6.700751065125132e-13 -4.3468516720129857e-10
13150 35.67379919732024 0.0027147733297719287 9.447052905597941e-5 0.00028174511720879813 6.706302180248258e-13 -4.630016656528846e-10
13160 35.700954439382485 0.00271572840222021 9.433581675911788e-5 0.000280429503575208 6.707967514785196e-13 -6.263301361927875e-10
13170 35.72811127271561 0.0027152644443740035 9.463412747434015e-5 0.0002708560758940548 6.71740441049451e-13 -6.645277463067714e-10
13180 35.755247595560625 0.002712278811761981 9.505561993710418e-5 0.00025364772932734425 6.72184530259301e-13 -5.148603582317765e-10
13190 35.78236782806782 0.0027126856260485566 9.499071630092387e-5 0.00031381318241252565 6.725175971666886e-13 -4.1860105853342485e-10
13200 35.809512509347734 0.002715533345995071 9.469485088703452e-5 0.0002567696627541194 6.732947532839262e-13 -5.262526075311804e-10
13210 35.83666983115411 0.0027158102250195667 9.472116579951442e-5 0.0002713031118950493 6.73683331342545e-13 -6.670560396248166e-10
13220 35.86382182281556 0.00271415381086494 9.515084444653452e-5 0.000255587121941514 6.744049763085513e-13 -6.185366969162078e-10
13230 35.89094760003992 0.002711736367599003 9.542359998410223e-5 0.0002930002700225476 6.746270209134764e-13 -4.5628612921939525e-10
13240 35.91807425731231 0.0027140781148054386 9.517543400674306e-5 0.0003001139150620169 6.752931547282515e-13 -4.3850574014059135e-10
13250 35.94522742576675 0.0027157422927093396 9.497420852527442e-5 0.0002787719596824001 6.760147996942578e-13 -5.946335373306333e-10
13260 35.97238487636115 0.002715575773373379 9.517777535174428e-5 0.00027295703012975014 6.763478666016454e-13 -6.751613727065903e-10
13270 35.999527572673465 0.00271289936782267 9.562958672236826e-5 0.00024211983131150472 6.768474669627267e-13 -5.518127431107587e-10
13280 36.0266475793274 0.0027120767330023493 9.568989360056428e-5 0.00031352491263092475 6.772360450213455e-13 -4.22966742218565e-10
13290 36.053785796631125 0.002715230542332041 9.5380577789475e-5 0.000265424967790695 6.777911565336581e-13 -4.90445268136357e-10
13300 36.08094282544795 0.0027157911140655404 9.531463063730696e-5 0.00028075709750907674 6.781797345922769e-13 -6.487332337445707e-10
13310 36.10809758461032 0.002714794273948782 9.56816305906057e-5 0.00026817208671037207 6.790124018607457e-13 -6.468445556236321e-10
13320 36.13522910160051 0.0027119496537777107 9.604767070842899e-5 0.00027557934236577264 6.793454687681333e-13 -4.851584773517551e-10
13330 36.16235107983623 0.0027132608140829385 9.588857351023704e-5 0.0003122250739132637 6.799560914316771e-13 -4.2346405131708635e-10
13340 36.189500356666635 0.0027157493343255333 9.562143927021528e-5 0.00027093987778081807 6.804001806415272e-13 -5.588016250421203e-10
13350 36.216658158597916 0.0027156938836823724 9.573202768272358e-5 0.0002682871815108401 6.808997810026085e-13 -6.750709340895512e-10
13360 36.243806172131045 0.0027136191523167044 9.618218603058111e-5 0.000253881860878602 6.813993813636898e-13 -5.889732311342884e-10
13370 36.27092865418994 0.0027117532591531494 9.636245043372912e-5 0.000306686190026495 6.818434705735399e-13 -4.3695750067285904e-10
13380 36.298059929374425 0.00271464715581275 9.606627646321187e-5 0.00028852126213152474 6.823985820858525e-13 -4.5940424858378903e-10
13390 36.325215913668295 0.002715833849143116 9.592523465354738e-5 0.0002841790500454078 6.830647159006276e-13 -6.226339344279908e-10
13400 36.3523721735874 0.002715234935053185 9.620881247170597e-5 0.0002755435022502306 6.834532939592464e-13 -6.66262777587745e-10
13410 36.379509984956066 0.002712421689153612 9.663412701321011e-5 0.00025330916242805035 6.839528943203277e-13 -5.194956183979249e-10
13420 36.40662978627894 0.0027125068057949776 9.659207759481172e-5 0.00031755496703023134 6.84452494681409e-13 -4.1879971712788233e-10
13430 36.433773220402834 0.0027155940959408577 9.628478165539459e-5 0.00025745061895787735 6.850076061937216e-13 -5.21496708663638e-10
13440 36.46093136260663 0.002715732737001464 9.630555317014673e-5 0.0002768510975531546 6.855627177060342e-13 -6.648812628934353e-10
13450 36.488083153728624 0.002714308139715041 9.672162386472987e-5 0.00026113771145286346 6.858957846134217e-13 -6.228088231773066e-10
13460 36.515210229863506 0.0027117542795706763 9.701199195642398e-5 0.00029391392109034964 6.86395384974503e-13 -4.594613626195121e-10
13470 36.542335447337045 0.0027138539488170354 9.677508324879986e-5 0.00030595086737150723 6.870615187892781e-13 -4.361134838676284e-10
13480 36.56948872818114 0.002715913400057368 9.65617148285577e-5 0.00028133068895275226 6.87672141452822e-13 -5.904083593549769e-10
13490 36.59664596167693 0.002715473322419456 9.675509066714898e-5 0.00027646003357317817 6.88116230662672e-13 -6.753053255481589e-10
13500 36.623789586960925 0.0027130680565332823 9.720360302878489e-5 0.0002478449353738865 6.885603198725221e-13 -5.568381068743466e-10
13510 36.65091001134458 0.0027119783657171023 9.728820458774955e-5 0.0003161219163091422 6.887823644774471e-13 -4.2432397959896173e-10
13520 36.67804638740196 0.002715162582928405 9.69739199439258e-5 0.0002725946572124105 6.897260540483785e-13 -4.860187131222604e-10
13530 36.705204425043256 0.0027158065449497744 9.690384502700015e-5 0.00028528793116178175 6.901701432582286e-13 -6.457937591804186e-10
13540 36.7323586342061 0.002714853591047931 9.7257097135138e-5 0.00027348059467002805 6.906697436193099e-13 -6.498714975444048e-10
13550 36.75949151017898 0.0027120540518452774 9.763373530015119e-5 0.0002758481862651374 6.910583216779287e-13 -4.891629121618439e-10
13560 36.786612732817616 0.0027130153211035652 9.74949516501079e-5 0.00031689698243142495 6.916134331902413e-13 -4.2248936593409104e-10
13570 36.813761189088176 0.0027158966403136252 9.721288909254083e-5 0.00027246737540709276 6.921685447025538e-13 -5.540984527185476e-10
13580 36.84091936981929 0.0027155916416871087 9.731728478479e-5 0.00027045078565146596 6.926681450636352e-13 -6.738999812547683e-10
13590 36.8680676335293 0.0027137594368679832 9.775751991932289e-5 0.0002584296062435598 6.932232565759477e-13 -5.938976087740494e-10
13600 36.89519121385649 0.0027117619572987516 9.795871627255224e-5 0.0003083639711048969 6.939449015419541e-13 -4.392459645964453e-10
13610 36.92232060943109 0.0027144577494787984 9.766592179891183e-5 0.0002949809946074522 6.942224572981104e-13 -4.559058120695452e-10
13620 36.9494772257349 0.002715938739425846 9.751450487452084e-5 0.0002875584496869754 6.94777568810423e-13 -6.190418206601731e-10
13630 36.97663312678898 0.00271521134557219 9.778525020232897e-5 0.00027986106626187723 6.953881914739668e-13 -6.676712509010303e-10
13640 37.00377195491688 0.002712579880855289 9.821190060596957e-5 0.00025294517457263854 6.958322806838169e-13 -5.242759795845428e-10
13650 37.03089190460772 0.0027123128874841263 9.81951077588345e-5 0.000321055496829592 6.959988141375106e-13 -4.1909326158088493e-10
13660 37.058033732573925 0.0027156398097603466 9.787676828145596e-5 0.00025818909185748584 6.966094368010545e-13 -5.166277469843479e-10
13670 37.085192674897144 0.002715704307240865 9.789039741988458e-5 0.0002820954589426439 6.97164548313367e-13 -6.628510851788239e-10
13680 37.112344280217506 0.0027143721865302392 9.829335207195589e-5 0.0002671147694627285 6.978306821281421e-13 -6.268752831314757e-10
13690 37.1394727735432 0.0027118688606338603 9.859931627924991e-5 0.0002948875994148725 6.980527267330672e-13 -4.62653999846354e-10
13700 37.16659660446773 0.002713599742013536 9.837829304589526e-5 0.0003113839646269323 6.987188605478423e-13 -4.339758840509649e-10
13710 37.193749720488455 0.0027160402839776707 9.814911621802171e-5 0.0002836235251476582 6.992739720601548e-13 -5.860495657825874e-10
13720 37.220907160997974 0.002715426258014939 9.833387280724444e-5 0.0002795158667860953 6.996625501187737e-13 -6.752660286133121e-10
13730 37.24805120847784 0.0027132228069248546 9.87774575070397e-5 0.00025335886552402265 7.002176616310862e-13 -5.620435104738281e-10
13740 37.2751726224111 0.002711884023776069 9.888646089072962e-5 0.00031861869061244885 7.006617508409363e-13 -4.2559383426309105e-10
13750 37.30230703808385 0.0027150815256546407 9.856860854923202e-5 0.0002796407604860329 7.011058400507864e-13 -4.816732819892811e-10
13760 37.329465793738166 0.0027158729933485985 9.848920745335728e-5 0.00028946794304240964 7.015499292606364e-13 -6.430327954137782e-10
13770 37.3566198317908 0.0027148320152855566 9.88303675954281e-5 0.00027870740795232773 7.021605519241803e-13 -6.524637184701643e-10
13780 37.38375394985418 0.0027122436415478158 9.92173245313637e-5 0.0002762090321658528 7.026601522852616e-13 -4.933816948743397e-10
13790 37.41087461069291 0.0027127680553289206 9.910397822408042e-5 0.00032118300616434947 7.032152637975742e-13 -4.216754913993759e-10
13800 37.43802199993402 0.002715961601859147 9.880547013958117e-5 0.00027387559325287025 7.037148641586555e-13 -5.491396799089943e-10
13810 37.465180911381466 0.0027155901576892995 9.89035100062508e-5 0.0002748019969455173 7.041589533685055e-13 -6.728887646731407e-10
13820 37.492329048052135 0.002713849980063786 9.933343800347674e-5 0.00026272719760389585 7.046030425783556e-13 -5.987390145310856e-10
13830 37.519454099543 0.0027117817634731245 9.955400694429547e-5 0.0003100861185308945 7.051026429394369e-13 -4.414557296106292e-10
13840 37.546581706884574 0.0027142746511231884 9.926966322098472e-5 0.0003011871156237689 7.056577544517495e-13 -4.5269756519805693e-10
13850 37.57373842373222 0.0027160573318732667 9.91034395803379e-5 0.00029063460438705224 7.061573548128308e-13 -6.153426587718336e-10
13860 37.60089455329762 0.0027151413013232215 9.936326151638308e-5 0.00028398894880010683 7.067124663251434e-13 -6.687747525907506e-10
13870 37.628034063406616 0.0027127856319001118 9.978909852716004e-5 0.00025378102104700595 7.071565555349935e-13 -5.293552974433569e-10
13880 37.655154336674286 0.0027121387204242123 9.979876161405494e-5 0.0003242763622834932 7.078782005009998e-13 -4.1932012636441973e-10
13890 37.68229444484989 0.0027155872815152536 9.947185496372423e-5 0.00026026028996428696 7.081557562571561e-13 -5.117194528357627e-10
13900 37.709454256869364 0.002715785326746188 9.947532942713744e-5 0.0002871249058201686 7.085998454670062e-13 -6.610416513220391e-10
13910 37.7366055211332 0.0027143729758875635 9.986604590570846e-5 0.00027284433259666674 7.088218900719312e-13 -6.305648989068935e-10
13920 37.76373547373182 0.002711981194752528 0.00010018543646877883 0.00029599323252038623 7.097655796428626e-13 -4.660165005352778e-10
13930 37.79085817973444 0.0027133782571013734 9.998489850770732e-5 0.00031652308416629804 7.100431353990189e-13 -4.3204159161662394e-10
13940 37.81801048919843 0.00271613656523717 9.973723975806907e-5 0.0002857271332659117 7.105982469113314e-13 -5.814228520467396e-10
13950 37.845168693349905 0.0027153685429007705 9.991406612268199e-5 0.0002823883708179542 7.112088695748753e-13 -6.752812218322756e-10
13960 37.872312810942184 0.0027133841263672132 0.00010035145386844398 0.0002588133294346706 7.116529587847253e-13 -5.672884833072259e-10
13970 37.89943521678194 0.0027118252468978405 0.00010048388079059467 0.0003209827336366766 7.122080702970379e-13 -4.2679626493653583e-10
13980 37.92656780248685 0.002714906090054275 0.00010016757110453173 0.0002865117307934151 7.127631818093505e-13 -4.775223390647734e-10
13990 37.9537270649853 0.0027160290322368235 0.00010007439894611618 0.00029343839645890046 7.133182933216631e-13 -6.402105395575929e-10
14000 37.98088098158008 0.0027147677094795444 0.00010040352308807375 0.0002835632827271617 7.137623825315131e-13 -6.547611120305595e-10
14010 38.00801616587536 0.002712399404580762 0.00010079517036707707 0.0002766893386246805 7.142619828925945e-13 -4.978998418562117e-10
14020 38.035136643722794 0.00271259389128872 0.00010070956437779028 0.000325231617898436 7.146505609512133e-13 -4.2083424552528065e-10
14030 38.06228240423266 0.0027159659683851727 0.00010039921142757441 0.00027522765584264697 7.152611836147571e-13 -5.440980590307051e-10
14040 38.089442444489144 0.0027155977663102094 0.0001004906713107074 0.00028046462002928596 7.159273174295322e-13 -6.720204024769568e-10
14050 38.11659030267694 0.002713938325099258 0.00010091022235350657 0.0002670375368594158 7.16315895488151e-13 -6.033036567296938e-10
14060 38.14371660090035 0.002711836201871821 0.00010114796556094993 0.00031179776248579927 7.167044735467698e-13 -4.438472616700252e-10
14070 38.170842889579724 0.0027140239699239657 0.00010087751611679243 0.00030714042577972833 7.174261185127762e-13 -4.4963002481199243e-10
14080 38.19799931904766 0.0027162366491558254 0.00010069318849720558 0.00029358586282246524 7.17814696571395e-13 -6.114070464716408e-10
14090 38.225155832141056 0.0027150618218173676 0.0001009428970060992 0.0002877031224822746 7.184253192349388e-13 -6.699042825997724e-10
14100 38.25229588206417 0.002712928684947783 0.00010136601546303858 0.0002560921233488722 7.189804307472514e-13 -5.345152119854389e-10
14110 38.27941682086562 0.002712077225527059 0.00010140214295165846 0.00032738766147866194 7.19535542259564e-13 -4.195044899565209e-10
14120 38.30655490903936 0.0027154588636964703 0.00010107095206442704 0.0002675254082908918 7.200351426206453e-13 -5.06948448497635e-10
14130 38.333715767811974 0.0027158775411696037 0.00010106063657437362 0.00029183545883593176 7.204792318304953e-13 -6.591406283631973e-10
14140 38.36086678432241 0.002714393639233724 0.00010144002978786635 0.00027829077932683965 7.209788321915767e-13 -6.340010617195135e-10
14150 38.387997809681096 0.0027121010934035316 0.0001017702490628418 0.0002971235951668705 7.215339437038892e-13 -4.69709307907018e-10
14160 38.41512010005307 0.0027131358931444566 0.00010159381441674326 0.0003214245267562088 7.219780329137393e-13 -4.3006074222640134e-10
14170 38.44227115004693 0.002716257641079382 0.00010132728226329465 0.00028784204979093175 7.225331444260519e-13 -5.766941871959697e-10
14180 38.469430225206914 0.002715324168596432 0.00010149550931392283 0.0002849077698348079 7.230327447871332e-13 -6.754213664056374e-10
14190 38.496574451467865 0.0027134736236239976 0.00010192581869849112 0.00026353672319401333 7.235323451482145e-13 -5.723176835876684e-10
14200 38.52369796675337 0.0027118851804410005 0.00010207980835160414 0.00032337620408573464 7.239764343580646e-13 -4.281648698784002e-10
14210 38.550828743950376 0.002714658722600389 0.00010177037613063458 0.00029305498835097143 7.244760347191459e-13 -4.734904378300708e-10
14220 38.57798840696019 0.002716177652096824 0.00010165987372481404 0.0002971381464510481 7.250866573826897e-13 -6.371404411009696e-10
14230 38.60514243332513 0.002714749517161694 0.00010197816878461292 0.0002880257699886535 7.255862577437711e-13 -6.570467971783733e-10
14240 38.6322782484865 0.002712525509867628 0.00010237201148824157 0.000277121868206609 7.261413692560836e-13 -5.025983084577801e-10
14250 38.65939920966232 0.0027124406061297137 0.00010231371449918933 0.0003291517422424617 7.266964807683962e-13 -4.19932505435483e-10
14260 38.6865429749822 0.0027159576665691837 0.00010199205636401553 0.0002767171551293357 7.269185253733212e-13 -5.391192748303852e-10
14270 38.71370403526302 0.0027156275161869378 0.00010207272047983583 0.00028582245706565423 7.274736368856338e-13 -6.711144205466535e-10
14280 38.74085184256304 0.00271396278653584 0.00010248581910270837 0.00027070209971846726 7.278067037930214e-13 -6.07622085892906e-10
14290 38.767979232929974 0.002711978037499679 0.00010274015218078141 0.00031361189423972924 7.286393710614902e-13 -4.465437169608611e-10
14300 38.79510443246912 0.0027137339745264746 0.00010248800441318146 0.0003127278154408941 7.29027949120109e-13 -4.465680821007581e-10
14310 38.82226024796917 0.002716370079073479 0.00010228393496062164 0.000296391357567094 7.294165271787278e-13 -6.072959467731264e-10
14320 38.84941738980602 0.0027150514844399174 0.00010252380207475597 0.0002909988149065734 7.298606163885779e-13 -6.71109958986104e-10
14330 38.87655759830978 0.002713018295163212 0.00010294267750992049 0.0002584589617827815 7.30748794808278e-13 -5.396311785294669e-10
14340 38.90367961429909 0.002712046242838641 0.00010300415002767148 0.00033052534881594653 7.311373728668968e-13 -4.197743458462528e-10
14350 38.930815574724505 0.002715307993950339 0.00010267349296212802 0.00027461494861624747 7.315814620767469e-13 -5.022378907506598e-10
14360 38.95797706780521 0.002715986140786314 0.00010264593749359772 0.00029623384755295135 7.323586181939845e-13 -6.570941821187829e-10
14370 38.98512825174179 0.0027143669182075683 0.00010301529373991769 0.00028365291221654765 7.325806627989095e-13 -6.373230755113817e-10
14380 39.012260039204286 0.002712271747082186 0.00010335358876779729 0.00029831923366629987 7.330247520087596e-13 -4.736338396331571e-10
14390 39.03938215603742 0.0027128997433782495 0.000103203579190418 0.0003260269499395507 7.338574192772285e-13 -4.2809790889112654e-10
14400 39.06653167219224 0.0027162914004830547 0.00010291928913306244 0.00028995939828346806 7.343015084870785e-13 -5.718604929706228e-10
14410 39.09369176082954 0.0027153748148673568 0.00010307753136534776 0.00028709904464430114 7.348566199993911e-13 -6.755585109774267e-10
14420 39.12083586686706 0.002713503579191426 0.00010350066172039699 0.00026794533942187115 7.352451980580099e-13 -5.772485704387774e-10
14430 39.14796065568427 0.0027119559322124256 0.000103673726016915 0.00032591470476162065 7.358558207215538e-13 -4.2970925536954237e-10
14440 39.17508982020876 0.002714426211792894 0.0001033761153169632 0.0002993332276127747 7.362999099314038e-13 -4.694977632241511e-10
14450 39.202249260116474 0.0027163133236433427 0.0001032454484391987 0.0003006080916017062 7.367995102924851e-13 -6.339422283898667e-10
14460 39.22940397987544 0.0027147089373467177 0.00010355406671947102 0.0002923318184370194 7.374656441072602e-13 -6.59253319117278e-10
14470 39.25654009915193 0.002712681073311141 0.00010394801275158152 0.00027749222818307384 7.376876887121853e-13 -5.074127516812091e-10
14480 39.283661654767656 0.002712316946509191 0.00010391691970949143 0.000332914489203362 7.384093336781916e-13 -4.1913114190265943e-10
14490 39.31080348783677 0.002715849667013924 0.0001035878748849842 0.0002783007702629181 7.389644451905042e-13 -5.340225566440038e-10
14500 39.337965474206044 0.002715768087165765 0.00010365302012847921 0.0002909972376468062 7.394640455515855e-13 -6.701845883805291e-10
14510 39.3651132255196 0.002713930912335605 0.00010405733989438057 0.0002749940277804175 7.399081347614356e-13 -6.118575420627215e-10
14520 39.392241721822614 0.0027121053249725235 0.00010432546109176651 0.0003155923759815549 7.405187574249794e-13 -4.4939466210813794e-10
14530 39.4193661777406 0.0027135166485455996 0.00010409860952435866 0.0003180606340207337 7.409628466348295e-13 -4.436170632227121e-10
14540 39.44652078076593 0.0027164425129808357 0.00010387586045877958 0.00029910226857410294 7.414624469959108e-13 -6.030157571196293e-10
14550 39.47367913722153 0.002715051325204966 0.000104105594387979 0.0002941783356101846 7.419620473569921e-13 -6.722189523772348e-10
14560 39.50081924328194 0.0027131258589163103 0.00010451948579574217 0.0002610895192570739 7.424061365668422e-13 -5.448258986703088e-10
14570 39.52794226216902 0.0027120356155446662 0.00010460424419170436 0.0003336468726714559 7.429057369279235e-13 -4.2016082453522063e-10
14580 39.55507653225752 0.0027150875170099216 0.00010427967810236396 0.00028152654014479417 7.435163595914673e-13 -4.974750732883448e-10
14590 39.582238266201955 0.002716184265011035 0.00010423136694115111 0.0003004947642777367 7.440159599525487e-13 -6.550257419801753e-10
14600 39.60938980005076 0.0027142961218760615 0.00010459178984764355 0.00028869346125237616 7.446265826160925e-13 -6.405084691796237e-10
14610 39.63652226817057 0.0027124081344874216 0.00010493585274665046 0.0002996004155449983 7.450151606747113e-13 -4.777098872726926e-10
14620 39.66364449041499 0.0027127708931801537 0.00010481359098826653 0.00033047947653919163 7.455702721870239e-13 -4.262872537602602e-10
14630 39.69079211201515 0.002716228770631821 0.00010451411360133726 0.00029209359103876675 7.457923167919489e-13 -5.667978044375521e-10
14640 39.71795353844532 0.002715456858772461 0.00010466006205384513 0.0002893268820993722 7.461253836993365e-13 -6.756749185762162e-10
14650 39.745097397744686 0.0027135435565153127 0.00010507642894238974 0.00027249991619038294 7.470135621190366e-13 -5.821829152661065e-10
14660 39.77222319456561 0.0027120224280877334 0.00010526556645109586 0.00032850589073907255 7.476241847825804e-13 -4.313713496107395e-10
14670 39.799351375718864 0.002714173804205735 0.00010498485711854763 0.0003054053487362429 7.480682739924305e-13 -4.656014220344646e-10
14680 39.82651002624552 0.0027164840235842304 0.00010483209746737394 0.0003040596362918757 7.485678743535118e-13 -6.305854476415908e-10
14690 39.85366563844957 0.0027146500779844382 0.00010513117800220402 0.0002963150162700323 7.489009412608993e-13 -6.613310934220875e-10
14700 39.88080196673737 0.0027127849049515553 0.00010552390021604406 0.00027780460996851275 7.496225862269057e-13 -5.123904454502695e-10
14710 39.907924213703595 0.002712301406499558 0.00010551873207281823 0.00033666574635438096 7.500111642855245e-13 -4.1842279584454234e-10
14720 39.935064059281245 0.0027156482226122465 0.0001051876702053996 0.00027992540785870546 7.503997423441433e-13 -5.288105199376817e-10
14730 39.96222692162735 0.0027159273378533524 0.0001052336911977466 0.0002959308098101632 7.508438315539934e-13 -6.692515676800542e-10
14740 39.98937468426139 0.002713918435699273 0.00010563017053827105 0.00028014851176250133 7.513434319150747e-13 -6.159520055110743e-10
14750 40.01650388339017 0.0027122050407000914 0.00010590827844468569 0.00031759250233764913 7.51843032276156e-13 -4.5245923342878926e-10
14760 40.043628236787185 0.002713318332517813 0.00010570749138579091 0.00032326148967143364 7.522871214860061e-13 -4.407931112803115e-10
14770 40.07078114342398 0.0027165039682800376 0.000105465317911654 0.00030192129323713957 7.528977441495499e-13 -5.984470651638163e-10
14780 40.097940731520275 0.0027150606194502637 0.00010568644511784325 0.0002971583122379773 7.536193891155563e-13 -6.733534554647884e-10
14790 40.125080806196266 0.0027131725291795173 0.00010609698841734645 0.0002660106469357659 7.542300117791001e-13 -5.500566159663095e-10
14800 40.15220473300566 0.002712119773991028 0.00010620214879247043 0.0003368544825185227 7.542855229303314e-13 -4.206347923443941e-10
14810 40.17933750520246 0.0027148085879113806 0.00010588940194588184 0.00028812838557246145 7.548961455938752e-13 -4.92814095355386e-10
14820 40.20649921149774 0.0027163611633872287 0.0001058178375772359 0.00030461129054693004 7.55506768257419e-13 -6.527509062242108e-10
14830 40.2336513076678 0.0027142800393116008 0.0001061696230948245 0.0002933285614330483 7.560063686185003e-13 -6.435561152181527e-10
14840 40.2607840535613 0.002712494485555045 0.0001065174964083793 0.00030078240518671695 7.565614801308129e-13 -4.820816106336154e-10
14850 40.28790693458735 0.0027126796440843817 0.00010642274513986588 0.0003349351301292769 7.570610804918942e-13 -4.2448697204836017e-10
14860 40.31505244059561 0.0027161489742918246 0.00010611248699719518 0.00029440278275627563 7.575051697017443e-13 -5.615691349436513e-10
14870 40.34221495193095 0.002715552806114292 0.00010624322412526447 0.00029154247977714043 7.580602812140569e-13 -6.758697481887288e-10
14880 40.369358937098454 0.002713536159663448 0.00010665335067483037 0.0002766269098226637 7.586153927263695e-13 -5.86927234244583e-10
14890 40.3964854761686 0.0027121648134513254 0.00010685541553596875 0.00033119189997943277 7.591149930874508e-13 -4.332816171820353e-10
14900 40.42361299226018 0.002713901300599095 0.00010659553478369539 0.00031119445607263874 7.596145934485321e-13 -4.6185463092873746e-10
14910 40.45077061847753 0.0027165947832829326 0.00010642063945430518 0.00030749993524470387 7.602807272633072e-13 -6.268221757615988e-10
14920 40.47792729196958 0.002714685114859217 0.0001067094819573207 0.00029993954371487774 7.605582830194635e-13 -6.634770849042737e-10
14930 40.50506358987377 0.0027128182179512405 0.00010710008727401869 0.00027786082204983575 7.611689056830073e-13 -5.175267213473195e-10
14940 40.53218689200033 0.0027123242429587953 0.00010711827776868323 0.0003405498441517718 7.618905506490137e-13 -4.176932888108609e-10
14950 40.55932479534282 0.0027154540596580163 0.00010679105432421617 0.0002816979025231925 7.621125952539387e-13 -5.236991413443137e-10
14960 40.58648806398203 0.0027160715733782577 0.00010681506880518361 0.00030062809803221846 7.627787290687138e-13 -6.681666608887582e-10
14970 40.61363642934253 0.0027138915736954795 0.00010720437114200687 0.0002855761965235848 7.633338405810264e-13 -6.198182210537251e-10
14980 40.64076594619159 0.0027123486158263316 0.0001074899222757972 0.0003195972334999464 7.636669074884139e-13 -4.55922673746334e-10
14990 40.66789047575171 0.002713124290065054 0.00010731596137578672 0.0003282868538988515 7.64110996698264e-13 -4.379781988472775e-10
15000 40.69504164206128 0.0027164894585472894 0.00010705684447790164 0.0003048368489888542 7.646661082105766e-13 -5.935682570457068e-10
15010 40.72220239169911 0.002715175959917467 0.00010726499535010934 0.0002999165825255945 7.653877531765829e-13 -6.746584248294024e-10
15020 40.74934243024055 0.0027131432820057706 0.00010767205946305293 0.00027062708971736793 7.65831842386433e-13 -5.551686104647395e-10
15030 40.77646735048461 0.0027122239407829886 0.00010779577707921798 0.00034025973415441335 7.66275931596283e-13 -4.212705601838642e-10
15040 40.80359883218767 0.0027145706470523465 0.0001075011286299152 0.00029449175383788884 7.667755319573644e-13 -4.883386454883191e-10
15050 40.83075996077668 0.0027164799886463978 0.00010740534969104732 0.0003085969169527303 7.674416657721395e-13 -6.500679965063905e-10
15060 40.8579131936613 0.0027142827396151826 0.00010774864437394221 0.00029785837274554083 7.680522884356833e-13 -6.465845543424516e-10
15070 40.88504583774215 0.002712590707590925 0.00010809880588675638 0.0003018076539004211 7.682188218893771e-13 -4.86750183157153e-10
15080 40.91216945118129 0.002712600871092281 0.00010802982668588353 0.00033935409579577414 7.689959780066147e-13 -4.226386725042837e-10
15090 40.939313052432254 0.0027160018743633938 0.0001077139829690709 0.00029684094979565145 7.69495578367696e-13 -5.563035565325713e-10
15100 40.96647629206043 0.0027157347857828446 0.00010782664150172721 0.0002936884922501992 7.698841564263148e-13 -6.760269656746247e-10
15110 40.99362057457866 0.0027134698058797475 0.00010823136072166436 0.00028058071072256663 7.704947790898586e-13 -5.914600661003065e-10
15120 41.02074772438228 0.002712293528561292 0.00010844360281339201 0.00033403908249474146 7.710498906021712e-13 -4.3554903724970085e-10
15130 41.04787481878042 0.0027137059787005428 0.00010820676939845487 0.00031680494059560527 7.7143846866079e-13 -4.5816966976329054e-10
15140 41.075030967052854 0.002716615662186223 0.0001080111214675566 0.00031092327768167394 7.721046024755651e-13 -6.226848942081993e-10
15150 41.102189079575275 0.0027147549656451526 0.00010828878945793181 0.0003035495454064563 7.724376693829527e-13 -6.657392790191846e-10
15160 41.12932511941593 0.002712850191777133 0.00010867688378886916 0.0002775900412109733 7.72937269744034e-13 -5.226888807977623e-10
15170 41.156449287783275 0.0027123490455372885 0.00010871529354326019 0.0003445036671021473 7.737144258612716e-13 -4.1708170959893893e-10
15180 41.183585738903666 0.0027152228095752608 0.00010839738271360622 0.0002835306377935165 7.740474927686591e-13 -5.186691902623372e-10
15190 41.210748877286555 0.0027162674358339406 0.00010839712375717722 0.0003052814434787443 7.745470931297405e-13 -6.667743921286249e-10
15200 41.23789807242831 0.002713833211308734 0.00010877991254807839 0.00029081934655017516 7.75102204642053e-13 -6.236392811670086e-10
15210 41.26502777470428 0.002712448947981889 0.00010907102170743477 0.00032163018148279043 7.754907827006718e-13 -4.5969946003022316e-10
15220 41.292152626625565 0.002713037364661792 0.00010892335756292958 0.0003332528516636346 7.760458942129844e-13 -4.3516214113040186e-10
15230 41.31930186898596 0.0027163737848525625 0.00010865127249132548 0.00030780166752830684 7.76601005725297e-13 -5.885411537460972e-10
15240 41.34646391263697 0.00271532336773139 0.00010884425152927327 0.0003028033861052215 7.771006060863783e-13 -6.759254744456711e-10
15250 41.37360389424827 0.002713131481607995 0.0001092479348133947 0.00027556047294474695 7.776557175986909e-13 -5.601777167130173e-10
15260 41.400729456432956 0.0027123013132254116 0.00010938504489623611 0.00034375217966831073 7.78099806808541e-13 -4.2222502057154276e-10
15270 41.427860338318254 0.002714342724336145 0.0001091090496953313 0.00030073373693073613 7.785994071696223e-13 -4.83875899418007e-10
15280 41.45502033903117 0.002716615662848819 0.00010899214406466733 0.00031265070654185045 7.792100298331661e-13 -6.470495632349138e-10
15290 41.48217486673301 0.002714274397237595 0.00010932873853364234 0.0003022115373657597 7.795430967405537e-13 -6.496987834878065e-10
15300 41.50930746359233 0.0027126382900632 0.00010968039947255912 0.0003026861979740225 7.801537194040975e-13 -4.915090019014245e-10
15310 41.536431745181865 0.0027126337119401348 0.00010963474179062427 0.0003438348211427522 7.806533197651788e-13 -4.2091621941381385e-10
15320 41.56357360223437 0.0027157660009571464 0.00010931892308632488 0.0002993004374700625 7.812084312774914e-13 -5.510163228472642e-10
15330 41.59073747069044 0.0027159310565127628 0.00010941051071265119 0.00029752954535045006 7.81763542789804e-13 -6.759085201257786e-10
15340 41.61788216105265 0.002713449939530852 0.0001098107223749346 0.0002850108359363501 7.820410985459603e-13 -5.959860365639669e-10
15350 41.64500957452065 0.0027123621084149006 0.00011003077352617278 0.00033688259716146973 7.824296766045791e-13 -4.3814597349561835e-10
15360 41.6721369130924 0.002713564362507596 0.00010981811835306048 0.0003223939616546767 7.833178550242792e-13 -4.544629429725777e-10
15370 41.69929117873004 0.0027166246414346245 0.00010960454118743585 0.0003145101270303208 7.836509219316667e-13 -6.183557806418993e-10
15380 41.72645069798826 0.0027148201423941804 0.00010986907451906068 0.0003071178867700697 7.841505222927481e-13 -6.679888775364823e-10
15390 41.753586753113524 0.002712851137531317 0.00011025490647762192 0.0002770314505935456 7.846501226538294e-13 -5.278003131119549e-10
15400 41.78071149446026 0.002712455659733761 0.00011031022492088501 0.00034857445675329224 7.852607453173732e-13 -4.1676437280912474e-10
15410 41.80784688520302 0.0027149371832794764 0.00011000660802061425 0.00028525469612117327 7.858713679809171e-13 -5.136147984038096e-10
15420 41.83500963341187 0.002716445198049261 0.00010998076174893753 0.0003099108699078368 7.862599460395359e-13 -6.650350052043368e-10
15430 41.86215976359984 0.002713842964031466 0.00011035702788211482 0.00029570860903860297 7.868150575518484e-13 -6.27546774479723e-10
15440 41.88928942491658 0.0027124698824193003 0.0001106522727334193 0.00032349669761488897 7.870926133080047e-13 -4.636641005823522e-10
15450 41.91641501372955 0.002713016491288604 0.00011052936804075233 0.00033833317769060844 7.877032359715486e-13 -4.3241368515661583e-10
15460 41.94356218500732 0.0027162378430957497 0.00011024957956245264 0.0003109473310934918 7.883138586350924e-13 -5.834214664662532e-10
15470 41.97072522387328 0.002715456238244624 0.00011042448533592423 0.0003058159333217958 7.888134589961737e-13 -6.770053855852066e-10
15480 41.9978655796168 0.002713111083418764 0.00011082548132419325 0.0002802621147495188 7.892020370547925e-13 -5.651510203198444e-10
15490 42.02499136283375 0.0027124174146463467 0.00011097297216684246 0.0003473079605121887 7.898126597183364e-13 -4.235215179063225e-10
15500 42.05212203415054 0.002714102538711284 0.00011071812548653438 0.00030679553659374026 7.903677712306489e-13 -4.794085279799914e-10
15510 42.079280679346176 0.002716697412211802 0.00011057921901959365 0.00031680257983512927 7.908673715917303e-13 -6.437270517477885e-10
15520 42.106436475874474 0.0027143487506987246 0.00011090570915966785 0.0003062854249615832 7.913669719528116e-13 -6.528514974433534e-10
15530 42.13356897065352 0.002712606842526632 0.00011126001952650727 0.00030323574811441656 7.917555500114304e-13 -4.963439931213617e-10
15540 42.16069403942565 0.0027127092618933757 0.00011123701584193027 0.0003485298814415172 7.922551503725117e-13 -4.193691595415016e-10
15550 42.18783426552155 0.0027155377455281874 0.00011092720896961992 0.00030184844024683244 7.928657730360555e-13 -5.456934908893503e-10
15560 42.21499826197694 0.002716085906440145 0.00011099543365088644 0.00030261439417866853 7.933653733971369e-13 -6.755144093563686e-10
15570 42.24214388250422 0.0027134451311530768 0.00011139156905374671 0.00028940562665080716 7.94031507211912e-13 -6.004986290663282e-10
15580 42.269271154090625 0.0027124420515032876 0.0001116174479954658 0.00033964031982658405 7.945311075729933e-13 -4.41045304986655e-10
15590 42.29639893730238 0.002713433947363303 0.00011142844631170892 0.0003279338299128076 7.949196856316121e-13 -4.5081940459358594e-10
15600 42.323551367648435 0.0027165663428549125 0.0001112014324944785 0.00031826446191673963 7.954192859926934e-13 -6.137585335797002e-10
15610 42.35071204702196 0.0027149743064427117 0.00011145029948738655 0.0003105518080253056 7.958078640513122e-13 -6.701936436370737e-10
15620 42.37784825649598 0.0027127854134043413 0.00011183445665449338 0.00027907383007441666 7.96418486714856e-13 -5.329352167904311e-10
15630 42.40497351585788 0.0027125700945630155 0.00011190321495389078 0.00035286206435447554 7.969180870759374e-13 -4.1667655090171785e-10
15640 42.4321080828655 0.0027147116322538477 0.00011161751331305023 0.0002868935988101784 7.973066651345562e-13 -5.086233621776071e-10
15650 42.45926995787258 0.0027165430465236045 0.00011156655987736617 0.00031450066774596497 7.979727989493313e-13 -6.629580443645589e-10
15660 42.48642152204657 0.0027138918745396494 0.00011193563346809966 0.0003005448957068557 7.984168881591813e-13 -6.314131622067731e-10
15670 42.513550850743876 0.0027124951704198333 0.00011223412572691786 0.00032509434186522856 7.990830219739564e-13 -4.678873451874344e-10
15680 42.540677142667974 0.0027129975404376686 0.00011213308809893905 0.00034349292743884874 7.994716000325752e-13 -4.2976463533739295e-10
15690 42.56782265388051 0.0027160607330751698 0.00011185133084421086 0.0003142273144079999 8.000267115448878e-13 -5.781277435945587e-10
15700 42.594986204690734 0.0027156613329001765 0.00011200571805167825 0.0003088292671526993 8.005263119059691e-13 -6.779751204888385e-10
15710 42.62212722838951 0.0027130406592848553 0.00011240466521033769 0.00028479754102039845 8.009704011158192e-13 -5.700771035788144e-10
15720 42.6492531362839 0.0027125160783053187 0.00011256003968733631 0.00035097498710856545 8.014700014769005e-13 -4.250970842695212e-10
15730 42.676383755199296 0.002713960760808681 0.00011232693270193483 0.00031276484324205267 8.020806241404443e-13 -4.750801111015612e-10
15740 42.703540811640636 0.002716669697131836 0.000112169187509402 0.0003210063491217996 8.024136910478319e-13 -6.400080669426156e-10
15750 42.730698170211184 0.0027144775428104384 0.00011248379016181597 0.00031041832423761573 8.031353360138382e-13 -6.559674177539915e-10
15760 42.757830421668906 0.0027125829636780456 0.00011283808932989714 0.00030336850406254 8.034684029212258e-13 -5.013516974619256e-10
15770 42.784956059471604 0.002712756776631218 0.00011283071640507048 0.00035335948854187116 8.040790255847696e-13 -4.1794976762257394e-10
15780 42.812095284943986 0.0027153196064488095 0.0001125349266748915 0.00030439996377684686 8.046896482483135e-13 -5.403783940837446e-10
15790 42.83925879804877 0.002716269339007175 0.00011258125312708579 0.0003077406720543019 8.053002709118573e-13 -6.748752449622138e-10
15800 42.866405650449046 0.0027134100836086797 0.00011297364482941823 0.0002937294579246075 8.055223155167823e-13 -6.049168713284834e-10
15810 42.893532729286754 0.0027124928431929364 0.0001132042460539918 0.0003423378179591152 8.060219158778636e-13 -4.4426449547010136e-10
15820 42.92066090321316 0.0027134050124384148 0.00011303677377718429 0.0003335069375688393 8.067990719951013e-13 -4.4728922098759394e-10
15830 42.94781159850044 0.0027164009382143668 0.00011280124481282662 0.00032207860067545724 8.074096946586451e-13 -6.088513933216924e-10
15840 42.97497340559552 0.0027151729043790917 0.0001130324203288593 0.0003141866754772238 8.077982727172639e-13 -6.723502762705669e-10
15850 43.00210976877755 0.0027127390357661266 0.00011341561840724693 0.0002820697936181116 8.082978730783452e-13 -5.380924608071131e-10
15860 43.029235231967796 0.00271262649026262 0.00011349472267931435 0.00035723299481982274 8.087974734394265e-13 -4.1682416376164823e-10
15870 43.05636959641817 0.0027145406863050905 0.00011322903206562837 0.00029316475333673875 8.091860514980453e-13 -5.037504154597597e-10
15880 43.083530064410105 0.002716625019645355 0.00011315458100840557 0.00031923431670966007 8.096856518591267e-13 -6.604809294695303e-10
15890 43.11068318344731 0.0027139278399193646 0.00011351552519929386 0.0003053434520913223 8.102407633714392e-13 -6.352462363747061e-10
15900 43.13781227012618 0.0027124915783076483 0.00011381721083825263 0.000326458997652046 8.106848525812893e-13 -4.723532218716142e-10
15910 43.164938988570945 0.002713057227950728 0.00011373450656933496 0.00034876972000086326 8.111844529423706e-13 -4.272130121824112e-10
15920 43.19208319322468 0.0027158098258900512 0.00011345595680534285 0.00031747305571816486 8.117395644546832e-13 -5.727585097826601e-10
15930 43.2192469871673 0.0027158754547689065 0.00011358814097384796 0.0003121167750380627 8.122946759669958e-13 -6.787336520998419e-10
15940 43.2463887514981 0.0027130140818854972 0.00011398547741307434 0.0002899217721380465 8.127387651768458e-13 -5.749396809876829e-10
15950 43.273514504804304 0.0027125360624280378 0.00011414709470283186 0.0003545849644143173 8.133493878403897e-13 -4.270331086355175e-10
15960 43.30064553482065 0.0027138926310676646 0.00011393512248490984 0.0003188292879542365 8.13848988201471e-13 -4.708172081369089e-10
15970 43.32780072069916 0.0027166122180607203 0.00011376225752866507 0.0003253978032001781 8.142930774113211e-13 -6.359291522192723e-10
15980 43.35495949113307 0.002714593532606489 0.00011406318225240149 0.00031466914933586665 8.148481889236336e-13 -6.590968604225367e-10
15990 43.3820918163556 0.0027125471342984864 0.00011441817212763379 0.0003031533427408917 8.15347789284715e-13 -5.064011449756878e-10
16000 43.4092176016154 0.0027128531279098853 0.00011442300083229427 0.0003582967431475792 8.15791878494565e-13 -4.1675731789203585e-10
16010 43.436356279036765 0.002715069537189419 0.00011414264469533316 0.0003067510578481647 8.163469900068776e-13 -5.351435735517773e-10
16020 43.46351904524281 0.0027164242962321693 0.0001141633722667852 0.0003129661525993477 8.169021015191902e-13 -6.737929467842685e-10
16030 43.49066714468785 0.0027134470113858848 0.00011455384592044624 0.0002986681269032676 8.17290679577809e-13 -6.093563778564182e-10
16040 43.517793935377064 0.0027124559974168972 0.00011479157686474279 0.0003448014861777704 8.179568133925841e-13 -4.4780737798455483e-10
16050 43.54492274491118 0.002713444676605274 0.00011464327523277164 0.00033928752117728944 8.184009026024341e-13 -4.437706330878699e-10
16060 43.57207170471575 0.0027162277714603174 0.00011440440864783656 0.00032602896113065327 8.189005029635155e-13 -6.038345188447147e-10
16070 43.59923428695234 0.0027153363387312727 0.00011461570282545441 0.0003180696020248508 8.195111256270593e-13 -6.743615214854781e-10
16080 43.62637130822717 0.0027127136622906024 0.00011499864878928588 0.0002849077624295093 8.201772594418344e-13 -5.431536193034603e-10
16090 43.653496518026316 0.0027127015924805955 0.00011508577483432653 0.0003616005866330374 8.203993040467594e-13 -4.1738559310167123e-10
16100 43.680631064099266 0.0027143662667565988 0.00011484090961611772 0.00029958045780820175 8.20954415559072e-13 -4.989135545668821e-10
16110 43.707790068619104 0.00271666279843824 0.0001147455964403599 0.0003241512474227992 8.216205493738471e-13 -6.575369766899375e-10
16120 43.734944565336406 0.002714046726267036 0.00011509683945606243 0.00030997151763179076 8.220091274324659e-13 -6.391983392237122e-10
16130 43.76207356706975 0.0027124071452825343 0.00011540208676786011 0.00032744315239452426 8.223977054910847e-13 -4.769277735868112e-10
16140 43.78920072253849 0.0027131623668988497 0.0001153340897123237 0.0003542960690076091 8.230083281546285e-13 -4.2479080370166466e-10
16150 43.81634378898851 0.002715588788415106 0.00011506355074862457 0.0003207134838520975 8.235079285157099e-13 -5.674783247816757e-10
16160 43.843507427439484 0.002716019116633326 0.00011517231316881541 0.00031568233822143466 8.240630400280224e-13 -6.790691640804871e-10
16170 43.870650440915014 0.002713039968254046 0.00011556806730424066 0.00029519680725786923 8.2439610693541e-13 -5.797731046253439e-10
16180 43.89777565919386 0.0027125490901002084 0.00011573498608640361 0.0003580125292398373 8.250067295989538e-13 -4.29406326975391e-10
16190 43.92490726482028 0.0027138267318387436 0.00011554234367147958 0.00032496839607976113 8.255618411112664e-13 -4.665134556429051e-10
16200 43.952060795384796 0.0027165215834830006 0.00011535915041148488 0.00032997992838590395 8.26116952623579e-13 -6.316084293841267e-10
16210 43.979220561419424 0.0027147756553013392 0.00011564404992502334 0.0003188812342974634 8.266165529846603e-13 -6.622255747110626e-10
16220 44.00635329624677 0.002712451390257144 0.00011600051568891373 0.00030249492140499434 8.268941087408166e-13 -5.11377587602331e-10
16230 44.03347906787678 0.002712958752220171 0.00011601453209378238 0.0003634239422584118 8.275047314043604e-13 -4.159043917807516e-10
16240 44.06061736138152 0.002714883532604402 0.00011575193152240641 0.00030890602861100014 8.281153540679043e-13 -5.299911627911985e-10
16250 44.08777910046225 0.002716480273684758 0.00011574858251181745 0.00031823253627394354 8.285594432777543e-13 -6.72189189085433e-10
16260 44.11492876995102 0.0027135492856272484 0.00011613321674024037 0.00030376564696887876 8.290590436388356e-13 -6.138866143040985e-10
16270 44.1420550514055 0.0027124047128222694 0.00011637583390708954 0.00034689878822646847 8.29780688604842e-13 -4.516081025473578e-10
16280 44.16918438180823 0.0027134693789560797 0.00011624523320099505 0.0003452312436554861 8.301137555122295e-13 -4.4029457424077574e-10
16290 44.1963320588451 0.002716052546319426 0.00011601027683624765 0.0003300814984450451 8.307798893270046e-13 -5.987932991176228e-10
16300 44.22349484000451 0.00271553200744782 0.00011620035834965028 0.0003219871294916077 8.31279489688086e-13 -6.761002507090115e-10
16310 44.250632880167764 0.0027126531848372395 0.00011658352256972253 0.00028935238633664984 8.318346012003985e-13 -5.481601280201732e-10
16320 44.27775767333695 0.0027127556407695918 0.00011667705981203199 0.00036600537147335466 8.322786904102486e-13 -4.183670725393246e-10
16330 44.3048924084118 0.002714278233194547 0.0001164518820227131 0.00030599589824142903 8.327227796200987e-13 -4.940902062489094e-10
16340 44.33204992398326 0.0027165934560168053 0.00011633990930493534 0.00032915318963100404 8.3322237998118e-13 -6.542202500223193e-10
16350 44.35920586617762 0.002714223806745461 0.00011667954113295873 0.0003147269709619094 8.3366646919103e-13 -6.431756819844092e-10
16360 44.386334731549596 0.002712325676299293 0.00011698886576012201 0.000327940216865108 8.342215807033426e-13 -4.815720374556909e-10
16370 44.41346202985967 0.0027132194589227984 0.00011693190920623048 0.0003599853788643914 8.347211810644239e-13 -4.226024460929345e-10
16380 44.440604545483964 0.0027154093044770788 0.00011667301303268647 0.00032389011406708246 8.353318037279678e-13 -5.622224231310868e-10
16390 44.46776745333541 0.0027161613128013416 0.00011675840718815638 0.0003192443564263847 8.357203817865866e-13 -6.789790413935792e-10
16400 44.49491197122096 0.002713046660057765 0.00011715222385283572 0.00030033705821352896 8.362754932988992e-13 -5.846498821095863e-10
16410 44.52203666227722 0.002712535936747072 0.00011732422317042252 0.0003612830450304694 8.367750936599805e-13 -4.3209040425512546e-10
16420 44.54916861653206 0.0027138462030140247 0.00011714759521287551 0.000331211315348634 8.373302051722931e-13 -4.622732908271532e-10
16430 44.57632078270457 0.002716339164929852 0.00011695937062245797 0.00033460222225445424 8.378298055333744e-13 -6.271064691837358e-10
16440 44.60348139771667 0.0027149960778918942 0.00011722632359740884 0.0003233152685960805 8.38384917045687e-13 -6.651578125099755e-10
16450 44.63061458792839 0.0027123870487316217 0.0001175849893610043 0.00030132946753447243 8.389400285579995e-13 -5.163894988696738e-10
16460 44.657740073004206 0.002712983571997542 0.00011760581090185267 0.0003686080139150283 8.393841177678496e-13 -4.1539932691542214e-10
16470 44.6848785240336 0.0027147792808164123 0.000117361200091697 0.00031081256550913317 8.398282069776997e-13 -5.248441989173791e-10
16480 44.71203882595698 0.0027165101807163075 0.0001173368365097328 0.0003236794193440806 8.40549851943706e-13 -6.702146242501539e-10
16490 44.7391901329377 0.002713633780285385 0.00011771419558697094 0.00030863505429745697 8.412159857584811e-13 -6.184312091291402e-10
16500 44.766316137165546 0.002712349234848624 0.00011796220980824793 0.00034867851605324685 8.414935415146374e-13 -4.555644124741229e-10
16510 44.79344555818749 0.0027135495505375513 0.00011784386881225629 0.00035131650668873693 8.421596753294125e-13 -4.3702341352420786e-10
16520 44.82059247143638 0.0027158203524654794 0.00011761415013915137 0.0003340353720608924 8.428258091441876e-13 -5.936665024660237e-10
16530 44.8477551889581 0.002715737952504284 0.00011778422733932164 0.00032613645254386814 8.428813202954188e-13 -6.774749728606169e-10
16540 44.87489427057377 0.002712644655146316 0.00011816963905416961 0.00029364772413231766 8.436584764126565e-13 -5.532461715886099e-10
16550 44.90201855091991 0.0027127143624827545 0.00011826924224281914 0.0003702886848843123 8.443801213786628e-13 -4.196683195074053e-10
16560 44.929153778358135 0.0027142857708881024 0.0001180612325053547 0.0003125993893848822 8.447686994372816e-13 -4.893128478338687e-10
16570 44.956309656083846 0.0027164929750005105 0.00011793714394670359 0.0003343293459376895 8.450462551934379e-13 -6.506599110704463e-10
16580 44.98346688617604 0.0027143718840961523 0.00011826346256021942 0.0003197184285610444 8.457679001594443e-13 -6.470118782200747e-10
16590 45.010595997398504 0.0027122713946061304 0.00011857776450129652 0.00032804934000141284 8.462675005205256e-13 -4.86295169177609e-10
16600 45.03772292931038 0.0027132881238296114 0.00011852878257732365 0.00036574877364126124 8.468781231840694e-13 -4.207314630845891e-10
16610 45.064865414385544 0.0027152130428030343 0.0001182833426431179 0.00032677858351959355 8.471556789402257e-13 -5.569333152182868e-10
16620 45.092027367870685 0.0027162848365673547 0.00011834668435022483 0.00032291920501337223 8.477107904525383e-13 -6.784926859386222e-10
16630 45.11917327482865 0.0027131128941486134 0.00011873778661386368 0.0003060391280488295 8.481548796623883e-13 -5.895910064003722e-10
16640 45.14629755925224 0.002712436595567912 0.00011891539090773786 0.0003642532720319336 8.487099911747009e-13 -4.350048096512176e-10
16650 45.173429865341674 0.002713938314627321 0.00011875112931925272 0.0003377200508249967 8.49154080384551e-13 -4.5815924180226807e-10
16660 45.20058075369143 0.0027161476005053446 0.00011856246979277301 0.00033929245702502 8.497091918968636e-13 -6.224748305442228e-10
16670 45.22774188827393 0.0027151639519297863 0.00011881010184852317 0.00032806745565183704 8.503198145604074e-13 -6.67801444649346e-10
16680 45.25487595711615 0.002712375001162149 0.00011917163932928495 0.00029980331363754775 8.508194149214887e-13 -5.214517441432497e-10
16690 45.282000713472264 0.002712988981720868 0.00011919793415591738 0.0003737040927926927 8.512635041313388e-13 -4.1525677926639026e-10
16700 45.30913962610673 0.002714681002885618 0.00011897013889491835 0.00031226573205145325 8.518741267948826e-13 -5.197174834589702e-10
16710 45.3362984894761 0.002716509086781145 0.00011892835373753512 0.00032936103532643646 8.523737271559639e-13 -6.678792623115992e-10
16720 45.36345111568342 0.002713774720851018 0.00011929673259404118 0.0003138948649672457 8.528733275170453e-13 -6.229599483834058e-10
16730 45.39057714631293 0.0027122287146961717 0.0001195511338871787 0.00035004753135814415 8.533174167268953e-13 -4.5965957255755807e-10
16740 45.41770647263554 0.002713659951588371 0.00011944171568240621 0.0003576520887283996 8.538170170879766e-13 -4.3395659808653786e-10
16750 45.44485279896303 0.002715622016904336 0.00011922027804543955 0.00033787329147161316 8.542611062978267e-13 -5.885328786814359e-10
16760 45.47201513247049 0.002715861102672471 0.0001193688899758267 0.0003305694006240367 8.548162178101393e-13 -6.784561723191529e-10
16770 45.49915561687645 0.0027127051224210275 0.00011975510086065798 0.0002987504926034168 8.552603070199893e-13 -5.583502324499248e-10
16780 45.526279103418894 0.002712648373433341 0.00011986103156421826 0.0003742863533735541 8.559264408347644e-13 -4.2133341520561585e-10
16790 45.55341484494799 0.0027142900714044907 0.0001196686034277174 0.0003193850749181326 8.563705300446145e-13 -4.845806481773574e-10
16800 45.58056939667567 0.002716382095909121 0.00011953762736826605 0.0003396903636972981 8.569811527081583e-13 -6.468382687113694e-10
16810 45.60772740999356 0.002714560043023047 0.00011984881907180977 0.00032474486439060257 8.573142196155459e-13 -6.507403088606978e-10
16820 45.63485718638547 0.0027121751691201084 0.00012016900376828022 0.0003277365594224202 8.580358645815522e-13 -4.910555347764634e-10
16830 45.66198355399368 0.0027133549498131026 0.00012012580116712794 0.00037163941789786215 8.585909760938648e-13 -4.1915694439648155e-10
16840 45.68912608348997 0.002715087811550455 0.00011989438477724129 0.0003293559888564168 8.590350653037149e-13 -5.517324591988726e-10
16850 45.716286992896684 0.0027163044578418028 0.00011993780544187471 0.00032671225442748586 8.594236433623337e-13 -6.775403853416517e-10
16860 45.74343447615107 0.00271325566108958 0.00012032480692735636 0.00031199811848514614 8.600342660258775e-13 -5.945302629112997e-10
16870 45.770558249181626 0.0027123249255645984 0.00012050893984134588 0.0003667786316926547 8.604228440844963e-13 -4.382163580575124e-10
16880 45.79769072920979 0.0027139945094333748 0.00012035339597852882 0.00034445094543911203 8.609224444455776e-13 -4.541115655100239e-10
16890 45.82484086422789 0.002715993080751276 0.00012016842429345041 0.0003440236947823694 8.614775559578902e-13 -6.177680403769139e-10
16900 45.85200193909591 0.0027153389734594757 0.0001203956650883461 0.00033287606551624105 8.619216451677403e-13 -6.702003102513897e-10
16910 45.87913729870543 0.0027123392241265526 0.0001207603244961537 0.00030242827865223365 8.623102232263591e-13 -5.264696075796131e-10
16920 45.906261234942924 0.0027129823929973695 0.00012079170152456461 0.00037873679494593304 8.630318681923654e-13 -4.1550277634589246e-10
16930 45.93340045281118 0.0027146592648257684 0.00012057836373504471 0.00031327320058693875 8.636424908559093e-13 -5.146756371956627e-10
16940 45.96055812004798 0.0027164085288810653 0.00012052341731901715 0.0003351407797000938 8.640865800657593e-13 -6.651219029514537e-10
16950 45.98771199775377 0.00271398221206345 0.00012088087244217205 0.0003192340098092661 8.645306692756094e-13 -6.274670821618871e-10
16960 46.0148380740829 0.002712114369536333 0.00012114257830965005 0.00035090137301707625 8.65085780787922e-13 -4.639030414538144e-10
16970 46.04196706649349 0.002713699468790639 0.00012103913024583992 0.00036414385556027273 8.656408923002346e-13 -4.3105792551267964e-10
16980 46.06911331712651 0.0027155052127090535 0.00012082812040340544 0.00034156436547561064 8.660294703588534e-13 -5.834845324841667e-10
16990 46.096274780535964 0.002715954218462036 0.00012095602037105666 0.0003349491107053071 8.665290707199347e-13 -6.790282159280457e-10
17000 46.12341691438336 0.0027127511981332674 0.00012134218618449595 0.00030471817245947275 8.671396933834785e-13 -5.634126904443904e-10
17010 46.15053967612053 0.002712578493842085 0.00012145427310301468 0.0003780320126521852 8.675837825933286e-13 -4.2337624644944125e-10
17020 46.1776755388967 0.002714344680846228 0.00012127116664347975 0.0003263268100511807 8.681944052568724e-13 -4.798942837521737e-10
17030 46.204829257992756 0.002716202472968545 0.00012113888199356434 0.0003450459183464982 8.685829833154912e-13 -6.428023336188396e-10
17040 46.23198777780658 0.002714784656800954 0.00012143502680544639 0.0003299888460309708 8.693046282814976e-13 -6.543231110742436e-10
17050 46.259118263751716 0.0027121053565825172 0.00012176231679832265 0.0003269366071100288 8.697487174913476e-13 -4.95828371633103e-10
17060 46.28624390523889 0.0027133304545867293 0.00012172348903412916 0.00037753078364743953 8.703593401548915e-13 -4.1791061258268647e-10
17070 46.31338679258643 0.0027150637305628873 0.00012150503020239406 0.0003316243313045142 8.708034293647415e-13 -5.466198487770468e-10
17080 46.3405464022625 0.0027162782302855354 0.0001215318431634055 0.00033024396004621703 8.715805854819791e-13 -6.761418881381931e-10
17090 46.36769545059883 0.0027133795378556824 0.00012191308985445668 0.0003176108996867377 8.718581412381354e-13 -5.994662327299394e-10
17100 46.394818957578664 0.0027122318867266243 0.000122104931041017 0.00036892863308857216 8.724687639016793e-13 -4.416488199460167e-10
17110 46.421951086301625 0.002714063049568592 0.00012195434257010007 0.0003513152334443381 8.728018308090668e-13 -4.501866258249665e-10
17120 46.44910103092182 0.0027158098599504737 0.00012177613739386528 0.0003485770098876628 8.734679646238419e-13 -6.130592127701062e-10
17130 46.476261744741954 0.002715516089447453 0.00012198307328044931 0.00033783603015036245 8.73912053833692e-13 -6.722353403099124e-10
17140 46.50339834876322 0.0027123483296093123 0.0001223505812285254 0.0003072378872636117 8.743006318923108e-13 -5.314942354501043e-10
17150 46.530521504142676 0.0027128834836005512 0.00012238749880702878 0.0003835807008125691 8.749112545558546e-13 -4.161354151890895e-10
17160 46.55766108373826 0.002714729229149517 0.0001221849843000968 0.00031389144453441986 8.753553437657047e-13 -5.096449859354202e-10
17170 46.584817554488026 0.002716277709577665 0.00012212143749889317 0.0003410436142563533 8.759659664292485e-13 -6.621010580076803e-10
17180 46.61197247078978 0.002714150559863083 0.00012246638108708407 0.00032399865722743115 8.765765890927923e-13 -6.318834362001313e-10
17190 46.63909896700399 0.002712050959488442 0.00012273630233952033 0.00035135541605280096 8.771872117563362e-13 -4.681898540734308e-10
17200 46.66622711956663 0.002713718853727557 0.00012263664649026323 0.00037064555560173407 8.775202786637237e-13 -4.2847146317082085e-10
17210 46.69337374990553 0.00271538841134051 0.0001224362177660231 0.0003448956769397382 8.781864124784988e-13 -5.784705795972012e-10
17220 46.720534216678125 0.0027160326095968163 0.00012254554306074123 0.00033929607750848856 8.784639682346551e-13 -6.791229492826567e-10
17230 46.74767777551905 0.002712845419657414 0.0001229305210805571 0.0003111101264836602 8.789635685957364e-13 -5.68553771445636e-10
17240 46.774800106204324 0.0027124330000453997 0.00012305019671776952 0.0003814336979774957 8.795741912592803e-13 -4.256796049548553e-10
17250 46.801935930383785 0.0027144616314713084 0.00012287236042641368 0.0003335523187579792 8.801848139228241e-13 -4.752565743021669e-10
17260 46.82908897082282 0.0027160270661292954 0.0001227414938844247 0.00035037176772301226 8.808509477375992e-13 -6.387417869150718e-10
17270 46.856247746429915 0.002714942064979341 0.00012302004835384938 0.00033557406353612595 8.814060592499118e-13 -6.575814736083284e-10
17280 46.8833793109874 0.0027121150860574534 0.0001233541608452432 0.00032580420221262063 8.817946373085306e-13 -5.006044929922387e-10
17290 46.910503869452874 0.0027132666514338476 0.00012332155413807464 0.0003832431993253671 8.821277042159181e-13 -4.170967672862781e-10
17300 46.93764733542395 0.0027150450134626708 0.00012311459307377394 0.00033340679320514877 8.825162822745369e-13 -5.414607885012194e-10
17310 46.964805779310765 0.0027162474922150415 0.0001231286848223948 0.00033350060876702337 8.830713937868495e-13 -6.743941642776712e-10
17320 46.99195597917318 0.0027135364410310414 0.0001235025521821993 0.0003234210552904848 8.834599718454683e-13 -6.0444209718396e-10
17330 47.01907969551149 0.0027120924009304877 0.00012370341840051537 0.0003706680914712379 8.842371279627059e-13 -4.4514881114640557e-10
17340 47.04621119801864 0.002714156580118438 0.00012355500421409545 0.0003583853198083631 8.849587729287123e-13 -4.46490934829719e-10
17350 47.073361085270705 0.0027156640671950442 0.0001233848137994099 0.0003529053086545053 8.855138844410249e-13 -6.084108206057571e-10
17360 47.10052131805364 0.00271560455626501 0.00012357248500861968 0.00034302838486577336 8.859579736508749e-13 -6.73769009478225e-10
17370 47.12765937478898 0.0027124468328208755 0.0001239422176454388 0.00031163368879094655 8.862910405582625e-13 -5.36594889853437e-10
17380 47.15478159558274 0.002712745318891013 0.000123985953700503 0.00038805610844072636 8.86846152070575e-13 -4.171368459084449e-10
17390 47.181921481843176 0.002714785417980377 0.00012379037653294735 0.0003146406715283101 8.874012635828876e-13 -5.045672632048818e-10
17400 47.20907710459133 0.0027161727670016126 0.0001237221037326236 0.0003470859983374375 8.879008639439689e-13 -6.589656101194845e-10
17410 47.23623253186362 0.0027143223512670297 0.0001240532499521362 0.00032871295110958876 8.884559754562815e-13 -6.361330657383719e-10
17420 47.26335993962375 0.002711968096957295 0.00012433220661029948 0.0003514363990837488 8.888445535149003e-13 -4.724598235425828e-10
17430 47.29048701060846 0.0027137331162441253 0.00012423552308453605 0.00037718649794937775 8.892886427247504e-13 -4.2627166596878596e-10
17440 47.317633967543706 0.002715326945408096 0.0001240442432189167 0.00034782844944281077 8.898992653882942e-13 -5.734650263336527e-10
17450 47.344793561256466 0.002716018700411697 0.0001241377211110897 0.0003436731874292276 8.903433545981443e-13 -6.787600247484815e-10
17460 47.371938519714995 0.0027130179112074496 0.0001245200501372933 0.00031779246213647916 8.909539772616881e-13 -5.737755791324073e-10
17470 47.399060430761494 0.0027122681253291497 0.00012464895230373494 0.00038434423571387377 8.913980664715382e-13 -4.2818466480798456e-10
17480 47.426195979293745 0.0027145282896019816 0.00012447327288490776 0.00034101745381431847 8.92008689135082e-13 -4.707070965642712e-10
17490 47.45334877507713 0.002715915819188707 0.0001243461856932684 0.00035566452229751633 8.923972671937008e-13 -6.346994735340061e-10
17500 47.48050730311725 0.0027150724876872897 0.0001246068837307894 0.0003411996405652262 8.927303341010884e-13 -6.604696286410805e-10
17510 47.50764030595746 0.002712117702025054 0.0001249467085797782 0.00032440836373648363 8.933964679158635e-13 -5.053993432525133e-10
17520 47.534763712885145 0.0027131923814911678 0.00012491903385018755 0.00038879102306932367 8.938405571257135e-13 -4.16680148718207e-10
17530 47.561907445369634 0.0027150757649260174 0.0001247204796356201 0.0003347007227706422 8.944511797892574e-13 -5.36285892430155e-10
17540 47.58906512377788 0.00271614153000589 0.00012472731823621287 0.0003387253258104739 8.948397578478762e-13 -6.723699080141143e-10
17550 47.61621625781698 0.002713748853024107 0.00012509337250141418 0.0003293326192982393 8.955058916626513e-13 -6.09352200642288e-10
17560 47.643340257717696 0.0027119620529495593 0.00012530429216057068 0.000371899079923077 8.955614028138825e-13 -4.487374733949667e-10
17570 47.67047091949257 0.0027141662216639494 0.00012515642286889118 0.0003655777813383887 8.963385589311201e-13 -4.4303827707176113e-10
17580 47.69762110163749 0.0027156170532294187 0.00012499433962043647 0.00035701385276676323 8.967826481409702e-13 -6.03789370931529e-10
17590 47.724780518224335 0.0027156469583971875 0.00012516416368359365 0.0003481065496666602 8.974487819557453e-13 -6.748915066124433e-10
17600 47.751920188948226 0.0027125345422853975 0.00012553503411772253 0.0003160716602714775 8.978928711655954e-13 -5.41727664463143e-10
17610 47.779041624430974 0.0027126207004276436 0.0001255873296089539 0.0003921981498761218 8.982259380729829e-13 -4.1843220967112404e-10
17620 47.80618130694226 0.0027148600928201027 0.0001253949044914503 0.0003188005857678311 8.98892071887758e-13 -4.995445291417714e-10
17630 47.83333667720622 0.002716025936613869 0.00012532522780933934 0.0003530673935301376 8.997247391562269e-13 -6.557032100630963e-10
17640 47.86049231660677 0.0027145245559769197 0.00012564159530894134 0.0003339934443791215 9.001133172148457e-13 -6.401338425363046e-10
17650 47.887620657997914 0.0027119139436494856 0.00012592989374185282 0.00035108612729506383 9.00612917575927e-13 -4.767955047306634e-10
17660 47.91474664021174 0.0027136516967248264 0.00012583629898106017 0.0003836637052108127 9.010014956345458e-13 -4.243878206726122e-10
17670 47.941894040301726 0.0027153763722055097 0.00012565182101407395 0.0003504109613484685 9.016121182980896e-13 -5.684760567977331e-10
17680 47.96905267409961 0.002715957137449889 0.00012573257300614723 0.0003477164406957556 9.020006963567084e-13 -6.780800783945749e-10
17690 47.99619899830311 0.0027131654520840044 0.0001261105555265762 0.00032404758937309985 9.026668301714835e-13 -5.789437961046207e-10
17700 48.023320780456245 0.002712153776289521 0.0001262502908862156 0.0003868460231953863 9.032774528350274e-13 -4.3087157277640934e-10
17710 48.050455503788726 0.002714570279130396 0.0001260740463292806 0.000348583029525118 9.036660308936462e-13 -4.663269532458135e-10
17720 48.0776086454603 0.0027157990404343005 0.0001259522129935786 0.0003607100843102673 9.041101201034962e-13 -6.306077469196926e-10
17730 48.104766679272124 0.002715210246318916 0.0001261955673143932 0.00034686830790731094 9.047762539182713e-13 -6.630123695118511e-10
17740 48.13190099980719 0.002712150917547532 0.00012654051143325083 0.00032270228089126274 9.053313654305839e-13 -5.102532849891722e-10
17750 48.15902350835972 0.0027130378437716326 0.0001265193178659707 0.0003940888700896261 9.056644323379714e-13 -4.165635913942474e-10
17760 48.18616733917964 0.002715195228670361 0.00012632439644627398 0.0003356193143161379 9.062750550015153e-13 -5.311480909808155e-10
17770 48.21332437395873 0.0027160062480853665 0.0001263254470967861 0.00034525953185748914 9.067746553625966e-13 -6.701563837419261e-10
17780 48.240476275202845 0.0027139156842149086 0.00012668140014290456 0.0003345876138869386 9.073297668749092e-13 -6.14074989859284e-10
17790 48.267600861164134 0.0027119106141229687 0.00012690561757638146 0.00037275165564654156 9.078293672359905e-13 -4.5242989259522415e-10
17800 48.294730258031215 0.0027141198957974268 0.00012675891404177189 0.00037270417789869725 9.083844787483031e-13 -4.398609235092138e-10
17810 48.32188110274413 0.002715585229862784 0.0001266036266169443 0.0003607134811633994 9.087730568069219e-13 -5.991533874941113e-10
17820 48.34903963712878 0.0027156873069540286 0.0001267580722031999 0.00035300897255918784 9.093836794704657e-13 -6.756680570943474e-10
17830 48.37618061988675 0.0027126429306148347 0.0001271285836793567 0.0003202450272214996 9.09883279831547e-13 -5.46883123855868e-10
17840 48.4033017153802 0.002712447298592175 0.0001271914104935832 0.00039597470773544696 9.104383913438596e-13 -4.19951063507229e-10
17850 48.43044084510852 0.002714978879702593 0.00012699854544634477 0.00032668331518970195 9.108269694024784e-13 -4.946108227849022e-10
17860 48.45759614087216 0.0027158831443438334 0.0001269298007501665 0.0003589163885501234 9.114375920660223e-13 -6.523820407500214e-10
17870 48.484751831242825 0.002714658597884756 0.0001272313146472094 0.00034031939130052535 9.119371924271036e-13 -6.438246021381322e-10
17880 48.511881311814804 0.002711950676891379 0.00012752885005551937 0.00035045784028098215 9.124923039394162e-13 -4.81186121330246e-10
17890 48.53900599444699 0.002713510861048648 0.00012743935984725323 0.0003898741455552468 9.128253708468037e-13 -4.228499269481878e-10
17900 48.56615389520257 0.002715432173625549 0.00012725813707522603 0.0003525106957862345 9.13324971207885e-13 -5.634654236252867e-10
17910 48.59331174574961 0.00271590862833105 0.00012732969422867167 0.00035134280311999166 9.138800827201976e-13 -6.771296787166925e-10
17920 48.62045898596366 0.0027133154051161364 0.00012770176861429862 0.00033029534386730397 9.14379683081279e-13 -5.840680786239894e-10
17930 48.64758116502306 0.002712020843395703 0.0001278538164078656 0.0003889722608879653 9.14823772291129e-13 -4.3366657747484494e-10
17940 48.67471472145333 0.002714618093957642 0.00012767518635908547 0.0003562813449164981 9.153233726522103e-13 -4.6213773953474035e-10
17950 48.70186825768062 0.0027157168599587175 0.00012755837889101188 0.00036543056450466516 9.157674618620604e-13 -6.265511388794248e-10
17960 48.729025823919805 0.002715266217578603 0.00012778598279168394 0.00035269491472278425 9.164335956768355e-13 -6.651529185297891e-10
17970 48.75616150012303 0.0027122733375015773 0.0001281350731280616 0.0003242058375212409 9.170442183403793e-13 -5.151473880175665e-10
17980 48.783283103279395 0.0027128424683298736 0.00012812258706445875 0.00039895919674881597 9.173217740965356e-13 -4.167815894923904e-10
17990 48.810426867557034 0.0027152866732093827 0.00012792714592461122 0.0003360917116190798 9.17821374457617e-13 -5.259704086453391e-10
18000 48.837583606764156 0.002715921737426174 0.00012792536906735391 0.00035186685766241954 9.18487508272392e-13 -6.678325937540446e-10
18010 48.864735790448705 0.0027140590071061664 0.00012826952403241796 0.0003395870595096495 9.189871086334733e-13 -6.18643256518438e-10
18020 48.89186144872166 0.002711859138643616 0.00012850571000039252 0.0003733101594249888 9.193756866920921e-13 -4.5612263538229033e-10
18030 48.918989392969905 0.002714067222668003 0.00012836076757173962 0.0003797652943096086 9.20208353960561e-13 -4.3701083520911087e-10
18040 48.94614070363595 0.0027155940765744117 0.00012821051759541474 0.0003639558309629365 9.205969320191798e-13 -5.945456147606199e-10
18050 48.97329867816406 0.002715653224930107 0.00012835418135428994 0.0003578404803228352 9.212075546827236e-13 -6.760402512703204e-10
18060 49.000440812931714 0.0027128267978526526 0.000128722736740988 0.000323576510695478 9.21707155043805e-13 -5.520795948282127e-10
18070 49.027561680513166 0.0027122593965271027 0.00012879812299526492 0.00039925683230979114 9.220402219511925e-13 -4.2168630084125083e-10
18080 49.05470004901292 0.00271503255131874 0.0001286024667993541 0.00033479083295373524 9.225398223122738e-13 -4.897006866800714e-10
18090 49.08185560193501 0.002715832030851048 0.0001285352500883242 0.00036464915198863856 9.231504449758177e-13 -6.491124143414167e-10
18100 49.10901097232221 0.0027147427379779444 0.00012882246442122018 0.00034665966529534575 9.235390230344365e-13 -6.472078168816735e-10
18110 49.13614191791903 0.002711991598031505 0.00012912881051097355 0.000349660498985771 9.24094134546749e-13 -4.85548865928052e-10
18120 49.16326531025683 0.0027133769924243393 0.0001290454990011885 0.0003958248883000337 9.247047572102929e-13 -4.2170914095041696e-10
18130 49.19041327903963 0.002715503959535902 0.00012886353265400887 0.0003541245385201286 9.250933352689117e-13 -5.584075478829776e-10
18140 49.21757090779984 0.0027158149839431084 0.00012892899217555436 0.0003547002432737756 9.255374244787617e-13 -6.759214955998809e-10
18150 49.24471875211023 0.002713515103643831 0.0001292937855482971 0.0003366278533439848 9.260925359910743e-13 -5.891693351722446e-10
18160 49.27184143522615 0.0027118947128959786 0.00012945914807974794 0.00039064142858513673 9.265921363521556e-13 -4.3652331261408855e-10
18170 49.298973735920626 0.002714580347625896 0.0001292779526574265 0.00036404175749582546 9.271472478644682e-13 -4.581390828772153e-10
18180 49.326127796555724 0.002715746098668635 0.00012916447871897052 0.00036987260173870773 9.27757870528012e-13 -6.225771660359203e-10
18190 49.353284745519126 0.0027152604015336724 0.00012937816938991294 0.00035834153195768437 9.283129820403246e-13 -6.668973940790468e-10
18200 49.380421871643335 0.0027123901497859417 0.000129730179667528 0.000328022916012638 9.287570712501747e-13 -5.200547926326182e-10
18210 49.40754273850929 0.0027126823652526455 0.00012972890403687004 0.0004034453585455289 9.293121827624873e-13 -4.1731394555266643e-10
18220 49.43468588807836 0.0027153532519830106 0.00012952968491916202 0.0003361511295629782 9.297562719723373e-13 -5.207488364133983e-10
18230 49.46184294924551 0.002715828293231089 0.00012952680560421076 0.0003583485787275187 9.302003611821874e-13 -6.654557547364215e-10
18240 49.4889950844983 0.0027142220576663752 0.00012985881726558157 0.0003445324800208649 9.308664949969625e-13 -6.23021246572153e-10
18250 49.5161218012735 0.0027118245270992707 0.00013010688827571324 0.00037352116632016763 9.313105842068126e-13 -4.598127837686372e-10
18260 49.54324842873809 0.002713932532558479 0.00012996501265008316 0.000386694511444019 9.318101845678939e-13 -4.344937552108741e-10
18270 49.57040006216962 0.0027157033558966137 0.00012981446200038965 0.00036684160172484326 9.321987626265127e-13 -5.899254054003711e-10
18280 49.59755755324323 0.0027155691217354066 0.00012994926406660723 0.00036228289976336647 9.328648964412878e-13 -6.761076282169043e-10
18290 49.62470074695521 0.002712984352929995 0.00013031638142032453 0.00032763803473367936 9.335310302560629e-13 -5.572780032575553e-10
18300 49.651821632759734 0.0027121396470228968 0.00013040710515975628 0.0004021339377207056 9.33753074860988e-13 -4.2356452806951994e-10
18310 49.67895874871134 0.0027150265407021564 0.00013020749265818283 0.0003429411980214736 9.343636975245317e-13 -4.848985137029249e-10
18320 49.70611503974981 0.0027157984077008264 0.00013014139020316683 0.0003700812202470649 9.349743201880756e-13 -6.458717696951333e-10
18330 49.73326990000332 0.0027148312689289577 0.00013041516456398081 0.0003529141296569893 9.356404540028507e-13 -6.502506867374705e-10
18340 49.76040211662619 0.002712046322033836 0.00013072935046810078 0.00034864089211750215 9.360290320614695e-13 -4.899567968680817e-10
18350 49.7875246048536 0.002713186242998153 0.00013065469917547797 0.0004014875579959609 9.36584143573782e-13 -4.2088017240208414e-10
18360 49.81467228632745 0.0027156428013271543 0.00013046827812792137 0.00035540960443880554 9.368616993299383e-13 -5.53285433270369e-10
18370 49.841829891869885 0.002715699915030449 0.00013053017690137876 0.0003575349752376056 9.37416810842251e-13 -6.746162088877293e-10
18380 49.86897820932702 0.0027136654083732593 0.00013088658034257674 0.00034226795743441674 9.37860900052101e-13 -5.941252268733433e-10
18390 49.89610160501221 0.002711862209556366 0.00013106565314732562 0.000391978453558095 9.385825450181073e-13 -4.3941969033225507e-10
18400 49.92323236194317 0.0027144677907385557 0.0001308826762564852 0.0003716566851540426 9.390266342279574e-13 -4.544287502020625e-10
18410 49.95038717233009 0.002715797029238847 0.00013077004751269001 0.00037389604248572184 9.394152122865762e-13 -6.185547984277472e-10
18420 49.97754353525759 0.0027152672911588444 0.00013097202276429601 0.00036367252168778563 9.399703237988888e-13 -6.683256183948641e-10
18429 50.0 0.0007435110214615293 0.0001312812544757733 0.00032945301662545834 9.404144130087388e-13 -5.555151267421292e-10
